LT_Tracking_Code__c,LT_Shipper__c,LT_Origin_Marketplace__c,LT_Collection_Type__c,LT_Package_Type__c,LT_Sender_Name__c,LT_Recipient_Name__c,LT_Recipient_Phone__c,LT_Dest_Street__c,LT_Dest_District__c,LT_Dest_City__c,LT_Dest_State__c,LT_Dest_ZIP__c,LT_Weight_Kg__c,LT_Declared_Value__c,LT_Status__c,LT_Current_Holder__c,LT_Posted_Date__c,LT_Collected_Date__c,LT_SLA_Deadline__c,LT_Delivered_Date__c,LT_Delivery_Attempts__c,LT_Destination_CD__r.Unit_Code__c,LT_Delivery_Base__r.Unit_Code__c,LT_Last_Mile_Driver__c,LT_Value_Reimbursed__c
LT77120001BR,001g800000kdoNSAAY,Loja Propria,Coleta no DropOff,Envelope,Xitou Marketplace,Gabriela Almeida,(42) 92935-1333,"Av. das Torres, 1408",Bairro Alto,Foz do Iguacu,PR,86438-501,9.68,859.58,Entregue,Entregue,2026-08-26T17:00:00.000Z,2026-08-27T01:00:00.000Z,2026-08-29,2026-08-28T09:00:00.000Z,0,PR SJS,ARP-PR,a0Fg8000006qKooEAE,false
LT77120002BR,001g800000kdqDzAAI,Shopee,Coleta no Seller,Volume Grande,Casa e Cor Online,Rafaela Ribeiro,(48) 94577-4403,"Av. das Torres, 2999",Boa Vista,Cascavel,PR,86438-756,17.172,1009.65,Retido,Base de Entrega,2026-08-23T01:00:00.000Z,2026-08-23T16:00:00.000Z,2026-08-29,,0,PR SJS,ARP-PR,,false
LT77120003BR,001g800000kdoNZAAY,Amazon,Coleta no Seller,Pacote,FerramentasMax,Gabriela Silva,(46) 92567-7540,"Rua Sao Paulo, 3737",Sao Cristovao,Santa Maria,RS,86216-565,8.725,787.89,Em Transferencia,Em Transferencia,2026-08-15T05:00:00.000Z,2026-08-15T19:00:00.000Z,2026-08-20,,0,RS NSR,,,false
LT77120004BR,001g800000kdoNYAAY,Loja Propria,Coleta no Seller,Envelope,AutoPecas do Sul,Valentina Araujo,(49) 95554-7101,"Av. Sete de Setembro, 2018",Centro,Lages,SC,83597-241,1.87,1179.94,Entregue,Entregue,2026-09-01T21:00:00.000Z,2026-09-02T04:00:00.000Z,2026-09-08,2026-09-04T04:00:00.000Z,0,SC BNU,TUB-SC,a0Fg8000006qKp3EAE,false
LT77120005BR,001g800000kdqE4AAI,Shopee,Coleta no DropOff,Pacote,Confeccoes Vale do Itajai,Gabriela Ribeiro,(45) 94011-8452,"Rua Santa Catarina, 2856",Industrial,Ponta Grossa,PR,87636-299,1.832,707.57,Entregue,Entregue,2026-08-04T23:00:00.000Z,2026-08-05T17:00:00.000Z,2026-08-09,2026-08-07T11:00:00.000Z,0,PR SJS,ARP-PR,a0Fg8000006qKonEAE,false
LT77120006BR,001g800000kdqE2AAI,AliExpress,Coleta no Seller,Pacote,Moveis Serra Sul,Henrique Costa,(45) 94355-7971,"Rua Sao Paulo, 2228",Bairro Alto,Passo Fundo,RS,88852-947,13.433,1132.45,Entregue,Entregue,2026-08-16T10:00:00.000Z,2026-08-17T12:00:00.000Z,2026-08-21,2026-08-19T21:00:00.000Z,0,RS NSR,POA-RS,a0Fg8000006qKp7EAE,false
LT77120007BR,001g800000kdoNTAAY,TikTok Shop,Coleta no Seller,Pacote,Compria Marketplace,Lucas Pereira,(46) 92840-4539,"Av. Brasil, 3979",Bairro Alto,Paranagua,PR,99810-591,14.668,449.38,Entregue,Entregue,2026-08-19T06:00:00.000Z,2026-08-19T22:00:00.000Z,2026-08-25,2026-08-22T08:00:00.000Z,0,PR SJS,F ARP-PR,a0Fg8000006qKpEEAU,false
LT77120008BR,001g800000kdqE4AAI,Amazon,Coleta no Seller,Pacote,Confeccoes Vale do Itajai,Henrique Almeida,(45) 97610-4820,"Av. Getulio Vargas, 2488",Vila Nova,Sao Jose,SC,97886-427,1.318,201.73,Entregue,Entregue,2026-08-18T17:00:00.000Z,2026-08-19T22:00:00.000Z,2026-08-22,2026-08-22T06:00:00.000Z,0,SC BNU,TUB-SC,a0Fg8000006qKopEAE,false
LT77120009BR,001g800000kdoNVAAY,TikTok Shop,Coleta no Seller,Pacote,VendeMais Online,Thiago Souza,(44) 91788-7738,"Rua Marechal Deodoro, 1127",Jardim America,Canoas,RS,97163-435,12.153,632.8,Em Rota de Entrega,Motorista Last Mile,2026-09-04T03:00:00.000Z,2026-09-04T15:00:00.000Z,2026-09-10,,0,RS NSR,POA-RS,a0Fg8000006qKp7EAE,false
LT77120010BR,001g800000kdoNZAAY,Loja Propria,Coleta no Seller,Envelope,FerramentasMax,Pedro Nascimento,(41) 96552-4852,"Rua XV de Novembro, 377",Cidade Alta,Blumenau,SC,91158-682,4.134,1036.49,Entregue,Entregue,2026-09-02T05:00:00.000Z,2026-09-03T02:00:00.000Z,2026-09-07,2026-09-04T19:00:00.000Z,0,SC BNU,F JOI-SC,a0Fg8000006qKp4EAE,false
LT77120011BR,001g800000kdqE0AAI,Magalu,Coleta no Seller,Pacote,PetLar Suprimentos,Sofia Pereira,(42) 98431-1914,"Rua XV de Novembro, 3577",Sao Cristovao,Tubarao,SC,86228-760,12.347,1009.84,Entregue,Entregue,2026-08-12T08:00:00.000Z,2026-08-12T13:00:00.000Z,2026-08-17,2026-08-15T19:00:00.000Z,0,SC BNU,TUB-SC,a0Fg8000006qKopEAE,false
LT77120012BR,001g800000kdqE0AAI,Amazon,Coleta no Seller,Pacote,PetLar Suprimentos,Daniel Carvalho,(45) 95357-8380,"Av. das Torres, 815",Jardim America,Ponta Grossa,PR,96196-441,10.801,988.5,Entregue,Entregue,2026-08-15T04:00:00.000Z,2026-08-15T21:00:00.000Z,2026-08-20,2026-08-18T06:00:00.000Z,0,PR SJS,ALM-PR,a0Fg8000006qKp5EAE,false
LT77120013BR,001g800000kdqkEAAQ,Mercado Livre,Coleta no DropOff,Volume Grande,Marilia Fontes Atelie,Valentina Ribeiro,(44) 99354-3914,"Rua Sao Paulo, 584",Sao Cristovao,Criciuma,SC,92708-551,1.21,729.14,Em Rota de Entrega,Motorista Last Mile,2026-08-26T16:00:00.000Z,2026-08-27T06:00:00.000Z,2026-08-31,,0,SC BNU,CCM-SC,a0Fg8000006qKorEAE,false
LT77120014BR,001g800000kdqkEAAQ,Shein,Coleta no DropOff,Caixa,Marilia Fontes Atelie,Lucas Araujo,(47) 98994-4270,"Rua Parana, 1386",Centro,Rio Grande,RS,95480-779,2.758,1164.17,Tentativa de Entrega,Motorista Last Mile,2026-08-19T15:00:00.000Z,2026-08-20T10:00:00.000Z,2026-08-22,,1,RS NSR,F PET-RS,a0Fg8000006qKowEAE,false
LT77120015BR,001g800000kdoNYAAY,Shopee,Coleta no Seller,Pacote,AutoPecas do Sul,Thiago Oliveira,(44) 92200-7070,"Av. das Torres, 1710",Sao Cristovao,Itajai,SC,96153-404,8.356,606.03,Entregue,Entregue,2026-08-26T08:00:00.000Z,2026-08-26T16:00:00.000Z,2026-09-02,2026-08-28T04:00:00.000Z,0,SC BNU,SJE-SC,a0Fg8000006qKpHEAU,false
LT77120016BR,001g800000kdqE0AAI,Magalu,Coleta no Seller,Pacote,PetLar Suprimentos,Valentina Ferreira,(46) 99546-7767,"Av. das Torres, 2950",Vila Nova,Londrina,PR,88828-114,11.727,426.03,Entregue,Entregue,2026-08-11T09:00:00.000Z,2026-08-12T06:00:00.000Z,2026-08-17,2026-08-14T17:00:00.000Z,0,PR SJS,F LOD-PR,a0Fg8000006qKotEAE,false
LT77120017BR,001g800000kdqkEAAQ,Amazon,Coleta no Seller,Volume Grande,Marilia Fontes Atelie,Lucas Souza,(45) 96848-5363,"Rua Parana, 1415",Industrial,Canoas,RS,86543-524,16.167,351.35,Devolvido ao Remetente,Devolvido,2026-07-31T14:00:00.000Z,2026-08-01T00:00:00.000Z,2026-08-04,,3,RS NSR,CXJ-RS,a0Fg8000006qKosEAE,false
LT77120018BR,001g800000kdqkEAAQ,Shopee,Coleta no Seller,Pacote,Marilia Fontes Atelie,Rafaela Carvalho,(41) 97451-5616,"Av. das Torres, 1152",Jardim America,Curitiba,PR,94351-262,7.651,622.62,Recebido na Base,Base de Entrega,2026-08-06T21:00:00.000Z,2026-08-07T23:00:00.000Z,2026-08-11,,0,PR SJS,ARP-PR,,false
LT77120019BR,001g800000kdqE2AAI,Shopee,Coleta no Seller,Envelope,Moveis Serra Sul,Bruno Ferreira,(49) 92550-8307,"Av. Brasil, 3915",Cidade Alta,Blumenau,SC,92891-409,13.354,652.31,Em Triagem no SC,Centro de Distribuicao,2026-08-05T07:00:00.000Z,2026-08-05T21:00:00.000Z,2026-08-09,,0,SC BNU,,,false
LT77120020BR,001g800000kdoNXAAY,Amazon,Coleta no DropOff,Envelope,Livraria Pagina Viva,Gabriela Pereira,(42) 91858-7251,"Rua Santa Catarina, 3568",Centro,Gravatai,RS,81133-679,15.877,160.1,Entregue,Entregue,2026-08-25T19:00:00.000Z,2026-08-26T07:00:00.000Z,2026-08-30,2026-08-27T18:00:00.000Z,0,RS NSR,POA-RS,a0Fg8000006qKp7EAE,false
LT77120021BR,001g800000kdoNYAAY,Shopee,Coleta no Seller,Envelope,AutoPecas do Sul,Sofia Barbosa,(48) 94673-8711,"Av. Getulio Vargas, 2319",Centro,Londrina,PR,81813-678,1.429,178.24,Entregue,Entregue,2026-08-07T21:00:00.000Z,2026-08-08T13:00:00.000Z,2026-08-10,2026-08-11T05:00:00.000Z,0,PR SJS,ARP-PR,a0Fg8000006qKooEAE,false
LT77120022BR,001g800000kdqDzAAI,Magalu,Coleta no Seller,Pacote,Casa e Cor Online,Pedro Lima,(49) 95782-9975,"Av. Sete de Setembro, 3771",Industrial,Sao Leopoldo,RS,96460-199,8.237,191.53,Entregue,Entregue,2026-08-20T19:00:00.000Z,2026-08-21T17:00:00.000Z,2026-08-24,2026-08-24T16:00:00.000Z,0,RS NSR,CXJ-RS,a0Fg8000006qKosEAE,false
LT77120023BR,001g800000kdqE0AAI,Amazon,Coleta no Seller,Envelope,PetLar Suprimentos,Joao Araujo,(49) 97099-4448,"Rua Marechal Deodoro, 816",Jardim America,Sao Jose dos Pinhais,PR,93691-425,2.495,937.07,Entregue,Entregue,2026-09-05T10:00:00.000Z,2026-09-06T11:00:00.000Z,2026-09-09,2026-09-08T21:00:00.000Z,0,PR SJS,ARP-PR,a0Fg8000006qKpJEAU,false
LT77120024BR,001g800000kdoNaAAI,Amazon,Coleta no Seller,Caixa,Distribuidora Farmasul,Nicolas Almeida,(41) 94466-8220,"Av. Sete de Setembro, 1308",Jardim America,Canoas,RS,96948-766,9.433,1029.13,Entregue,Entregue,2026-08-01T00:00:00.000Z,2026-08-02T02:00:00.000Z,2026-08-08,2026-08-05T23:00:00.000Z,0,RS NSR,CXJ-RS,a0Fg8000006qKosEAE,false
LT77120025BR,001g800000kdqDxAAI,AliExpress,Coleta no DropOff,Pacote,ModaMix Confeccoes,Felipe Santos,(41) 94721-2376,"Av. Getulio Vargas, 1584",Jardim America,Criciuma,SC,93684-628,12.654,20.31,Entregue,Entregue,2026-08-11T14:00:00.000Z,2026-08-11T20:00:00.000Z,2026-08-18,2026-08-14T15:00:00.000Z,0,SC BNU,TUB-SC,a0Fg8000006qKopEAE,false
LT77120026BR,001g800000kdqE4AAI,Magalu,Coleta no DropOff,Volume Grande,Confeccoes Vale do Itajai,Daniel Ribeiro,(46) 97591-9365,"Rua XV de Novembro, 2641",Boa Vista,Pelotas,RS,99303-867,16.405,513.52,Entregue,Entregue,2026-08-29T21:00:00.000Z,2026-08-30T02:00:00.000Z,2026-09-05,2026-09-01T20:00:00.000Z,0,RS NSR,F CNS-RS,a0Fg8000006qKpKEAU,false
LT77120027BR,001g800000kdqDxAAI,Shopee,Coleta no DropOff,Envelope,ModaMix Confeccoes,Rafaela Lima,(45) 93983-5163,"Rua Santa Catarina, 1690",Jardim America,Alvorada,RS,84431-126,10.109,1025.36,Entregue,Entregue,2026-08-08T18:00:00.000Z,2026-08-09T15:00:00.000Z,2026-08-12,2026-08-12T05:00:00.000Z,0,RS NSR,F PET-RS,a0Fg8000006qKowEAE,false
LT77120028BR,001g800000kdoNYAAY,Shopee,Coleta no Seller,Envelope,AutoPecas do Sul,Henrique Nascimento,(45) 96600-5430,"Av. das Torres, 3884",Vila Nova,Joinville,SC,89606-430,12.625,356.83,Entregue,Entregue,2026-09-02T03:00:00.000Z,2026-09-02T11:00:00.000Z,2026-09-07,2026-09-05T01:00:00.000Z,0,SC BNU,CCM-SC,a0Fg8000006qKpIEAU,false
LT77120029BR,001g800000kdoNWAAY,Amazon,Coleta no Seller,Pacote,Calcados Prime,Carla Almeida,(43) 94361-6831,"Av. Sete de Setembro, 2017",Centro,Passo Fundo,RS,94862-157,13.686,729.36,Sem Movimentacao,Base de Entrega,2026-08-24T07:00:00.000Z,2026-08-24T20:00:00.000Z,2026-08-29,,0,RS NSR,POA-RS,,false
LT77120030BR,001g800000kdoNVAAY,Magalu,Coleta no Seller,Pacote,VendeMais Online,Joao Almeida,(43) 93174-4931,"Av. Sete de Setembro, 1895",Centro,Curitiba,PR,92666-484,16.008,464.77,Retido,Base de Entrega,2026-08-14T01:00:00.000Z,2026-08-14T20:00:00.000Z,2026-08-17,,0,PR SJS,F ARP-PR,,false
LT77120031BR,001g800000kdoNaAAI,Magalu,Coleta no Seller,Pacote,Distribuidora Farmasul,Thiago Almeida,(45) 91844-7456,"Rua das Flores, 3708",Boa Vista,Caxias do Sul,RS,96304-286,8.458,1078.97,Entregue,Entregue,2026-08-13T16:00:00.000Z,2026-08-14T07:00:00.000Z,2026-08-19,2026-08-16T21:00:00.000Z,0,RS NSR,F CNS-RS,a0Fg8000006qKpKEAU,false
LT77120032BR,001g800000kdoNZAAY,Loja Propria,Coleta no Seller,Envelope,FerramentasMax,Felipe Carvalho,(45) 99477-5169,"Rua das Flores, 2115",Sao Cristovao,Pelotas,RS,91309-163,0.898,506.41,Entregue,Entregue,2026-08-08T07:00:00.000Z,2026-08-09T04:00:00.000Z,2026-08-13,2026-08-11T10:00:00.000Z,0,RS NSR,F PET-RS,a0Fg8000006qKowEAE,false
LT77120033BR,001g800000kdqE0AAI,Shein,Coleta no Seller,Envelope,PetLar Suprimentos,Olivia Santos,(43) 94383-7280,"Av. Sete de Setembro, 338",Bairro Alto,Alvorada,RS,85495-203,14.299,466.82,Sem Movimentacao,Base de Entrega,2026-09-03T22:00:00.000Z,2026-09-04T17:00:00.000Z,2026-09-08,,0,RS NSR,F CNS-RS,,false
LT77120034BR,001g800000kdqE0AAI,Shein,Coleta no DropOff,Caixa,PetLar Suprimentos,Olivia Araujo,(45) 97664-1554,"Rua das Flores, 98",Cidade Alta,Sao Jose dos Pinhais,PR,97456-459,9.414,1108.56,Entregue,Entregue,2026-07-28T12:00:00.000Z,2026-07-28T21:00:00.000Z,2026-08-03,2026-07-31T21:00:00.000Z,0,PR SJS,CIC-PR,a0Fg8000006qKp8EAE,false
LT77120035BR,001g800000kdoNaAAI,Amazon,Coleta no Seller,Pacote,Distribuidora Farmasul,Karina Barbosa,(46) 95465-1105,"Av. das Torres, 2578",Centro,Foz do Iguacu,PR,99404-540,13.911,718.1,Entregue,Entregue,2026-08-30T21:00:00.000Z,2026-08-31T09:00:00.000Z,2026-09-04,2026-09-02T16:00:00.000Z,0,PR SJS,F LOD-PR,a0Fg8000006qKotEAE,false
LT77120036BR,001g800000kdqE2AAI,Magalu,Coleta no Seller,Volume Grande,Moveis Serra Sul,Olivia Ferreira,(41) 93391-6335,"Rua Parana, 1899",Sao Cristovao,Sapucaia do Sul,RS,91254-532,11.005,858.11,Entregue,Entregue,2026-08-12T11:00:00.000Z,2026-08-12T18:00:00.000Z,2026-08-19,2026-08-15T15:00:00.000Z,0,RS NSR,F PET-RS,a0Fg8000006qKowEAE,false
LT77120037BR,001g800000kdoNYAAY,TikTok Shop,Coleta no DropOff,Volume Grande,AutoPecas do Sul,Carla Santos,(44) 99710-2731,"Rua das Flores, 3182",Boa Vista,Ponta Grossa,PR,95900-605,0.438,136.45,Entregue,Entregue,2026-08-19T00:00:00.000Z,2026-08-19T23:00:00.000Z,2026-08-25,2026-08-23T03:00:00.000Z,0,PR SJS,CIC-PR,a0Fg8000006qKp8EAE,false
LT77120038BR,001g800000kdoNTAAY,Magalu,Coleta no Seller,Pacote,Compria Marketplace,Karina Ferreira,(46) 97544-9265,"Av. das Torres, 758",Industrial,Cascavel,PR,89622-454,12.313,771.56,Sem Movimentacao,Base de Entrega,2026-08-08T14:00:00.000Z,2026-08-08T23:00:00.000Z,2026-08-13,,0,PR SJS,ARP-PR,,false
LT77120039BR,001g800000kdoNUAAY,TikTok Shop,Coleta no Seller,Volume Grande,ShopLivre,Lucas Souza,(43) 97389-1243,"Rua Sao Paulo, 2627",Cidade Alta,Joinville,SC,93426-360,17.946,588.1,Em Triagem no SC,Centro de Distribuicao,2026-09-04T08:00:00.000Z,2026-09-04T20:00:00.000Z,2026-09-09,,0,SC BNU,,,false
LT77120040BR,001g800000kdqDyAAI,AliExpress,Coleta no DropOff,Pacote,TechNova BR,Karina Lima,(44) 91876-5957,"Rua Parana, 262",Industrial,Balneario Camboriu,SC,80775-624,1.902,743.35,Entregue,Entregue,2026-08-31T10:00:00.000Z,2026-08-31T23:00:00.000Z,2026-09-03,2026-09-03T06:00:00.000Z,0,SC BNU,CCM-SC,a0Fg8000006qKorEAE,false
LT77120041BR,001g800000kdqDxAAI,Loja Propria,Coleta no Seller,Pacote,ModaMix Confeccoes,Eduarda Carvalho,(43) 98757-7840,"Av. Brasil, 3183",Vila Nova,Apucarana,PR,86462-140,0.432,848.56,Entregue,Entregue,2026-08-03T15:00:00.000Z,2026-08-04T21:00:00.000Z,2026-08-07,2026-08-06T20:00:00.000Z,0,PR SJS,ARP-PR,a0Fg8000006qKonEAE,false
LT77120042BR,001g800000kdoNSAAY,AliExpress,Coleta no DropOff,Pacote,Xitou Marketplace,Felipe Carvalho,(49) 93262-7966,"Av. Sete de Setembro, 2820",Cidade Alta,Toledo,PR,86535-441,10.345,776.03,Entregue,Entregue,2026-08-12T17:00:00.000Z,2026-08-12T23:00:00.000Z,2026-08-17,2026-08-15T01:00:00.000Z,0,PR SJS,ALM-PR,a0Fg8000006qKp5EAE,false
LT77120043BR,001g800000kdqDyAAI,AliExpress,Coleta no Seller,Volume Grande,TechNova BR,Henrique Araujo,(47) 95998-2358,"Av. Sete de Setembro, 2858",Centro,Sao Jose,SC,98893-659,8.551,1108.76,Retido,Base de Entrega,2026-08-05T10:00:00.000Z,2026-08-06T03:00:00.000Z,2026-08-10,,0,SC BNU,F JOI-SC,,false
LT77120044BR,001g800000kdoNVAAY,TikTok Shop,Coleta no Seller,Caixa,VendeMais Online,Thiago Rodrigues,(46) 95667-2097,"Av. Brasil, 2040",Vila Nova,Pelotas,RS,90279-446,14.654,818.23,Entregue,Entregue,2026-08-06T06:00:00.000Z,2026-08-06T22:00:00.000Z,2026-08-09,2026-08-10T04:00:00.000Z,0,RS NSR,F CNS-RS,a0Fg8000006qKpKEAU,false
LT77120045BR,001g800000kdqkEAAQ,Loja Propria,Coleta no DropOff,Caixa,Marilia Fontes Atelie,Carla Almeida,(42) 92134-9196,"Rua Parana, 527",Jardim America,Novo Hamburgo,RS,86614-944,11.274,1036.19,Em Rota de Entrega,Motorista Last Mile,2026-08-29T00:00:00.000Z,2026-08-29T05:00:00.000Z,2026-09-05,,0,RS NSR,CXJ-RS,a0Fg8000006qKosEAE,false
LT77120046BR,001g800000kdqDyAAI,Shein,Coleta no DropOff,Envelope,TechNova BR,Valentina Araujo,(42) 98713-7806,"Av. Brasil, 2413",Centro,Alvorada,RS,90382-378,8.669,1190.97,Entregue,Entregue,2026-08-23T17:00:00.000Z,2026-08-24T00:00:00.000Z,2026-08-29,2026-08-25T12:00:00.000Z,0,RS NSR,F CNS-RS,a0Fg8000006qKpKEAU,false
LT77120047BR,001g800000kdoNXAAY,TikTok Shop,Coleta no Seller,Volume Grande,Livraria Pagina Viva,Gabriela Rodrigues,(43) 93366-8074,"Av. Brasil, 1748",Bairro Alto,Passo Fundo,RS,97114-474,15.452,629.13,Entregue,Entregue,2026-08-30T08:00:00.000Z,2026-08-31T08:00:00.000Z,2026-09-06,2026-09-03T05:00:00.000Z,0,RS NSR,CXJ-RS,a0Fg8000006qKosEAE,false
LT77120048BR,001g800000kdoNaAAI,Shein,Coleta no DropOff,Volume Grande,Distribuidora Farmasul,Carla Souza,(47) 97196-4076,"Av. das Torres, 851",Cidade Alta,Sao Jose,SC,98254-736,11.806,619.76,Entregue,Entregue,2026-08-12T10:00:00.000Z,2026-08-13T07:00:00.000Z,2026-08-17,2026-08-15T12:00:00.000Z,0,SC BNU,F JOI-SC,a0Fg8000006qKp4EAE,false
LT77120049BR,001g800000kdqE1AAI,Amazon,Coleta no Seller,Volume Grande,SuplementaBR,Sofia Souza,(45) 97064-5790,"Rua Marechal Deodoro, 1711",Cidade Alta,Cascavel,PR,85308-822,12.546,676.71,Entregue,Entregue,2026-08-13T23:00:00.000Z,2026-08-15T03:00:00.000Z,2026-08-16,2026-08-16T19:00:00.000Z,0,PR SJS,F ARP-PR,a0Fg8000006qKpEEAU,false
LT77120050BR,001g800000kdqDyAAI,Magalu,Coleta no Seller,Pacote,TechNova BR,Karina Almeida,(47) 98021-1376,"Rua Parana, 2167",Jardim America,Lages,SC,89984-503,2.892,259.04,Coletado,Motorista de Coleta,2026-08-06T11:00:00.000Z,2026-08-07T15:00:00.000Z,2026-08-09,,0,,,,false
LT77120051BR,001g800000kdqE2AAI,Shein,Coleta no Seller,Caixa,Moveis Serra Sul,Bruno Souza,(42) 91740-7282,"Av. Sete de Setembro, 144",Vila Nova,Novo Hamburgo,RS,88352-823,13.3,421.74,Entregue,Entregue,2026-09-03T06:00:00.000Z,2026-09-04T08:00:00.000Z,2026-09-08,2026-09-06T11:00:00.000Z,0,RS NSR,F PET-RS,a0Fg8000006qKowEAE,false
LT77120052BR,001g800000kdqDxAAI,Loja Propria,Coleta no Seller,Envelope,ModaMix Confeccoes,Pedro Souza,(45) 96638-6379,"Av. Getulio Vargas, 706",Cidade Alta,Curitiba,PR,87176-412,16.132,285.42,Entregue,Entregue,2026-08-21T18:00:00.000Z,2026-08-22T22:00:00.000Z,2026-08-27,2026-08-26T04:00:00.000Z,0,PR SJS,ARP-PR,a0Fg8000006qKooEAE,false
LT77120053BR,001g800000kdoNZAAY,Loja Propria,Coleta no Seller,Caixa,FerramentasMax,Ana Rodrigues,(49) 95411-1707,"Av. Sete de Setembro, 2947",Vila Nova,Balneario Camboriu,SC,80212-830,17.733,830.33,Sem Movimentacao,Base de Entrega,2026-08-26T06:00:00.000Z,2026-08-26T20:00:00.000Z,2026-09-01,,0,SC BNU,TUB-SC,,false
LT77120054BR,001g800000kdqE2AAI,AliExpress,Coleta no Seller,Pacote,Moveis Serra Sul,Sofia Silva,(41) 92879-5929,"Rua das Flores, 3609",Vila Nova,Lages,SC,84980-818,7.565,654.33,Entregue,Entregue,2026-08-26T22:00:00.000Z,2026-08-27T15:00:00.000Z,2026-08-31,2026-08-30T03:00:00.000Z,0,SC BNU,CCM-SC,a0Fg8000006qKorEAE,false
LT77120055BR,001g800000kdoNUAAY,Shopee,Coleta no Seller,Pacote,ShopLivre,Isabela Nascimento,(46) 91328-3804,"Av. das Torres, 3513",Vila Nova,Itajai,SC,81596-688,4.763,600.59,Sem Movimentacao,Base de Entrega,2026-08-19T02:00:00.000Z,2026-08-20T00:00:00.000Z,2026-08-25,,0,SC BNU,F JOI-SC,,false
LT77120056BR,001g800000kdqkEAAQ,Magalu,Coleta no Seller,Pacote,Marilia Fontes Atelie,Nicolas Rodrigues,(49) 96447-6700,"Av. Brasil, 1201",Jardim America,Pelotas,RS,85775-345,2.54,395.24,Em Rota de Entrega,Motorista Last Mile,2026-08-15T17:00:00.000Z,2026-08-16T15:00:00.000Z,2026-08-19,,0,RS NSR,F PET-RS,a0Fg8000006qKowEAE,false
LT77120057BR,001g800000kdqkEAAQ,Mercado Livre,Coleta no Seller,Pacote,Marilia Fontes Atelie,Olivia Santos,(47) 94976-1350,"Rua das Flores, 291",Boa Vista,Sapucaia do Sul,RS,87793-664,16.884,1054.01,Entregue,Entregue,2026-08-22T16:00:00.000Z,2026-08-23T11:00:00.000Z,2026-08-28,2026-08-24T19:00:00.000Z,0,RS NSR,POA-RS,a0Fg8000006qKp7EAE,false
LT77120058BR,001g800000kdqDyAAI,Loja Propria,Coleta no DropOff,Pacote,TechNova BR,Pedro Costa,(44) 92032-5158,"Rua XV de Novembro, 3090",Centro,Guarapuava,PR,99783-455,16.211,835.13,Em Triagem no SC,Centro de Distribuicao,2026-08-28T15:00:00.000Z,2026-08-29T02:00:00.000Z,2026-09-02,,0,PR SJS,,,false
LT77120059BR,001g800000kdqDxAAI,Amazon,Coleta no DropOff,Caixa,ModaMix Confeccoes,Carla Ribeiro,(42) 94663-6768,"Rua Santa Catarina, 2669",Jardim America,Sao Jose dos Pinhais,PR,99306-613,14.331,489.44,Entregue,Entregue,2026-07-30T22:00:00.000Z,2026-07-31T04:00:00.000Z,2026-08-06,2026-08-02T14:00:00.000Z,0,PR SJS,F ARP-PR,a0Fg8000006qKpEEAU,false
LT77120060BR,001g800000kdqE4AAI,AliExpress,Coleta no DropOff,Pacote,Confeccoes Vale do Itajai,Daniel Almeida,(41) 96339-5320,"Av. Sete de Setembro, 3889",Sao Cristovao,Balneario Camboriu,SC,88295-163,14.548,176.64,Entregue,Entregue,2026-08-09T03:00:00.000Z,2026-08-10T04:00:00.000Z,2026-08-14,2026-08-11T17:00:00.000Z,0,SC BNU,CCM-SC,a0Fg8000006qKorEAE,false
LT77120061BR,001g800000kdoNWAAY,Loja Propria,Coleta no DropOff,Pacote,Calcados Prime,Gabriela Lima,(46) 92048-6549,"Av. Getulio Vargas, 3242",Industrial,Paranagua,PR,99166-450,0.218,120.15,Tentativa de Entrega,Motorista Last Mile,2026-09-01T18:00:00.000Z,2026-09-02T23:00:00.000Z,2026-09-06,,2,PR SJS,F LOD-PR,a0Fg8000006qKotEAE,false
LT77120062BR,001g800000kdqE2AAI,Loja Propria,Coleta no DropOff,Pacote,Moveis Serra Sul,Carla Oliveira,(42) 99037-3110,"Rua XV de Novembro, 944",Jardim America,Caxias do Sul,RS,86133-273,3.683,635.22,Entregue,Entregue,2026-08-15T19:00:00.000Z,2026-08-16T14:00:00.000Z,2026-08-21,2026-08-18T13:00:00.000Z,0,RS NSR,F CNS-RS,a0Fg8000006qKpKEAU,false
LT77120063BR,001g800000kdqE4AAI,Shein,Coleta no DropOff,Envelope,Confeccoes Vale do Itajai,Henrique Almeida,(47) 92112-5827,"Av. das Torres, 3931",Bairro Alto,Tubarao,SC,84598-416,5.968,1066.22,Em Triagem na Base,Base de Entrega,2026-08-11T05:00:00.000Z,2026-08-11T21:00:00.000Z,2026-08-15,,0,SC BNU,SJE-SC,,false
LT77120064BR,001g800000kdoNUAAY,Magalu,Coleta no Seller,Caixa,ShopLivre,Eduarda Lima,(46) 91026-9114,"Av. Getulio Vargas, 1749",Boa Vista,Itajai,SC,96527-503,16.239,938.53,Sem Movimentacao,Base de Entrega,2026-09-01T05:00:00.000Z,2026-09-01T21:00:00.000Z,2026-09-06,,0,SC BNU,CCM-SC,,false
LT77120065BR,001g800000kdqDyAAI,TikTok Shop,Coleta no Seller,Pacote,TechNova BR,Felipe Pereira,(48) 99466-5371,"Rua Parana, 631",Sao Cristovao,Chapeco,SC,84557-787,7.997,1103.94,Entregue,Entregue,2026-08-17T01:00:00.000Z,2026-08-17T18:00:00.000Z,2026-08-22,2026-08-20T10:00:00.000Z,0,SC BNU,F BLU-SC,a0Fg8000006qKp6EAE,false
LT77120066BR,001g800000kdoNUAAY,Shein,Coleta no Seller,Pacote,ShopLivre,Bruno Silva,(46) 91181-7750,"Av. das Torres, 2606",Jardim America,Rio Grande,RS,87513-543,12.351,130.75,Entregue,Entregue,2026-09-04T03:00:00.000Z,2026-09-04T18:00:00.000Z,2026-09-09,2026-09-06T16:00:00.000Z,0,RS NSR,CXJ-RS,a0Fg8000006qKosEAE,false
LT77120067BR,001g800000kdqkDAAQ,Mercado Livre,Coleta no Seller,Pacote,Joao Pedro Nogueira,Valentina Oliveira,(42) 97143-3942,"Rua Santa Catarina, 676",Jardim America,Sao Jose dos Pinhais,PR,90578-636,15.853,172.04,Entregue,Entregue,2026-07-29T00:00:00.000Z,2026-07-29T12:00:00.000Z,2026-08-02,2026-07-31T02:00:00.000Z,0,PR SJS,CIC-PR,a0Fg8000006qKp8EAE,false
LT77120068BR,001g800000kdqkDAAQ,AliExpress,Coleta no DropOff,Pacote,Joao Pedro Nogueira,Sofia Pereira,(43) 91095-4190,"Rua XV de Novembro, 1283",Vila Nova,Foz do Iguacu,PR,82871-669,13.608,538.89,Entregue,Entregue,2026-08-21T21:00:00.000Z,2026-08-22T10:00:00.000Z,2026-08-26,2026-08-25T05:00:00.000Z,0,PR SJS,CIC-PR,a0Fg8000006qKp8EAE,false
LT77120069BR,001g800000kdqDyAAI,Amazon,Coleta no DropOff,Pacote,TechNova BR,Bruno Pereira,(45) 95263-3020,"Rua Parana, 3026",Vila Nova,Jaragua do Sul,SC,96872-535,7.678,1142.58,Recebido na Base,Base de Entrega,2026-08-25T18:00:00.000Z,2026-08-26T22:00:00.000Z,2026-08-29,,0,SC BNU,CCM-SC,,false
LT77120070BR,001g800000kdqDyAAI,Mercado Livre,Coleta no Seller,Envelope,TechNova BR,Sofia Silva,(42) 94882-9004,"Rua Santa Catarina, 2596",Sao Cristovao,Balneario Camboriu,SC,87208-666,9.664,441.72,Devolvido ao Remetente,Devolvido,2026-08-09T21:00:00.000Z,2026-08-10T06:00:00.000Z,2026-08-12,,3,SC BNU,CCM-SC,a0Fg8000006qKpIEAU,false
LT77120071BR,001g800000kdqE0AAI,Loja Propria,Coleta no Seller,Envelope,PetLar Suprimentos,Lucas Ferreira,(48) 93854-9469,"Av. Sete de Setembro, 3116",Sao Cristovao,Alvorada,RS,84511-767,16.741,937.47,Em Rota de Entrega,Motorista Last Mile,2026-07-27T18:00:00.000Z,2026-07-28T17:00:00.000Z,2026-08-02,,0,RS NSR,POA-RS,a0Fg8000006qKp7EAE,false
LT77120072BR,001g800000kdqDxAAI,Mercado Livre,Coleta no Seller,Pacote,ModaMix Confeccoes,Thiago Santos,(47) 94417-8329,"Rua Sao Paulo, 795",Boa Vista,Blumenau,SC,82783-570,5.697,770.98,Entregue,Entregue,2026-08-12T21:00:00.000Z,2026-08-13T17:00:00.000Z,2026-08-17,2026-08-16T18:00:00.000Z,0,SC BNU,TUB-SC,a0Fg8000006qKopEAE,false
LT77120073BR,001g800000kdqE4AAI,TikTok Shop,Coleta no Seller,Pacote,Confeccoes Vale do Itajai,Thiago Barbosa,(46) 97302-1272,"Av. das Torres, 2061",Centro,Itajai,SC,90434-418,7.841,578.6,Entregue,Entregue,2026-07-31T22:00:00.000Z,2026-08-01T11:00:00.000Z,2026-08-07,2026-08-04T02:00:00.000Z,0,SC BNU,TUB-SC,a0Fg8000006qKopEAE,false
LT77120074BR,001g800000kdoNYAAY,Shopee,Coleta no Seller,Pacote,AutoPecas do Sul,Joao Ferreira,(46) 95724-2023,"Av. Sete de Setembro, 3043",Sao Cristovao,Colombo,PR,99126-766,7.858,1096.91,Entregue,Entregue,2026-08-31T13:00:00.000Z,2026-09-01T18:00:00.000Z,2026-09-07,2026-09-04T07:00:00.000Z,0,PR SJS,ALM-PR,a0Fg8000006qKp5EAE,false
LT77120075BR,001g800000kdoNWAAY,Mercado Livre,Coleta no Seller,Volume Grande,Calcados Prime,Rafaela Almeida,(49) 99140-7806,"Rua Santa Catarina, 1513",Vila Nova,Paranagua,PR,83233-127,1.342,1192.92,Entregue,Entregue,2026-08-13T04:00:00.000Z,2026-08-14T07:00:00.000Z,2026-08-18,2026-08-17T01:00:00.000Z,0,PR SJS,F LOD-PR,a0Fg8000006qKotEAE,false
LT77120076BR,001g800000kdqDxAAI,Magalu,Coleta no DropOff,Pacote,ModaMix Confeccoes,Sofia Barbosa,(48) 95813-1110,"Rua XV de Novembro, 2955",Centro,Londrina,PR,84337-664,8.063,220.53,Sem Movimentacao,Base de Entrega,2026-08-07T18:00:00.000Z,2026-08-08T17:00:00.000Z,2026-08-13,,0,PR SJS,CLB-PR,,false
LT77120077BR,001g800000kdqE0AAI,Mercado Livre,Coleta no Seller,Pacote,PetLar Suprimentos,Bruno Souza,(48) 94756-3057,"Av. Brasil, 1720",Cidade Alta,Balneario Camboriu,SC,83161-404,4.568,540.49,Em Rota de Entrega,Motorista Last Mile,2026-08-16T00:00:00.000Z,2026-08-17T04:00:00.000Z,2026-08-20,,0,SC BNU,TUB-SC,a0Fg8000006qKp3EAE,false
LT77120078BR,001g800000kdoNZAAY,AliExpress,Coleta no Seller,Pacote,FerramentasMax,Daniel Barbosa,(48) 95091-9319,"Av. Getulio Vargas, 2181",Jardim America,Pelotas,RS,83306-621,16.805,1072.7,Entregue,Entregue,2026-08-24T23:00:00.000Z,2026-08-25T18:00:00.000Z,2026-08-28,2026-08-29T05:00:00.000Z,0,RS NSR,POA-RS,a0Fg8000006qKp7EAE,false
LT77120079BR,001g800000kdqkEAAQ,TikTok Shop,Coleta no Seller,Pacote,Marilia Fontes Atelie,Rafaela Souza,(41) 94142-7622,"Av. das Torres, 3464",Vila Nova,Santa Maria,RS,99745-775,13.37,766.43,Entregue,Entregue,2026-08-31T15:00:00.000Z,2026-09-01T03:00:00.000Z,2026-09-05,2026-09-04T08:00:00.000Z,0,RS NSR,POA-RS,a0Fg8000006qKp7EAE,false
LT77120080BR,001g800000kdqE1AAI,TikTok Shop,Coleta no DropOff,Envelope,SuplementaBR,Henrique Almeida,(41) 92298-2668,"Rua XV de Novembro, 2011",Jardim America,Novo Hamburgo,RS,88408-589,13.831,881.11,Entregue,Entregue,2026-07-29T23:00:00.000Z,2026-07-31T01:00:00.000Z,2026-08-05,2026-08-01T17:00:00.000Z,0,RS NSR,F CNS-RS,a0Fg8000006qKpKEAU,false
LT77120081BR,001g800000kdqDzAAI,Shein,Coleta no Seller,Pacote,Casa e Cor Online,Olivia Oliveira,(44) 97278-2707,"Av. Sete de Setembro, 1923",Industrial,Sao Leopoldo,RS,93423-298,4.648,205.98,Tentativa de Entrega,Motorista Last Mile,2026-08-06T04:00:00.000Z,2026-08-06T13:00:00.000Z,2026-08-11,,1,RS NSR,POA-RS,a0Fg8000006qKp7EAE,false
LT77120082BR,001g800000kdoNUAAY,Magalu,Coleta no DropOff,Pacote,ShopLivre,Karina Rodrigues,(45) 91711-9596,"Rua Santa Catarina, 920",Jardim America,Alvorada,RS,80279-230,6.002,876.9,Entregue,Entregue,2026-08-19T18:00:00.000Z,2026-08-20T12:00:00.000Z,2026-08-24,2026-08-22T08:00:00.000Z,0,RS NSR,POA-RS,a0Fg8000006qKp7EAE,false
LT77120083BR,001g800000kdqE4AAI,Magalu,Coleta no DropOff,Pacote,Confeccoes Vale do Itajai,Bruno Araujo,(45) 97957-5181,"Rua das Flores, 381",Boa Vista,Sao Jose,SC,82472-590,12.348,560.75,Entregue,Entregue,2026-08-03T21:00:00.000Z,2026-08-04T05:00:00.000Z,2026-08-09,2026-08-06T14:00:00.000Z,0,SC BNU,CCM-SC,a0Fg8000006qKpIEAU,false
LT77120084BR,001g800000kdoNUAAY,Loja Propria,Coleta no DropOff,Volume Grande,ShopLivre,Nicolas Souza,(41) 92190-4042,"Rua XV de Novembro, 3621",Centro,Novo Hamburgo,RS,85962-335,8.562,459.77,Entregue,Entregue,2026-08-07T14:00:00.000Z,2026-08-08T16:00:00.000Z,2026-08-13,2026-08-10T02:00:00.000Z,0,RS NSR,POA-RS,a0Fg8000006qKp7EAE,false
LT77120085BR,001g800000kdqDyAAI,Shein,Coleta no Seller,Pacote,TechNova BR,Lucas Oliveira,(45) 95666-3512,"Av. Brasil, 2457",Cidade Alta,Lages,SC,91521-532,9.649,111.31,Tentativa de Entrega,Motorista Last Mile,2026-08-31T21:00:00.000Z,2026-09-01T11:00:00.000Z,2026-09-04,,1,SC BNU,F JOI-SC,a0Fg8000006qKp4EAE,false
LT77120086BR,001g800000kdqE4AAI,Mercado Livre,Coleta no DropOff,Volume Grande,Confeccoes Vale do Itajai,Lucas Ribeiro,(47) 97399-6934,"Rua Parana, 1791",Industrial,Ponta Grossa,PR,96238-153,5.141,1018.62,Extraviado,Base de Entrega,2026-08-20T09:00:00.000Z,2026-08-21T13:00:00.000Z,2026-08-25,,0,PR SJS,CLB-PR,a0Fg8000006qKp1EAE,true
LT77120087BR,001g800000kdqE0AAI,Mercado Livre,Coleta no DropOff,Envelope,PetLar Suprimentos,Isabela Barbosa,(47) 95814-9597,"Av. Getulio Vargas, 774",Centro,Colombo,PR,93781-145,6.837,308.52,Entregue,Entregue,2026-07-30T06:00:00.000Z,2026-07-31T00:00:00.000Z,2026-08-05,2026-08-02T23:00:00.000Z,0,PR SJS,F LOD-PR,a0Fg8000006qKotEAE,false
LT77120088BR,001g800000kdqE1AAI,Mercado Livre,Coleta no DropOff,Envelope,SuplementaBR,Joao Souza,(44) 91170-9018,"Av. Brasil, 979",Boa Vista,Lages,SC,97545-455,17.709,526.32,Em Rota de Entrega,Motorista Last Mile,2026-08-30T21:00:00.000Z,2026-08-31T21:00:00.000Z,2026-09-06,,0,SC BNU,SJE-SC,a0Fg8000006qKpHEAU,false
LT77120089BR,001g800000kdoNXAAY,Shopee,Coleta no Seller,Pacote,Livraria Pagina Viva,Olivia Silva,(48) 98708-3304,"Rua Sao Paulo, 3158",Jardim America,Canoas,RS,94703-194,3.968,1151.28,Retido,Base de Entrega,2026-09-04T05:00:00.000Z,2026-09-04T21:00:00.000Z,2026-09-07,,0,RS NSR,CXJ-RS,,false
LT77120090BR,001g800000kdqkDAAQ,Amazon,Coleta no DropOff,Pacote,Joao Pedro Nogueira,Ana Ribeiro,(44) 93254-4436,"Rua das Flores, 2312",Vila Nova,Maringa,PR,86767-434,14.406,320.38,Entregue,Entregue,2026-08-12T18:00:00.000Z,2026-08-12T22:00:00.000Z,2026-08-16,2026-08-15T08:00:00.000Z,0,PR SJS,ARP-PR,a0Fg8000006qKpJEAU,false
LT77120091BR,001g800000kdoNaAAI,Magalu,Coleta no Seller,Volume Grande,Distribuidora Farmasul,Mariana Carvalho,(44) 95830-7100,"Rua Parana, 3375",Industrial,Lages,SC,98201-381,9.094,241.05,Entregue,Entregue,2026-08-11T13:00:00.000Z,2026-08-12T07:00:00.000Z,2026-08-16,2026-08-14T21:00:00.000Z,0,SC BNU,CCM-SC,a0Fg8000006qKorEAE,false
LT77120092BR,001g800000kdoNSAAY,Shopee,Coleta no Seller,Pacote,Xitou Marketplace,Pedro Nascimento,(48) 91355-2172,"Rua Sao Paulo, 521",Jardim America,Foz do Iguacu,PR,90512-584,6.552,925.74,Entregue,Entregue,2026-08-14T03:00:00.000Z,2026-08-14T07:00:00.000Z,2026-08-20,2026-08-17T13:00:00.000Z,0,PR SJS,F ARP-PR,a0Fg8000006qKpEEAU,false
LT77120093BR,001g800000kdqkEAAQ,Shein,Coleta no Seller,Pacote,Marilia Fontes Atelie,Joao Rodrigues,(48) 95540-6289,"Rua Santa Catarina, 2090",Jardim America,Jaragua do Sul,SC,82849-725,7.362,811.75,Entregue,Entregue,2026-08-07T02:00:00.000Z,2026-08-08T05:00:00.000Z,2026-08-10,2026-08-10T16:00:00.000Z,0,SC BNU,CCM-SC,a0Fg8000006qKorEAE,false
LT77120094BR,001g800000kdqE1AAI,Magalu,Coleta no DropOff,Volume Grande,SuplementaBR,Nicolas Nascimento,(42) 91689-9362,"Rua Sao Paulo, 3677",Cidade Alta,Paranagua,PR,86738-782,3.571,1133.92,Entregue,Entregue,2026-08-08T03:00:00.000Z,2026-08-09T00:00:00.000Z,2026-08-12,2026-08-11T05:00:00.000Z,0,PR SJS,F ARP-PR,a0Fg8000006qKpEEAU,false
LT77120095BR,001g800000kdqDyAAI,Shopee,Coleta no DropOff,Envelope,TechNova BR,Thiago Lima,(44) 95005-8759,"Rua XV de Novembro, 2580",Jardim America,Joinville,SC,85173-304,13.805,746.12,Em Triagem no SC,Centro de Distribuicao,2026-09-03T16:00:00.000Z,2026-09-04T03:00:00.000Z,2026-09-10,,0,SC BNU,,,false
LT77120096BR,001g800000kdoNVAAY,TikTok Shop,Coleta no DropOff,Caixa,VendeMais Online,Lucas Ferreira,(46) 99120-8285,"Rua Parana, 3922",Centro,Colombo,PR,90505-155,12.133,369.75,Entregue,Entregue,2026-08-30T03:00:00.000Z,2026-08-31T07:00:00.000Z,2026-09-05,2026-09-03T00:00:00.000Z,0,PR SJS,F LOD-PR,a0Fg8000006qKotEAE,false
LT77120097BR,001g800000kdoNZAAY,Magalu,Coleta no Seller,Pacote,FerramentasMax,Bruno Pereira,(47) 94988-3671,"Rua das Flores, 2297",Jardim America,Colombo,PR,95620-472,10.867,450.93,Em Rota de Entrega,Motorista Last Mile,2026-07-28T18:00:00.000Z,2026-07-29T16:00:00.000Z,2026-08-01,,0,PR SJS,ARP-PR,a0Fg8000006qKooEAE,false
LT77120098BR,001g800000kdoNaAAI,Shopee,Coleta no DropOff,Pacote,Distribuidora Farmasul,Sofia Costa,(42) 93761-4745,"Rua Parana, 3296",Bairro Alto,Novo Hamburgo,RS,94277-671,15.185,806.77,Entregue,Entregue,2026-08-10T06:00:00.000Z,2026-08-11T04:00:00.000Z,2026-08-15,2026-08-13T06:00:00.000Z,0,RS NSR,F CNS-RS,a0Fg8000006qKpKEAU,false
LT77120099BR,001g800000kdoNTAAY,Magalu,Coleta no Seller,Envelope,Compria Marketplace,Joao Santos,(44) 96125-2964,"Rua Santa Catarina, 2431",Industrial,Foz do Iguacu,PR,91672-795,14.399,1158.93,Tentativa de Entrega,Motorista Last Mile,2026-09-05T02:00:00.000Z,2026-09-06T02:00:00.000Z,2026-09-10,,1,PR SJS,CLB-PR,a0Fg8000006qKp1EAE,false
LT77120100BR,001g800000kdoNUAAY,Magalu,Coleta no DropOff,Caixa,ShopLivre,Thiago Silva,(45) 99887-4634,"Av. Getulio Vargas, 2866",Industrial,Tubarao,SC,94903-589,13.738,159.87,Devolvido ao Remetente,Devolvido,2026-08-27T05:00:00.000Z,2026-08-28T04:00:00.000Z,2026-09-03,,3,SC BNU,F BLU-SC,a0Fg8000006qKp6EAE,false
LT77120101BR,001g800000kdoNWAAY,Mercado Livre,Coleta no Seller,Pacote,Calcados Prime,Bruno Ferreira,(47) 95557-6251,"Rua Marechal Deodoro, 3838",Bairro Alto,Londrina,PR,95100-550,10.399,296.68,Devolvido ao Remetente,Devolvido,2026-07-29T17:00:00.000Z,2026-07-29T21:00:00.000Z,2026-08-01,,3,PR SJS,ARP-PR,a0Fg8000006qKonEAE,false
LT77120102BR,001g800000kdoNTAAY,TikTok Shop,Coleta no DropOff,Volume Grande,Compria Marketplace,Bruno Silva,(46) 97610-7438,"Rua XV de Novembro, 2885",Jardim America,Porto Alegre,RS,95617-449,16.448,1075.57,Entregue,Entregue,2026-08-11T19:00:00.000Z,2026-08-12T04:00:00.000Z,2026-08-18,2026-08-14T04:00:00.000Z,0,RS NSR,F CNS-RS,a0Fg8000006qKpKEAU,false
LT77120103BR,001g800000kdqDzAAI,Mercado Livre,Coleta no DropOff,Envelope,Casa e Cor Online,Rafaela Souza,(48) 94604-5076,"Rua Santa Catarina, 2881",Bairro Alto,Gravatai,RS,92822-742,9.915,242.81,Entregue,Entregue,2026-08-18T14:00:00.000Z,2026-08-19T11:00:00.000Z,2026-08-25,2026-08-21T22:00:00.000Z,0,RS NSR,F PET-RS,a0Fg8000006qKowEAE,false
LT77120104BR,001g800000kdoNZAAY,AliExpress,Coleta no Seller,Pacote,FerramentasMax,Mariana Almeida,(44) 99713-3669,"Av. Sete de Setembro, 2731",Vila Nova,Tubarao,SC,86936-968,4.209,830.86,Entregue,Entregue,2026-07-31T09:00:00.000Z,2026-07-31T13:00:00.000Z,2026-08-05,2026-08-03T13:00:00.000Z,0,SC BNU,TUB-SC,a0Fg8000006qKp3EAE,false
LT77120105BR,001g800000kdqE4AAI,Amazon,Coleta no Seller,Volume Grande,Confeccoes Vale do Itajai,Lucas Silva,(41) 99542-3232,"Av. das Torres, 2456",Centro,Tubarao,SC,83997-453,12.783,504.2,Em Triagem na Base,Base de Entrega,2026-08-04T08:00:00.000Z,2026-08-05T07:00:00.000Z,2026-08-10,,0,SC BNU,CCM-SC,,false
LT77120106BR,001g800000kdqDyAAI,AliExpress,Coleta no Seller,Pacote,TechNova BR,Bruno Costa,(44) 99220-2951,"Rua Marechal Deodoro, 3825",Industrial,Ponta Grossa,PR,91118-573,11.385,299.06,Em Transferencia,Em Transferencia,2026-08-10T09:00:00.000Z,2026-08-11T08:00:00.000Z,2026-08-14,,0,PR SJS,,,false
LT77120107BR,001g800000kdoNaAAI,Amazon,Coleta no Seller,Pacote,Distribuidora Farmasul,Isabela Ferreira,(49) 97032-2484,"Rua das Flores, 357",Cidade Alta,Sapucaia do Sul,RS,81921-906,12.977,987.19,Entregue,Entregue,2026-09-05T00:00:00.000Z,2026-09-06T05:00:00.000Z,2026-09-12,2026-09-08T19:00:00.000Z,0,RS NSR,POA-RS,a0Fg8000006qKp7EAE,false
LT77120108BR,001g800000kdoNUAAY,Mercado Livre,Coleta no Seller,Caixa,ShopLivre,Bruno Ferreira,(46) 96460-9451,"Rua Santa Catarina, 2669",Sao Cristovao,Santa Maria,RS,87675-144,6.442,1170.82,Em Triagem no SC,Centro de Distribuicao,2026-08-21T15:00:00.000Z,2026-08-22T14:00:00.000Z,2026-08-24,,0,RS NSR,,,false
LT77120109BR,001g800000kdqE4AAI,Amazon,Coleta no DropOff,Pacote,Confeccoes Vale do Itajai,Felipe Nascimento,(44) 96611-7668,"Rua Santa Catarina, 935",Industrial,Itajai,SC,86947-399,17.026,1013.47,Entregue,Entregue,2026-09-03T05:00:00.000Z,2026-09-04T09:00:00.000Z,2026-09-07,2026-09-07T04:00:00.000Z,0,SC BNU,TUB-SC,a0Fg8000006qKopEAE,false
LT77120110BR,001g800000kdoNXAAY,Shopee,Coleta no Seller,Volume Grande,Livraria Pagina Viva,Lucas Pereira,(48) 98498-4498,"Rua Sao Paulo, 1245",Cidade Alta,Joinville,SC,98820-262,14.823,341.71,Em Rota de Entrega,Motorista Last Mile,2026-08-13T16:00:00.000Z,2026-08-14T11:00:00.000Z,2026-08-16,,0,SC BNU,F BLU-SC,a0Fg8000006qKp6EAE,false
LT77120111BR,001g800000kdqkDAAQ,Loja Propria,Coleta no Seller,Pacote,Joao Pedro Nogueira,Olivia Araujo,(49) 92312-4579,"Av. Sete de Setembro, 1555",Vila Nova,Londrina,PR,91864-718,8.732,146.54,Entregue,Entregue,2026-08-08T10:00:00.000Z,2026-08-09T13:00:00.000Z,2026-08-11,2026-08-12T04:00:00.000Z,0,PR SJS,ARP-PR,a0Fg8000006qKooEAE,false
LT77120112BR,001g800000kdqkEAAQ,AliExpress,Coleta no Seller,Pacote,Marilia Fontes Atelie,Carla Barbosa,(48) 92311-8432,"Rua Marechal Deodoro, 1153",Centro,Pelotas,RS,98644-252,17.408,1013.6,Entregue,Entregue,2026-07-30T14:00:00.000Z,2026-07-31T00:00:00.000Z,2026-08-05,2026-08-03T09:00:00.000Z,0,RS NSR,CXJ-RS,a0Fg8000006qKosEAE,false
LT77120113BR,001g800000kdqE1AAI,Shopee,Coleta no DropOff,Caixa,SuplementaBR,Joao Costa,(47) 93555-9694,"Rua Sao Paulo, 1952",Vila Nova,Jaragua do Sul,SC,91523-520,4.739,213.24,Entregue,Entregue,2026-08-31T11:00:00.000Z,2026-09-01T04:00:00.000Z,2026-09-06,2026-09-02T13:00:00.000Z,0,SC BNU,TUB-SC,a0Fg8000006qKp3EAE,false
LT77120114BR,001g800000kdqE0AAI,Shopee,Coleta no Seller,Volume Grande,PetLar Suprimentos,Isabela Ribeiro,(41) 99066-7003,"Rua Sao Paulo, 612",Cidade Alta,Sao Jose,SC,94431-428,13.28,906.77,Devolvido ao Remetente,Devolvido,2026-08-12T15:00:00.000Z,2026-08-13T18:00:00.000Z,2026-08-17,,3,SC BNU,TUB-SC,a0Fg8000006qKopEAE,false
LT77120115BR,001g800000kdqE4AAI,Loja Propria,Coleta no Seller,Caixa,Confeccoes Vale do Itajai,Thiago Carvalho,(44) 92900-6331,"Rua Sao Paulo, 2974",Centro,Sao Jose,SC,85818-609,13.48,357.02,Devolvido ao Remetente,Devolvido,2026-07-30T18:00:00.000Z,2026-07-30T22:00:00.000Z,2026-08-04,,3,SC BNU,TUB-SC,a0Fg8000006qKopEAE,false
LT77120116BR,001g800000kdoNSAAY,Mercado Livre,Coleta no Seller,Pacote,Xitou Marketplace,Karina Lima,(43) 94703-8609,"Av. das Torres, 3164",Sao Cristovao,Paranagua,PR,93969-145,6.032,373.27,Entregue,Entregue,2026-08-07T15:00:00.000Z,2026-08-07T20:00:00.000Z,2026-08-10,2026-08-11T07:00:00.000Z,0,PR SJS,ARP-PR,a0Fg8000006qKpJEAU,false
LT77120117BR,001g800000kdoNZAAY,Amazon,Coleta no Seller,Envelope,FerramentasMax,Gabriela Souza,(44) 99224-3489,"Rua Marechal Deodoro, 599",Industrial,Porto Alegre,RS,97544-873,1.47,1087.91,Retido,Base de Entrega,2026-08-19T21:00:00.000Z,2026-08-21T03:00:00.000Z,2026-08-26,,0,RS NSR,POA-RS,,false
LT77120118BR,001g800000kdqDzAAI,Shein,Coleta no DropOff,Envelope,Casa e Cor Online,Felipe Silva,(41) 96263-9163,"Rua XV de Novembro, 72",Boa Vista,Curitiba,PR,95167-575,5.287,566.0,Entregue,Entregue,2026-08-13T04:00:00.000Z,2026-08-14T03:00:00.000Z,2026-08-20,2026-08-16T21:00:00.000Z,0,PR SJS,CLB-PR,a0Fg8000006qKp1EAE,false
LT77120119BR,001g800000kdoNTAAY,Shein,Coleta no Seller,Pacote,Compria Marketplace,Eduarda Ribeiro,(49) 93020-7583,"Av. Brasil, 3080",Bairro Alto,Sapucaia do Sul,RS,87485-225,11.039,902.17,Entregue,Entregue,2026-08-11T16:00:00.000Z,2026-08-12T20:00:00.000Z,2026-08-18,2026-08-14T21:00:00.000Z,0,RS NSR,POA-RS,a0Fg8000006qKp7EAE,false
LT77120120BR,001g800000kdqkDAAQ,AliExpress,Coleta no DropOff,Envelope,Joao Pedro Nogueira,Karina Costa,(48) 97777-2945,"Rua das Flores, 3881",Cidade Alta,Cascavel,PR,81345-361,4.897,1103.2,Em Triagem na Base,Base de Entrega,2026-08-22T02:00:00.000Z,2026-08-23T02:00:00.000Z,2026-08-25,,0,PR SJS,ARP-PR,,false
LT77120121BR,001g800000kdoNVAAY,AliExpress,Coleta no Seller,Pacote,VendeMais Online,Daniel Oliveira,(43) 99239-3662,"Rua Parana, 2930",Boa Vista,Ponta Grossa,PR,92844-881,1.364,401.18,Entregue,Entregue,2026-08-21T22:00:00.000Z,2026-08-22T17:00:00.000Z,2026-08-27,2026-08-25T20:00:00.000Z,0,PR SJS,F ARP-PR,a0Fg8000006qKpEEAU,false
LT77120122BR,001g800000kdqDyAAI,Loja Propria,Coleta no Seller,Caixa,TechNova BR,Thiago Souza,(47) 97548-8008,"Av. Getulio Vargas, 1600",Industrial,Itajai,SC,95638-615,1.15,103.2,Entregue,Entregue,2026-08-16T03:00:00.000Z,2026-08-17T04:00:00.000Z,2026-08-21,2026-08-19T14:00:00.000Z,0,SC BNU,CCM-SC,a0Fg8000006qKpIEAU,false
LT77120123BR,001g800000kdoNTAAY,Magalu,Coleta no Seller,Envelope,Compria Marketplace,Karina Carvalho,(42) 97358-6943,"Av. das Torres, 3943",Sao Cristovao,Passo Fundo,RS,90707-489,11.691,383.42,Entregue,Entregue,2026-08-20T01:00:00.000Z,2026-08-21T03:00:00.000Z,2026-08-24,2026-08-23T15:00:00.000Z,0,RS NSR,F PET-RS,a0Fg8000006qKowEAE,false
LT77120124BR,001g800000kdoNSAAY,Shopee,Coleta no Seller,Pacote,Xitou Marketplace,Karina Araujo,(46) 97177-4872,"Rua das Flores, 1464",Sao Cristovao,Passo Fundo,RS,98977-801,5.249,395.54,Entregue,Entregue,2026-08-14T08:00:00.000Z,2026-08-15T09:00:00.000Z,2026-08-17,2026-08-18T04:00:00.000Z,0,RS NSR,F CNS-RS,a0Fg8000006qKpKEAU,false
LT77120125BR,001g800000kdoNTAAY,AliExpress,Coleta no Seller,Pacote,Compria Marketplace,Rafaela Araujo,(46) 98698-7720,"Rua Parana, 85",Vila Nova,Sao Jose dos Pinhais,PR,94795-235,17.629,115.6,Em Triagem no SC,Centro de Distribuicao,2026-08-03T18:00:00.000Z,2026-08-04T02:00:00.000Z,2026-08-10,,0,PR SJS,,,false
LT77120126BR,001g800000kdqDxAAI,Loja Propria,Coleta no Seller,Pacote,ModaMix Confeccoes,Nicolas Silva,(47) 91830-3465,"Rua Marechal Deodoro, 2142",Sao Cristovao,Blumenau,SC,91678-641,14.081,734.6,Entregue,Entregue,2026-08-25T19:00:00.000Z,2026-08-26T02:00:00.000Z,2026-08-31,2026-08-28T18:00:00.000Z,0,SC BNU,TUB-SC,a0Fg8000006qKp3EAE,false
LT77120127BR,001g800000kdoNWAAY,AliExpress,Coleta no Seller,Pacote,Calcados Prime,Daniel Almeida,(49) 97020-1197,"Rua Parana, 955",Jardim America,Palhoca,SC,95708-939,6.125,288.48,Coletado,Motorista de Coleta,2026-08-25T03:00:00.000Z,2026-08-25T09:00:00.000Z,2026-09-01,,0,,,,false
LT77120128BR,001g800000kdoNSAAY,TikTok Shop,Coleta no Seller,Pacote,Xitou Marketplace,Pedro Barbosa,(42) 94465-7002,"Rua XV de Novembro, 613",Sao Cristovao,Colombo,PR,97999-996,8.423,191.73,Entregue,Entregue,2026-08-13T10:00:00.000Z,2026-08-14T11:00:00.000Z,2026-08-16,2026-08-16T12:00:00.000Z,0,PR SJS,ARP-PR,a0Fg8000006qKonEAE,false
LT77120129BR,001g800000kdqDxAAI,Loja Propria,Coleta no Seller,Caixa,ModaMix Confeccoes,Karina Silva,(41) 91588-6618,"Rua Parana, 488",Jardim America,Sao Jose,SC,86871-260,9.647,568.58,Coletado,Motorista de Coleta,2026-08-10T01:00:00.000Z,2026-08-10T18:00:00.000Z,2026-08-16,,0,,,,false
LT77120130BR,001g800000kdoNaAAI,Shopee,Coleta no Seller,Pacote,Distribuidora Farmasul,Mariana Santos,(43) 96753-1005,"Rua Marechal Deodoro, 1682",Industrial,Londrina,PR,84487-948,9.855,379.91,Entregue,Entregue,2026-08-25T04:00:00.000Z,2026-08-25T10:00:00.000Z,2026-08-31,2026-08-27T05:00:00.000Z,0,PR SJS,F ARP-PR,a0Fg8000006qKpEEAU,false
LT77120131BR,001g800000kdoNTAAY,Mercado Livre,Coleta no Seller,Caixa,Compria Marketplace,Karina Almeida,(49) 94423-1607,"Rua Sao Paulo, 1304",Sao Cristovao,Foz do Iguacu,PR,86296-419,5.205,771.31,Extraviado,Base de Entrega,2026-08-24T02:00:00.000Z,2026-08-24T09:00:00.000Z,2026-08-30,,0,PR SJS,F LOD-PR,a0Fg8000006qKotEAE,true
LT77120132BR,001g800000kdqDzAAI,Shein,Coleta no Seller,Volume Grande,Casa e Cor Online,Carla Souza,(42) 95699-2874,"Rua Marechal Deodoro, 2808",Sao Cristovao,Pelotas,RS,96420-210,16.241,72.37,Entregue,Entregue,2026-08-23T14:00:00.000Z,2026-08-24T17:00:00.000Z,2026-08-30,2026-08-27T19:00:00.000Z,0,RS NSR,CXJ-RS,a0Fg8000006qKosEAE,false
LT77120133BR,001g800000kdqE1AAI,Shein,Coleta no Seller,Volume Grande,SuplementaBR,Joao Santos,(45) 94302-8861,"Rua Sao Paulo, 3017",Centro,Apucarana,PR,99932-357,6.006,1018.98,Entregue,Entregue,2026-08-17T21:00:00.000Z,2026-08-18T15:00:00.000Z,2026-08-23,2026-08-21T16:00:00.000Z,0,PR SJS,ARP-PR,a0Fg8000006qKooEAE,false
LT77120134BR,001g800000kdqDxAAI,TikTok Shop,Coleta no Seller,Volume Grande,ModaMix Confeccoes,Karina Nascimento,(41) 99908-6075,"Rua Parana, 574",Bairro Alto,Canoas,RS,89138-744,15.124,1056.1,Retido,Base de Entrega,2026-08-25T15:00:00.000Z,2026-08-26T16:00:00.000Z,2026-08-31,,0,RS NSR,CXJ-RS,,false
LT77120135BR,001g800000kdoNVAAY,AliExpress,Coleta no Seller,Pacote,VendeMais Online,Sofia Rodrigues,(45) 92150-6134,"Rua Parana, 3649",Industrial,Criciuma,SC,95583-206,8.484,569.14,Entregue,Entregue,2026-08-05T16:00:00.000Z,2026-08-06T17:00:00.000Z,2026-08-11,2026-08-09T01:00:00.000Z,0,SC BNU,TUB-SC,a0Fg8000006qKp3EAE,false
LT77120136BR,001g800000kdoNYAAY,TikTok Shop,Coleta no Seller,Pacote,AutoPecas do Sul,Isabela Silva,(43) 97470-8189,"Rua Sao Paulo, 475",Centro,Rio Grande,RS,95352-422,16.667,998.79,Em Rota de Entrega,Motorista Last Mile,2026-08-25T10:00:00.000Z,2026-08-25T21:00:00.000Z,2026-09-01,,0,RS NSR,CXJ-RS,a0Fg8000006qKosEAE,false
LT77120137BR,001g800000kdoNTAAY,Mercado Livre,Coleta no Seller,Volume Grande,Compria Marketplace,Thiago Oliveira,(47) 92943-8549,"Av. Sete de Setembro, 1447",Vila Nova,Passo Fundo,RS,90362-439,11.054,328.42,Entregue,Entregue,2026-08-05T10:00:00.000Z,2026-08-05T20:00:00.000Z,2026-08-09,2026-08-07T09:00:00.000Z,0,RS NSR,F CNS-RS,a0Fg8000006qKpKEAU,false
LT77120138BR,001g800000kdqE2AAI,Shopee,Coleta no Seller,Pacote,Moveis Serra Sul,Daniel Silva,(43) 93047-3764,"Rua Marechal Deodoro, 339",Industrial,Criciuma,SC,88986-877,14.123,763.53,Tentativa de Entrega,Motorista Last Mile,2026-07-30T05:00:00.000Z,2026-07-31T05:00:00.000Z,2026-08-04,,2,SC BNU,F JOI-SC,a0Fg8000006qKp4EAE,false
LT77120139BR,001g800000kdoNYAAY,Magalu,Coleta no DropOff,Pacote,AutoPecas do Sul,Valentina Araujo,(43) 98584-1939,"Av. das Torres, 622",Sao Cristovao,Sao Jose dos Pinhais,PR,95555-442,6.255,442.45,Retido,Base de Entrega,2026-08-08T20:00:00.000Z,2026-08-09T04:00:00.000Z,2026-08-11,,0,PR SJS,F LOD-PR,,false
LT77120140BR,001g800000kdqkEAAQ,AliExpress,Coleta no Seller,Pacote,Marilia Fontes Atelie,Felipe Carvalho,(45) 98920-9401,"Av. Sete de Setembro, 2403",Cidade Alta,Novo Hamburgo,RS,88909-937,15.016,315.57,Em Triagem no SC,Centro de Distribuicao,2026-08-03T06:00:00.000Z,2026-08-03T20:00:00.000Z,2026-08-10,,0,RS NSR,,,false
LT77120141BR,001g800000kdqkEAAQ,Mercado Livre,Coleta no Seller,Pacote,Marilia Fontes Atelie,Rafaela Lima,(49) 92063-7265,"Rua XV de Novembro, 619",Cidade Alta,Curitiba,PR,97593-761,4.273,896.1,Em Triagem no SC,Centro de Distribuicao,2026-09-02T03:00:00.000Z,2026-09-02T19:00:00.000Z,2026-09-08,,0,PR SJS,,,false
LT77120142BR,001g800000kdoNSAAY,AliExpress,Coleta no Seller,Envelope,Xitou Marketplace,Lucas Almeida,(41) 93606-5119,"Rua Sao Paulo, 3230",Sao Cristovao,Apucarana,PR,89918-449,11.402,1032.74,Entregue,Entregue,2026-08-23T19:00:00.000Z,2026-08-24T14:00:00.000Z,2026-08-26,2026-08-26T02:00:00.000Z,0,PR SJS,ALM-PR,a0Fg8000006qKp5EAE,false
LT77120143BR,001g800000kdoNaAAI,AliExpress,Coleta no DropOff,Pacote,Distribuidora Farmasul,Rafaela Pereira,(41) 91007-1198,"Av. Getulio Vargas, 3042",Boa Vista,Lages,SC,91580-351,5.204,828.11,Tentativa de Entrega,Motorista Last Mile,2026-08-14T17:00:00.000Z,2026-08-15T07:00:00.000Z,2026-08-19,,2,SC BNU,CCM-SC,a0Fg8000006qKpIEAU,false
LT77120144BR,001g800000kdqkDAAQ,Amazon,Coleta no DropOff,Pacote,Joao Pedro Nogueira,Eduarda Carvalho,(45) 92421-6137,"Av. Sete de Setembro, 2319",Sao Cristovao,Jaragua do Sul,SC,92939-158,1.2,696.46,Entregue,Entregue,2026-08-12T21:00:00.000Z,2026-08-13T02:00:00.000Z,2026-08-16,2026-08-16T15:00:00.000Z,0,SC BNU,CCM-SC,a0Fg8000006qKorEAE,false
LT77120145BR,001g800000kdoNTAAY,Mercado Livre,Coleta no Seller,Envelope,Compria Marketplace,Carla Almeida,(43) 95143-4742,"Rua Parana, 3395",Boa Vista,Caxias do Sul,RS,89329-835,10.697,1057.56,Em Triagem na Base,Base de Entrega,2026-08-05T12:00:00.000Z,2026-08-05T23:00:00.000Z,2026-08-10,,0,RS NSR,POA-RS,,false
LT77120146BR,001g800000kdoNWAAY,Shein,Coleta no DropOff,Envelope,Calcados Prime,Olivia Ribeiro,(41) 91010-3245,"Rua Santa Catarina, 107",Bairro Alto,Florianopolis,SC,89840-885,8.275,221.17,Em Triagem na Base,Base de Entrega,2026-07-30T13:00:00.000Z,2026-07-30T21:00:00.000Z,2026-08-05,,0,SC BNU,TUB-SC,,false
LT77120147BR,001g800000kdqDyAAI,TikTok Shop,Coleta no Seller,Pacote,TechNova BR,Joao Araujo,(45) 97082-2067,"Av. Getulio Vargas, 162",Industrial,Toledo,PR,97733-657,13.441,477.27,Em Rota de Entrega,Motorista Last Mile,2026-08-02T19:00:00.000Z,2026-08-03T00:00:00.000Z,2026-08-07,,0,PR SJS,ARP-PR,a0Fg8000006qKpJEAU,false
LT77120148BR,001g800000kdqE4AAI,Magalu,Coleta no Seller,Caixa,Confeccoes Vale do Itajai,Nicolas Araujo,(44) 95679-2240,"Av. Brasil, 748",Centro,Paranagua,PR,99220-841,4.572,627.45,Retido,Base de Entrega,2026-08-26T23:00:00.000Z,2026-08-27T11:00:00.000Z,2026-09-01,,0,PR SJS,CLB-PR,,false
LT77120149BR,001g800000kdqkDAAQ,Amazon,Coleta no Seller,Pacote,Joao Pedro Nogueira,Sofia Ribeiro,(42) 97495-1206,"Rua XV de Novembro, 827",Bairro Alto,Ponta Grossa,PR,88601-521,8.362,780.47,Entregue,Entregue,2026-08-06T23:00:00.000Z,2026-08-07T07:00:00.000Z,2026-08-09,2026-08-08T16:00:00.000Z,0,PR SJS,ARP-PR,a0Fg8000006qKooEAE,false
LT77120150BR,001g800000kdoNaAAI,Shein,Coleta no Seller,Pacote,Distribuidora Farmasul,Sofia Ribeiro,(42) 91065-7302,"Av. Getulio Vargas, 3832",Boa Vista,Jaragua do Sul,SC,80686-299,13.142,707.69,Entregue,Entregue,2026-08-31T20:00:00.000Z,2026-09-01T02:00:00.000Z,2026-09-03,2026-09-04T07:00:00.000Z,0,SC BNU,F BLU-SC,a0Fg8000006qKp6EAE,false
LT77120151BR,001g800000kdoNaAAI,Magalu,Coleta no DropOff,Pacote,Distribuidora Farmasul,Eduarda Ribeiro,(44) 95938-3610,"Rua Sao Paulo, 3028",Vila Nova,Blumenau,SC,84862-732,7.96,1101.97,Em Rota de Entrega,Motorista Last Mile,2026-08-02T04:00:00.000Z,2026-08-03T03:00:00.000Z,2026-08-07,,0,SC BNU,CCM-SC,a0Fg8000006qKorEAE,false
LT77120152BR,001g800000kdoNWAAY,Magalu,Coleta no Seller,Caixa,Calcados Prime,Sofia Rodrigues,(46) 94322-2683,"Rua Marechal Deodoro, 1680",Boa Vista,Tubarao,SC,88627-914,8.899,661.6,Entregue,Entregue,2026-08-24T21:00:00.000Z,2026-08-25T07:00:00.000Z,2026-08-30,2026-08-27T18:00:00.000Z,0,SC BNU,SJE-SC,a0Fg8000006qKpHEAU,false
LT77120153BR,001g800000kdoNSAAY,Shein,Coleta no Seller,Volume Grande,Xitou Marketplace,Felipe Carvalho,(49) 92686-6696,"Rua XV de Novembro, 316",Industrial,Cascavel,PR,97934-603,16.827,704.41,Entregue,Entregue,2026-08-19T04:00:00.000Z,2026-08-19T12:00:00.000Z,2026-08-25,2026-08-22T12:00:00.000Z,0,PR SJS,ARP-PR,a0Fg8000006qKooEAE,false
LT77120154BR,001g800000kdoNTAAY,Amazon,Coleta no DropOff,Pacote,Compria Marketplace,Bruno Ferreira,(46) 95444-5327,"Av. Sete de Setembro, 3693",Sao Cristovao,Ponta Grossa,PR,87586-935,2.801,303.01,Tentativa de Entrega,Motorista Last Mile,2026-08-26T19:00:00.000Z,2026-08-27T00:00:00.000Z,2026-08-30,,2,PR SJS,ARP-PR,a0Fg8000006qKooEAE,false
LT77120155BR,001g800000kdqE0AAI,TikTok Shop,Coleta no DropOff,Pacote,PetLar Suprimentos,Joao Carvalho,(46) 99123-7036,"Rua das Flores, 939",Sao Cristovao,Apucarana,PR,90941-629,9.182,196.14,Entregue,Entregue,2026-08-06T19:00:00.000Z,2026-08-08T01:00:00.000Z,2026-08-11,2026-08-11T01:00:00.000Z,0,PR SJS,ALM-PR,a0Fg8000006qKp5EAE,false
LT77120156BR,001g800000kdoNWAAY,TikTok Shop,Coleta no DropOff,Pacote,Calcados Prime,Daniel Ferreira,(46) 92491-3690,"Rua Santa Catarina, 697",Bairro Alto,Passo Fundo,RS,91141-143,12.04,107.12,Entregue,Entregue,2026-08-04T23:00:00.000Z,2026-08-05T09:00:00.000Z,2026-08-11,2026-08-07T13:00:00.000Z,0,RS NSR,F PET-RS,a0Fg8000006qKowEAE,false
LT77120157BR,001g800000kdoNZAAY,Mercado Livre,Coleta no Seller,Pacote,FerramentasMax,Lucas Silva,(46) 94677-6891,"Rua das Flores, 2261",Cidade Alta,Rio Grande,RS,84271-235,10.132,449.57,Em Triagem na Base,Base de Entrega,2026-08-13T10:00:00.000Z,2026-08-14T05:00:00.000Z,2026-08-16,,0,RS NSR,F PET-RS,,false
LT77120158BR,001g800000kdoNTAAY,Amazon,Coleta no Seller,Pacote,Compria Marketplace,Henrique Oliveira,(41) 96430-1155,"Rua Marechal Deodoro, 2206",Industrial,Pelotas,RS,89787-997,4.499,419.43,Recebido na Base,Base de Entrega,2026-08-26T20:00:00.000Z,2026-08-27T11:00:00.000Z,2026-08-31,,0,RS NSR,CXJ-RS,,false
LT77120159BR,001g800000kdqkEAAQ,Magalu,Coleta no Seller,Caixa,Marilia Fontes Atelie,Rafaela Souza,(41) 95681-7317,"Av. Brasil, 749",Jardim America,Canoas,RS,92646-108,11.316,221.37,Coletado,Motorista de Coleta,2026-08-31T19:00:00.000Z,2026-09-01T16:00:00.000Z,2026-09-05,,0,,,,false
LT77120160BR,001g800000kdoNZAAY,Shein,Coleta no Seller,Pacote,FerramentasMax,Bruno Souza,(48) 98327-1937,"Rua Sao Paulo, 385",Vila Nova,Alvorada,RS,88226-444,1.322,1192.82,Recebido na Base,Base de Entrega,2026-08-07T05:00:00.000Z,2026-08-07T13:00:00.000Z,2026-08-10,,0,RS NSR,F CNS-RS,,false
LT77120161BR,001g800000kdqkEAAQ,AliExpress,Coleta no Seller,Caixa,Marilia Fontes Atelie,Mariana Souza,(48) 92773-9261,"Rua das Flores, 2550",Jardim America,Novo Hamburgo,RS,86284-778,17.218,664.89,Entregue,Entregue,2026-08-29T09:00:00.000Z,2026-08-30T00:00:00.000Z,2026-09-02,2026-09-02T06:00:00.000Z,0,RS NSR,F CNS-RS,a0Fg8000006qKpKEAU,false
LT77120162BR,001g800000kdoNVAAY,Amazon,Coleta no Seller,Pacote,VendeMais Online,Karina Ferreira,(45) 97501-5571,"Rua Santa Catarina, 825",Sao Cristovao,Canoas,RS,94392-642,2.702,730.63,Em Rota de Entrega,Motorista Last Mile,2026-08-06T12:00:00.000Z,2026-08-06T23:00:00.000Z,2026-08-10,,0,RS NSR,F PET-RS,a0Fg8000006qKowEAE,false
LT77120163BR,001g800000kdoNaAAI,Loja Propria,Coleta no Seller,Envelope,Distribuidora Farmasul,Pedro Ferreira,(45) 94788-4009,"Av. das Torres, 1150",Centro,Rio Grande,RS,89392-948,8.842,601.57,Entregue,Entregue,2026-08-10T05:00:00.000Z,2026-08-11T02:00:00.000Z,2026-08-17,2026-08-13T13:00:00.000Z,0,RS NSR,F CNS-RS,a0Fg8000006qKpKEAU,false
LT77120164BR,001g800000kdqkEAAQ,Loja Propria,Coleta no Seller,Envelope,Marilia Fontes Atelie,Nicolas Costa,(46) 97682-3775,"Rua Santa Catarina, 838",Vila Nova,Colombo,PR,84281-610,16.625,1045.94,Recebido na Base,Base de Entrega,2026-08-07T05:00:00.000Z,2026-08-07T23:00:00.000Z,2026-08-10,,0,PR SJS,ALM-PR,,false
LT77120165BR,001g800000kdoNTAAY,Shopee,Coleta no Seller,Pacote,Compria Marketplace,Felipe Silva,(49) 98494-7730,"Rua Marechal Deodoro, 1334",Bairro Alto,Ponta Grossa,PR,94207-949,1.154,808.22,Sem Movimentacao,Base de Entrega,2026-08-13T09:00:00.000Z,2026-08-14T08:00:00.000Z,2026-08-20,,0,PR SJS,ALM-PR,,false
LT77120166BR,001g800000kdqE0AAI,Shopee,Coleta no Seller,Pacote,PetLar Suprimentos,Thiago Silva,(49) 96252-8558,"Rua Sao Paulo, 438",Centro,Guarapuava,PR,82454-459,12.127,473.38,Entregue,Entregue,2026-08-04T18:00:00.000Z,2026-08-05T18:00:00.000Z,2026-08-10,2026-08-08T19:00:00.000Z,0,PR SJS,ARP-PR,a0Fg8000006qKonEAE,false
LT77120167BR,001g800000kdqE4AAI,AliExpress,Coleta no DropOff,Caixa,Confeccoes Vale do Itajai,Pedro Costa,(43) 98951-4900,"Rua Parana, 3962",Industrial,Sao Jose,SC,97311-435,12.866,874.07,Entregue,Entregue,2026-08-02T10:00:00.000Z,2026-08-03T07:00:00.000Z,2026-08-08,2026-08-06T13:00:00.000Z,0,SC BNU,TUB-SC,a0Fg8000006qKp3EAE,false
LT77120168BR,001g800000kdoNVAAY,Shein,Coleta no DropOff,Volume Grande,VendeMais Online,Eduarda Pereira,(48) 97203-4363,"Rua Parana, 2399",Bairro Alto,Joinville,SC,84347-292,5.009,76.39,Entregue,Entregue,2026-09-05T00:00:00.000Z,2026-09-05T12:00:00.000Z,2026-09-08,2026-09-07T22:00:00.000Z,0,SC BNU,TUB-SC,a0Fg8000006qKopEAE,false
LT77120169BR,001g800000kdqkDAAQ,Loja Propria,Coleta no DropOff,Volume Grande,Joao Pedro Nogueira,Daniel Costa,(41) 98574-4208,"Rua Santa Catarina, 755",Industrial,Sao Leopoldo,RS,83303-175,5.27,431.63,Sem Movimentacao,Base de Entrega,2026-08-29T22:00:00.000Z,2026-08-30T23:00:00.000Z,2026-09-01,,0,RS NSR,F CNS-RS,,false
LT77120170BR,001g800000kdqkEAAQ,Loja Propria,Coleta no Seller,Pacote,Marilia Fontes Atelie,Mariana Pereira,(46) 98327-2249,"Rua Santa Catarina, 1819",Industrial,Sao Jose,SC,86687-964,11.781,638.17,Tentativa de Entrega,Motorista Last Mile,2026-07-27T17:00:00.000Z,2026-07-27T22:00:00.000Z,2026-08-03,,2,SC BNU,CCM-SC,a0Fg8000006qKorEAE,false
LT77120171BR,001g800000kdqE1AAI,TikTok Shop,Coleta no Seller,Pacote,SuplementaBR,Daniel Lima,(42) 93199-8690,"Av. das Torres, 3970",Sao Cristovao,Tubarao,SC,91421-868,0.3,57.51,Entregue,Entregue,2026-08-02T15:00:00.000Z,2026-08-03T07:00:00.000Z,2026-08-05,2026-08-06T11:00:00.000Z,0,SC BNU,TUB-SC,a0Fg8000006qKopEAE,false
LT77120172BR,001g800000kdqE2AAI,AliExpress,Coleta no Seller,Volume Grande,Moveis Serra Sul,Gabriela Oliveira,(49) 95696-6575,"Av. das Torres, 3927",Sao Cristovao,Jaragua do Sul,SC,93538-189,11.317,714.59,Entregue,Entregue,2026-08-24T10:00:00.000Z,2026-08-25T06:00:00.000Z,2026-08-29,2026-08-29T01:00:00.000Z,0,SC BNU,TUB-SC,a0Fg8000006qKopEAE,false
LT77120173BR,001g800000kdoNSAAY,Shopee,Coleta no Seller,Caixa,Xitou Marketplace,Ana Oliveira,(45) 95863-2563,"Rua das Flores, 3263",Cidade Alta,Ponta Grossa,PR,80777-605,12.82,656.24,Recebido na Base,Base de Entrega,2026-08-07T20:00:00.000Z,2026-08-08T01:00:00.000Z,2026-08-12,,0,PR SJS,ARP-PR,,false
LT77120174BR,001g800000kdqkDAAQ,Mercado Livre,Coleta no Seller,Caixa,Joao Pedro Nogueira,Gabriela Santos,(49) 94835-8859,"Av. Brasil, 1228",Sao Cristovao,Apucarana,PR,94370-173,6.996,73.66,Retido,Base de Entrega,2026-09-02T06:00:00.000Z,2026-09-03T01:00:00.000Z,2026-09-07,,0,PR SJS,CLB-PR,,false
LT77120175BR,001g800000kdqDyAAI,Shein,Coleta no Seller,Envelope,TechNova BR,Carla Pereira,(41) 97063-5559,"Rua das Flores, 2446",Industrial,Gravatai,RS,99937-343,17.814,49.74,Recebido na Base,Base de Entrega,2026-08-28T18:00:00.000Z,2026-08-28T22:00:00.000Z,2026-09-02,,0,RS NSR,F CNS-RS,,false
LT77120176BR,001g800000kdqE4AAI,Shein,Coleta no Seller,Pacote,Confeccoes Vale do Itajai,Pedro Ribeiro,(42) 93234-7983,"Rua Santa Catarina, 2583",Cidade Alta,Criciuma,SC,91715-675,13.153,288.02,Retido,Base de Entrega,2026-09-04T20:00:00.000Z,2026-09-05T04:00:00.000Z,2026-09-07,,0,SC BNU,CCM-SC,,false
LT77120177BR,001g800000kdoNSAAY,Shein,Coleta no Seller,Volume Grande,Xitou Marketplace,Gabriela Silva,(44) 97780-9347,"Rua Marechal Deodoro, 2151",Boa Vista,Toledo,PR,90951-459,2.335,1099.23,Entregue,Entregue,2026-08-26T16:00:00.000Z,2026-08-26T20:00:00.000Z,2026-09-01,2026-08-30T04:00:00.000Z,0,PR SJS,CLB-PR,a0Fg8000006qKp1EAE,false
LT77120178BR,001g800000kdoNXAAY,Magalu,Coleta no DropOff,Caixa,Livraria Pagina Viva,Joao Costa,(45) 99929-8324,"Av. Getulio Vargas, 3788",Sao Cristovao,Jaragua do Sul,SC,83195-897,3.603,302.43,Retido,Base de Entrega,2026-09-02T11:00:00.000Z,2026-09-02T16:00:00.000Z,2026-09-07,,0,SC BNU,SJE-SC,,false
LT77120179BR,001g800000kdoNZAAY,AliExpress,Coleta no Seller,Pacote,FerramentasMax,Gabriela Ribeiro,(43) 97883-7480,"Av. Brasil, 3450",Bairro Alto,Londrina,PR,81823-162,4.054,681.4,Entregue,Entregue,2026-09-01T07:00:00.000Z,2026-09-02T06:00:00.000Z,2026-09-06,2026-09-04T09:00:00.000Z,0,PR SJS,F ARP-PR,a0Fg8000006qKpEEAU,false
LT77120180BR,001g800000kdoNUAAY,TikTok Shop,Coleta no Seller,Envelope,ShopLivre,Ana Araujo,(47) 99647-3334,"Av. Getulio Vargas, 1676",Bairro Alto,Londrina,PR,85238-140,1.024,277.87,Em Transferencia,Em Transferencia,2026-08-08T22:00:00.000Z,2026-08-09T09:00:00.000Z,2026-08-14,,0,PR SJS,,,false
LT77120181BR,001g800000kdoNaAAI,Magalu,Coleta no DropOff,Caixa,Distribuidora Farmasul,Gabriela Ferreira,(46) 91893-8105,"Av. Brasil, 1154",Centro,Joinville,SC,82510-162,17.761,246.72,Entregue,Entregue,2026-08-05T06:00:00.000Z,2026-08-06T06:00:00.000Z,2026-08-11,2026-08-08T22:00:00.000Z,0,SC BNU,TUB-SC,a0Fg8000006qKp3EAE,false
LT77120182BR,001g800000kdoNZAAY,Mercado Livre,Coleta no DropOff,Volume Grande,FerramentasMax,Gabriela Araujo,(48) 97417-8949,"Rua Sao Paulo, 2369",Vila Nova,Canoas,RS,96225-468,8.644,36.86,Tentativa de Entrega,Motorista Last Mile,2026-08-12T23:00:00.000Z,2026-08-13T22:00:00.000Z,2026-08-18,,1,RS NSR,F CNS-RS,a0Fg8000006qKpKEAU,false
LT77120183BR,001g800000kdoNaAAI,AliExpress,Coleta no Seller,Envelope,Distribuidora Farmasul,Bruno Ribeiro,(48) 96498-7962,"Rua das Flores, 1400",Boa Vista,Lages,SC,93563-405,8.886,702.05,Entregue,Entregue,2026-09-05T02:00:00.000Z,2026-09-05T18:00:00.000Z,2026-09-10,2026-09-07T11:00:00.000Z,0,SC BNU,F JOI-SC,a0Fg8000006qKp4EAE,false
LT77120184BR,001g800000kdqkDAAQ,Shein,Coleta no DropOff,Envelope,Joao Pedro Nogueira,Henrique Carvalho,(47) 97945-8683,"Av. Getulio Vargas, 3292",Cidade Alta,Toledo,PR,92138-960,12.308,216.04,Entregue,Entregue,2026-08-19T10:00:00.000Z,2026-08-19T15:00:00.000Z,2026-08-22,2026-08-21T15:00:00.000Z,0,PR SJS,ARP-PR,a0Fg8000006qKooEAE,false
LT77120185BR,001g800000kdqE0AAI,Mercado Livre,Coleta no Seller,Volume Grande,PetLar Suprimentos,Bruno Silva,(49) 91769-5471,"Rua Marechal Deodoro, 2932",Boa Vista,Ponta Grossa,PR,99532-157,17.753,968.78,Entregue,Entregue,2026-08-26T13:00:00.000Z,2026-08-27T19:00:00.000Z,2026-08-30,2026-08-30T03:00:00.000Z,0,PR SJS,CIC-PR,a0Fg8000006qKp8EAE,false
LT77120186BR,001g800000kdqkEAAQ,AliExpress,Coleta no Seller,Pacote,Marilia Fontes Atelie,Bruno Nascimento,(44) 93325-9261,"Rua Sao Paulo, 2580",Jardim America,Rio Grande,RS,87328-492,8.187,620.36,Tentativa de Entrega,Motorista Last Mile,2026-07-31T15:00:00.000Z,2026-08-01T01:00:00.000Z,2026-08-06,,1,RS NSR,POA-RS,a0Fg8000006qKp7EAE,false
LT77120187BR,001g800000kdqE2AAI,Amazon,Coleta no Seller,Pacote,Moveis Serra Sul,Pedro Rodrigues,(49) 92039-2023,"Rua Sao Paulo, 426",Jardim America,Rio Grande,RS,99347-528,14.967,1198.57,Entregue,Entregue,2026-08-20T16:00:00.000Z,2026-08-21T12:00:00.000Z,2026-08-25,2026-08-23T06:00:00.000Z,0,RS NSR,POA-RS,a0Fg8000006qKp7EAE,false
LT77120188BR,001g800000kdoNWAAY,Mercado Livre,Coleta no Seller,Envelope,Calcados Prime,Olivia Nascimento,(47) 93315-6234,"Av. Getulio Vargas, 2002",Sao Cristovao,Passo Fundo,RS,81798-671,6.661,138.01,Entregue,Entregue,2026-08-24T00:00:00.000Z,2026-08-24T07:00:00.000Z,2026-08-27,2026-08-26T14:00:00.000Z,0,RS NSR,F CNS-RS,a0Fg8000006qKpKEAU,false
LT77120189BR,001g800000kdqDyAAI,Amazon,Coleta no Seller,Pacote,TechNova BR,Nicolas Santos,(48) 92231-1397,"Rua Santa Catarina, 3795",Bairro Alto,Apucarana,PR,91913-352,17.713,979.34,Entregue,Entregue,2026-08-19T01:00:00.000Z,2026-08-19T20:00:00.000Z,2026-08-23,2026-08-23T05:00:00.000Z,0,PR SJS,F LOD-PR,a0Fg8000006qKotEAE,false
LT77120190BR,001g800000kdoNaAAI,TikTok Shop,Coleta no DropOff,Pacote,Distribuidora Farmasul,Pedro Ferreira,(43) 91756-2050,"Rua Parana, 1834",Vila Nova,Itajai,SC,86463-822,2.137,538.46,Tentativa de Entrega,Motorista Last Mile,2026-08-09T21:00:00.000Z,2026-08-10T14:00:00.000Z,2026-08-15,,2,SC BNU,TUB-SC,a0Fg8000006qKopEAE,false
LT77120191BR,001g800000kdoNXAAY,Shein,Coleta no DropOff,Pacote,Livraria Pagina Viva,Thiago Barbosa,(49) 94540-8458,"Rua XV de Novembro, 3611",Industrial,Sao Leopoldo,RS,81478-779,13.425,566.85,Em Transferencia,Em Transferencia,2026-09-04T16:00:00.000Z,2026-09-05T04:00:00.000Z,2026-09-07,,0,RS NSR,,,false
LT77120192BR,001g800000kdqDyAAI,Amazon,Coleta no Seller,Volume Grande,TechNova BR,Rafaela Barbosa,(41) 98433-4799,"Av. das Torres, 663",Vila Nova,Sao Jose,SC,92542-740,14.481,678.01,Entregue,Entregue,2026-08-28T23:00:00.000Z,2026-08-29T21:00:00.000Z,2026-09-04,2026-09-01T06:00:00.000Z,0,SC BNU,F JOI-SC,a0Fg8000006qKp4EAE,false
LT77120193BR,001g800000kdqDxAAI,Mercado Livre,Coleta no Seller,Volume Grande,ModaMix Confeccoes,Lucas Costa,(46) 91296-7969,"Av. das Torres, 3632",Vila Nova,Curitiba,PR,99210-333,2.449,73.79,Entregue,Entregue,2026-08-01T06:00:00.000Z,2026-08-01T21:00:00.000Z,2026-08-07,2026-08-04T01:00:00.000Z,0,PR SJS,ARP-PR,a0Fg8000006qKpJEAU,false
LT77120194BR,001g800000kdoNaAAI,TikTok Shop,Coleta no Seller,Pacote,Distribuidora Farmasul,Bruno Ferreira,(45) 91356-9512,"Av. Brasil, 3586",Bairro Alto,Tubarao,SC,99777-999,7.488,637.27,Entregue,Entregue,2026-07-29T13:00:00.000Z,2026-07-30T07:00:00.000Z,2026-08-04,2026-08-02T07:00:00.000Z,0,SC BNU,TUB-SC,a0Fg8000006qKopEAE,false
LT77120195BR,001g800000kdqDzAAI,AliExpress,Coleta no Seller,Envelope,Casa e Cor Online,Felipe Lima,(47) 97256-2333,"Rua Marechal Deodoro, 1594",Sao Cristovao,Tubarao,SC,86421-640,7.711,287.4,Entregue,Entregue,2026-08-10T21:00:00.000Z,2026-08-11T12:00:00.000Z,2026-08-15,2026-08-13T13:00:00.000Z,0,SC BNU,SJE-SC,a0Fg8000006qKpHEAU,false
LT77120196BR,001g800000kdoNTAAY,Shein,Coleta no DropOff,Caixa,Compria Marketplace,Henrique Pereira,(49) 93760-4904,"Rua Marechal Deodoro, 1378",Bairro Alto,Toledo,PR,81858-270,11.188,251.37,Entregue,Entregue,2026-08-24T10:00:00.000Z,2026-08-25T10:00:00.000Z,2026-08-31,2026-08-28T18:00:00.000Z,0,PR SJS,CIC-PR,a0Fg8000006qKp8EAE,false
LT77120197BR,001g800000kdqE0AAI,Magalu,Coleta no Seller,Envelope,PetLar Suprimentos,Felipe Ferreira,(48) 92741-7651,"Av. Sete de Setembro, 713",Boa Vista,Cascavel,PR,87136-266,1.16,1115.86,Entregue,Entregue,2026-07-29T06:00:00.000Z,2026-07-29T23:00:00.000Z,2026-08-03,2026-07-31T21:00:00.000Z,0,PR SJS,CLB-PR,a0Fg8000006qKp1EAE,false
LT77120198BR,001g800000kdqDxAAI,Shein,Coleta no DropOff,Caixa,ModaMix Confeccoes,Rafaela Almeida,(43) 93001-1378,"Av. das Torres, 3618",Boa Vista,Toledo,PR,89419-226,16.817,240.18,Em Rota de Entrega,Motorista Last Mile,2026-08-28T23:00:00.000Z,2026-08-30T00:00:00.000Z,2026-09-02,,0,PR SJS,CIC-PR,a0Fg8000006qKp8EAE,false
LT77120199BR,001g800000kdqkDAAQ,TikTok Shop,Coleta no Seller,Pacote,Joao Pedro Nogueira,Nicolas Nascimento,(47) 98980-4331,"Rua XV de Novembro, 3362",Jardim America,Paranagua,PR,92882-473,3.101,410.56,Entregue,Entregue,2026-09-04T08:00:00.000Z,2026-09-05T03:00:00.000Z,2026-09-09,2026-09-07T01:00:00.000Z,0,PR SJS,CLB-PR,a0Fg8000006qKp1EAE,false
LT77120200BR,001g800000kdoNaAAI,Amazon,Coleta no DropOff,Caixa,Distribuidora Farmasul,Thiago Araujo,(45) 92875-3101,"Rua Parana, 3735",Centro,Palhoca,SC,85755-148,15.125,399.16,Sem Movimentacao,Base de Entrega,2026-08-18T20:00:00.000Z,2026-08-19T18:00:00.000Z,2026-08-21,,0,SC BNU,CCM-SC,,false
LT77120201BR,001g800000kdqE1AAI,Shopee,Coleta no DropOff,Pacote,SuplementaBR,Daniel Silva,(45) 94329-8790,"Av. Brasil, 3649",Jardim America,Paranagua,PR,91725-850,1.877,396.53,Tentativa de Entrega,Motorista Last Mile,2026-09-03T13:00:00.000Z,2026-09-04T06:00:00.000Z,2026-09-08,,2,PR SJS,ARP-PR,a0Fg8000006qKonEAE,false
LT77120202BR,001g800000kdoNYAAY,Magalu,Coleta no Seller,Pacote,AutoPecas do Sul,Thiago Ferreira,(49) 93095-4174,"Rua XV de Novembro, 169",Cidade Alta,Tubarao,SC,83371-124,14.848,375.75,Entregue,Entregue,2026-08-01T17:00:00.000Z,2026-08-02T03:00:00.000Z,2026-08-08,2026-08-04T06:00:00.000Z,0,SC BNU,F BLU-SC,a0Fg8000006qKp6EAE,false
LT77120203BR,001g800000kdoNSAAY,Magalu,Coleta no Seller,Pacote,Xitou Marketplace,Valentina Silva,(46) 97184-4471,"Rua Sao Paulo, 3035",Cidade Alta,Balneario Camboriu,SC,91807-572,5.11,455.87,Entregue,Entregue,2026-08-26T09:00:00.000Z,2026-08-27T09:00:00.000Z,2026-08-30,2026-08-30T10:00:00.000Z,0,SC BNU,TUB-SC,a0Fg8000006qKp3EAE,false
LT77120204BR,001g800000kdqE4AAI,TikTok Shop,Coleta no DropOff,Envelope,Confeccoes Vale do Itajai,Ana Barbosa,(47) 97859-8770,"Av. Sete de Setembro, 3057",Boa Vista,Caxias do Sul,RS,91253-311,11.439,67.93,Entregue,Entregue,2026-08-22T08:00:00.000Z,2026-08-23T12:00:00.000Z,2026-08-27,2026-08-25T02:00:00.000Z,0,RS NSR,CXJ-RS,a0Fg8000006qKosEAE,false
LT77120205BR,001g800000kdqkDAAQ,Shein,Coleta no Seller,Pacote,Joao Pedro Nogueira,Thiago Ferreira,(42) 96929-9300,"Av. das Torres, 1510",Centro,Curitiba,PR,89987-346,15.733,1078.63,Entregue,Entregue,2026-09-01T06:00:00.000Z,2026-09-01T15:00:00.000Z,2026-09-06,2026-09-02T21:00:00.000Z,0,PR SJS,CIC-PR,a0Fg8000006qKp8EAE,false
LT77120206BR,001g800000kdqE2AAI,Shein,Coleta no Seller,Volume Grande,Moveis Serra Sul,Felipe Nascimento,(48) 96934-5554,"Av. Sete de Setembro, 2077",Vila Nova,Sapucaia do Sul,RS,84589-174,5.901,286.35,Entregue,Entregue,2026-08-30T05:00:00.000Z,2026-08-30T21:00:00.000Z,2026-09-04,2026-09-02T16:00:00.000Z,0,RS NSR,F CNS-RS,a0Fg8000006qKpKEAU,false
LT77120207BR,001g800000kdqE4AAI,Mercado Livre,Coleta no DropOff,Caixa,Confeccoes Vale do Itajai,Daniel Pereira,(43) 97528-7735,"Av. Getulio Vargas, 2465",Sao Cristovao,Tubarao,SC,99821-601,9.209,728.36,Entregue,Entregue,2026-09-02T11:00:00.000Z,2026-09-03T00:00:00.000Z,2026-09-07,2026-09-05T14:00:00.000Z,0,SC BNU,TUB-SC,a0Fg8000006qKp3EAE,false
LT77120208BR,001g800000kdqE0AAI,Shopee,Coleta no Seller,Caixa,PetLar Suprimentos,Mariana Lima,(42) 96970-5091,"Rua Santa Catarina, 2467",Jardim America,Sao Jose dos Pinhais,PR,96801-455,2.589,381.54,Entregue,Entregue,2026-08-10T22:00:00.000Z,2026-08-11T04:00:00.000Z,2026-08-15,2026-08-14T11:00:00.000Z,0,PR SJS,CLB-PR,a0Fg8000006qKp1EAE,false
LT77120209BR,001g800000kdoNVAAY,Amazon,Coleta no Seller,Pacote,VendeMais Online,Olivia Carvalho,(49) 93508-1998,"Av. Brasil, 2858",Sao Cristovao,Palhoca,SC,91198-894,7.36,240.95,Recebido na Base,Base de Entrega,2026-08-12T05:00:00.000Z,2026-08-13T10:00:00.000Z,2026-08-18,,0,SC BNU,CCM-SC,,false
LT77120210BR,001g800000kdoNSAAY,Shopee,Coleta no Seller,Pacote,Xitou Marketplace,Gabriela Costa,(41) 97288-2362,"Rua XV de Novembro, 95",Boa Vista,Caxias do Sul,RS,96372-598,17.702,992.07,Em Triagem na Base,Base de Entrega,2026-08-20T04:00:00.000Z,2026-08-20T12:00:00.000Z,2026-08-25,,0,RS NSR,CXJ-RS,,false
LT77120211BR,001g800000kdoNUAAY,AliExpress,Coleta no Seller,Caixa,ShopLivre,Joao Nascimento,(41) 97871-6528,"Rua das Flores, 2578",Vila Nova,Caxias do Sul,RS,88230-752,3.589,1033.42,Entregue,Entregue,2026-08-09T09:00:00.000Z,2026-08-10T02:00:00.000Z,2026-08-13,2026-08-12T07:00:00.000Z,0,RS NSR,F PET-RS,a0Fg8000006qKowEAE,false
LT77120212BR,001g800000kdoNXAAY,TikTok Shop,Coleta no Seller,Pacote,Livraria Pagina Viva,Gabriela Ferreira,(48) 91803-7796,"Rua Parana, 648",Vila Nova,Alvorada,RS,83731-744,12.754,445.15,Entregue,Entregue,2026-07-27T19:00:00.000Z,2026-07-28T22:00:00.000Z,2026-08-03,2026-08-01T04:00:00.000Z,0,RS NSR,F CNS-RS,a0Fg8000006qKpKEAU,false
LT77120213BR,001g800000kdqE4AAI,Magalu,Coleta no DropOff,Pacote,Confeccoes Vale do Itajai,Gabriela Ribeiro,(42) 97364-6544,"Rua Parana, 3571",Vila Nova,Criciuma,SC,92349-438,13.455,328.33,Entregue,Entregue,2026-08-19T09:00:00.000Z,2026-08-19T21:00:00.000Z,2026-08-26,2026-08-22T16:00:00.000Z,0,SC BNU,TUB-SC,a0Fg8000006qKp3EAE,false
LT77120214BR,001g800000kdoNaAAI,Shein,Coleta no Seller,Pacote,Distribuidora Farmasul,Eduarda Ribeiro,(44) 97976-8952,"Rua Sao Paulo, 3053",Jardim America,Jaragua do Sul,SC,80473-227,17.817,983.55,Entregue,Entregue,2026-08-16T18:00:00.000Z,2026-08-17T02:00:00.000Z,2026-08-23,2026-08-19T14:00:00.000Z,0,SC BNU,CCM-SC,a0Fg8000006qKpIEAU,false
LT77120215BR,001g800000kdqDyAAI,AliExpress,Coleta no Seller,Caixa,TechNova BR,Olivia Ferreira,(45) 93972-4721,"Rua Marechal Deodoro, 3559",Centro,Florianopolis,SC,84659-811,9.395,222.22,Entregue,Entregue,2026-09-01T06:00:00.000Z,2026-09-02T04:00:00.000Z,2026-09-05,2026-09-04T22:00:00.000Z,0,SC BNU,TUB-SC,a0Fg8000006qKp3EAE,false
LT77120216BR,001g800000kdoNSAAY,TikTok Shop,Coleta no Seller,Pacote,Xitou Marketplace,Pedro Santos,(44) 95041-7162,"Av. das Torres, 3323",Centro,Chapeco,SC,95291-756,14.46,361.01,Em Transferencia,Em Transferencia,2026-08-25T12:00:00.000Z,2026-08-26T08:00:00.000Z,2026-08-31,,0,SC BNU,,,false
LT77120217BR,001g800000kdoNZAAY,Shopee,Coleta no Seller,Envelope,FerramentasMax,Pedro Nascimento,(41) 94382-6084,"Av. Getulio Vargas, 316",Jardim America,Palhoca,SC,97864-696,1.674,351.55,Em Rota de Entrega,Motorista Last Mile,2026-09-02T02:00:00.000Z,2026-09-03T08:00:00.000Z,2026-09-07,,0,SC BNU,F JOI-SC,a0Fg8000006qKp4EAE,false
LT77120218BR,001g800000kdqDyAAI,Shein,Coleta no Seller,Volume Grande,TechNova BR,Eduarda Silva,(45) 99010-9331,"Rua Santa Catarina, 1474",Industrial,Jaragua do Sul,SC,88499-427,16.689,37.04,Em Rota de Entrega,Motorista Last Mile,2026-08-31T05:00:00.000Z,2026-09-01T09:00:00.000Z,2026-09-04,,0,SC BNU,TUB-SC,a0Fg8000006qKp3EAE,false
LT77120219BR,001g800000kdqE1AAI,Amazon,Coleta no DropOff,Volume Grande,SuplementaBR,Thiago Rodrigues,(42) 95609-1825,"Av. Brasil, 321",Industrial,Foz do Iguacu,PR,80408-344,4.709,64.53,Extraviado,Base de Entrega,2026-08-26T20:00:00.000Z,2026-08-27T09:00:00.000Z,2026-08-30,,0,PR SJS,ARP-PR,a0Fg8000006qKooEAE,true
LT77120220BR,001g800000kdqkDAAQ,TikTok Shop,Coleta no Seller,Pacote,Joao Pedro Nogueira,Felipe Lima,(48) 94534-2688,"Rua Sao Paulo, 2709",Centro,Curitiba,PR,87867-925,4.67,339.67,Entregue,Entregue,2026-09-02T04:00:00.000Z,2026-09-02T08:00:00.000Z,2026-09-05,2026-09-05T17:00:00.000Z,0,PR SJS,ALM-PR,a0Fg8000006qKp5EAE,false
LT77120221BR,001g800000kdqE0AAI,Mercado Livre,Coleta no DropOff,Pacote,PetLar Suprimentos,Daniel Nascimento,(45) 97420-9680,"Rua Sao Paulo, 2422",Vila Nova,Florianopolis,SC,99556-431,5.767,870.17,Tentativa de Entrega,Motorista Last Mile,2026-08-23T15:00:00.000Z,2026-08-23T20:00:00.000Z,2026-08-26,,2,SC BNU,F BLU-SC,a0Fg8000006qKp6EAE,false
LT77120222BR,001g800000kdqE0AAI,Loja Propria,Coleta no DropOff,Envelope,PetLar Suprimentos,Henrique Costa,(45) 97743-5166,"Av. Brasil, 2163",Boa Vista,Sao Jose dos Pinhais,PR,93203-604,14.597,106.48,Retido,Base de Entrega,2026-08-22T23:00:00.000Z,2026-08-23T17:00:00.000Z,2026-08-25,,0,PR SJS,ARP-PR,,false
LT77120223BR,001g800000kdqkDAAQ,Amazon,Coleta no DropOff,Pacote,Joao Pedro Nogueira,Pedro Santos,(42) 91333-3588,"Rua Marechal Deodoro, 871",Sao Cristovao,Chapeco,SC,84971-678,7.425,924.68,Em Triagem na Base,Base de Entrega,2026-07-31T17:00:00.000Z,2026-08-01T04:00:00.000Z,2026-08-06,,0,SC BNU,SJE-SC,,false
LT77120224BR,001g800000kdoNVAAY,Shopee,Coleta no DropOff,Caixa,VendeMais Online,Eduarda Barbosa,(48) 94785-2586,"Rua Sao Paulo, 3509",Sao Cristovao,Cascavel,PR,86995-420,5.787,122.75,Entregue,Entregue,2026-07-29T03:00:00.000Z,2026-07-29T23:00:00.000Z,2026-08-03,2026-08-01T12:00:00.000Z,0,PR SJS,ARP-PR,a0Fg8000006qKonEAE,false
LT77120225BR,001g800000kdqE1AAI,Amazon,Coleta no Seller,Pacote,SuplementaBR,Olivia Ferreira,(47) 97319-2427,"Rua Sao Paulo, 1668",Bairro Alto,Passo Fundo,RS,84110-698,5.446,767.2,Entregue,Entregue,2026-08-25T21:00:00.000Z,2026-08-26T14:00:00.000Z,2026-08-30,2026-08-28T17:00:00.000Z,0,RS NSR,POA-RS,a0Fg8000006qKp7EAE,false
LT77120226BR,001g800000kdoNSAAY,AliExpress,Coleta no Seller,Pacote,Xitou Marketplace,Daniel Almeida,(47) 93184-3873,"Rua Santa Catarina, 1604",Sao Cristovao,Ponta Grossa,PR,96765-854,8.009,462.55,Entregue,Entregue,2026-07-29T23:00:00.000Z,2026-07-30T09:00:00.000Z,2026-08-03,2026-08-01T16:00:00.000Z,0,PR SJS,CIC-PR,a0Fg8000006qKp8EAE,false
LT77120227BR,001g800000kdoNTAAY,Shein,Coleta no Seller,Caixa,Compria Marketplace,Gabriela Lima,(43) 95325-8897,"Av. Getulio Vargas, 500",Centro,Colombo,PR,91580-422,6.697,65.13,Recebido na Base,Base de Entrega,2026-07-28T22:00:00.000Z,2026-07-29T05:00:00.000Z,2026-08-03,,0,PR SJS,CIC-PR,,false
LT77120228BR,001g800000kdqDyAAI,AliExpress,Coleta no Seller,Volume Grande,TechNova BR,Joao Ribeiro,(43) 93389-8674,"Rua das Flores, 3675",Bairro Alto,Porto Alegre,RS,89326-808,8.082,186.88,Retido,Base de Entrega,2026-07-28T01:00:00.000Z,2026-07-29T05:00:00.000Z,2026-07-31,,0,RS NSR,CXJ-RS,,false
LT77120229BR,001g800000kdoNTAAY,AliExpress,Coleta no Seller,Pacote,Compria Marketplace,Felipe Rodrigues,(48) 95502-2416,"Rua Santa Catarina, 3979",Jardim America,Guarapuava,PR,80541-826,2.269,553.09,Em Transferencia,Em Transferencia,2026-07-28T11:00:00.000Z,2026-07-28T19:00:00.000Z,2026-07-31,,0,PR SJS,,,false
LT77120230BR,001g800000kdqE2AAI,Shopee,Coleta no Seller,Pacote,Moveis Serra Sul,Mariana Lima,(44) 93542-9695,"Av. das Torres, 1983",Bairro Alto,Rio Grande,RS,89376-704,4.545,282.21,Entregue,Entregue,2026-07-30T01:00:00.000Z,2026-07-30T23:00:00.000Z,2026-08-04,2026-08-02T19:00:00.000Z,0,RS NSR,POA-RS,a0Fg8000006qKp7EAE,false
LT77120231BR,001g800000kdoNVAAY,Amazon,Coleta no Seller,Pacote,VendeMais Online,Olivia Oliveira,(45) 97610-6237,"Av. Getulio Vargas, 3588",Centro,Cascavel,PR,81709-667,7.519,947.85,Entregue,Entregue,2026-08-18T02:00:00.000Z,2026-08-18T19:00:00.000Z,2026-08-21,2026-08-22T02:00:00.000Z,0,PR SJS,CLB-PR,a0Fg8000006qKp1EAE,false
LT77120232BR,001g800000kdqkEAAQ,Shopee,Coleta no Seller,Pacote,Marilia Fontes Atelie,Daniel Silva,(43) 91731-4866,"Av. Getulio Vargas, 3057",Sao Cristovao,Itajai,SC,89194-651,9.856,772.1,Retido,Base de Entrega,2026-08-10T14:00:00.000Z,2026-08-10T18:00:00.000Z,2026-08-15,,0,SC BNU,SJE-SC,,false
LT77120233BR,001g800000kdqE4AAI,Shein,Coleta no Seller,Volume Grande,Confeccoes Vale do Itajai,Gabriela Oliveira,(43) 91479-4841,"Av. Getulio Vargas, 338",Vila Nova,Sao Jose,SC,91730-554,2.318,804.89,Entregue,Entregue,2026-08-31T08:00:00.000Z,2026-09-01T14:00:00.000Z,2026-09-03,2026-09-05T01:00:00.000Z,0,SC BNU,TUB-SC,a0Fg8000006qKp3EAE,false
LT77120234BR,001g800000kdqE0AAI,Mercado Livre,Coleta no Seller,Pacote,PetLar Suprimentos,Eduarda Rodrigues,(46) 95053-8460,"Rua Marechal Deodoro, 2739",Bairro Alto,Tubarao,SC,80365-535,15.686,1016.0,Entregue,Entregue,2026-08-03T22:00:00.000Z,2026-08-05T00:00:00.000Z,2026-08-07,2026-08-08T18:00:00.000Z,0,SC BNU,F JOI-SC,a0Fg8000006qKp4EAE,false
LT77120235BR,001g800000kdqDyAAI,Mercado Livre,Coleta no Seller,Pacote,TechNova BR,Thiago Souza,(46) 92862-3358,"Av. das Torres, 2262",Cidade Alta,Pelotas,RS,81624-254,3.303,610.35,Entregue,Entregue,2026-09-03T07:00:00.000Z,2026-09-04T07:00:00.000Z,2026-09-07,2026-09-07T12:00:00.000Z,0,RS NSR,CXJ-RS,a0Fg8000006qKosEAE,false
LT77120236BR,001g800000kdqDxAAI,AliExpress,Coleta no Seller,Pacote,ModaMix Confeccoes,Valentina Ferreira,(49) 97375-9650,"Rua Sao Paulo, 1483",Jardim America,Colombo,PR,80961-704,13.163,51.11,Entregue,Entregue,2026-07-31T15:00:00.000Z,2026-07-31T21:00:00.000Z,2026-08-06,2026-08-03T18:00:00.000Z,0,PR SJS,ARP-PR,a0Fg8000006qKpJEAU,false
LT77120237BR,001g800000kdoNTAAY,Mercado Livre,Coleta no Seller,Pacote,Compria Marketplace,Mariana Carvalho,(45) 94755-4526,"Av. das Torres, 840",Industrial,Sao Jose dos Pinhais,PR,86616-445,6.104,1198.73,Em Rota de Entrega,Motorista Last Mile,2026-07-29T20:00:00.000Z,2026-07-30T00:00:00.000Z,2026-08-04,,0,PR SJS,CLB-PR,a0Fg8000006qKp1EAE,false
LT77120238BR,001g800000kdqE1AAI,Loja Propria,Coleta no Seller,Volume Grande,SuplementaBR,Carla Almeida,(46) 98177-7812,"Rua Sao Paulo, 3478",Jardim America,Colombo,PR,94447-381,11.706,1169.39,Entregue,Entregue,2026-08-05T21:00:00.000Z,2026-08-06T19:00:00.000Z,2026-08-10,2026-08-09T07:00:00.000Z,0,PR SJS,CIC-PR,a0Fg8000006qKp8EAE,false
LT77120239BR,001g800000kdoNTAAY,Shein,Coleta no DropOff,Envelope,Compria Marketplace,Bruno Barbosa,(48) 95714-7073,"Rua Parana, 1112",Cidade Alta,Colombo,PR,93893-923,12.056,689.53,Entregue,Entregue,2026-08-12T13:00:00.000Z,2026-08-13T07:00:00.000Z,2026-08-15,2026-08-15T21:00:00.000Z,0,PR SJS,CIC-PR,a0Fg8000006qKp8EAE,false
LT77120240BR,001g800000kdqE1AAI,TikTok Shop,Coleta no Seller,Caixa,SuplementaBR,Valentina Santos,(43) 91916-1596,"Av. Sete de Setembro, 3747",Centro,Guarapuava,PR,91810-310,3.177,483.86,Entregue,Entregue,2026-08-07T03:00:00.000Z,2026-08-08T04:00:00.000Z,2026-08-13,2026-08-10T00:00:00.000Z,0,PR SJS,CLB-PR,a0Fg8000006qKp1EAE,false
LT77120241BR,001g800000kdoNYAAY,Loja Propria,Coleta no Seller,Volume Grande,AutoPecas do Sul,Mariana Costa,(42) 95230-1689,"Av. das Torres, 3117",Industrial,Paranagua,PR,90230-284,15.061,829.98,Em Triagem no SC,Centro de Distribuicao,2026-07-27T23:00:00.000Z,2026-07-29T03:00:00.000Z,2026-07-30,,0,PR SJS,,,false
LT77120242BR,001g800000kdoNZAAY,TikTok Shop,Coleta no Seller,Volume Grande,FerramentasMax,Lucas Nascimento,(49) 91393-2216,"Av. Getulio Vargas, 2646",Bairro Alto,Sapucaia do Sul,RS,84507-756,11.574,867.54,Entregue,Entregue,2026-08-19T22:00:00.000Z,2026-08-20T10:00:00.000Z,2026-08-22,2026-08-22T09:00:00.000Z,0,RS NSR,CXJ-RS,a0Fg8000006qKosEAE,false
LT77120243BR,001g800000kdoNaAAI,Loja Propria,Coleta no Seller,Envelope,Distribuidora Farmasul,Felipe Santos,(42) 98926-1337,"Rua Marechal Deodoro, 2707",Sao Cristovao,Maringa,PR,99980-761,5.873,349.15,Entregue,Entregue,2026-08-02T15:00:00.000Z,2026-08-03T08:00:00.000Z,2026-08-05,2026-08-05T23:00:00.000Z,0,PR SJS,ARP-PR,a0Fg8000006qKpJEAU,false
LT77120244BR,001g800000kdqkEAAQ,AliExpress,Coleta no Seller,Pacote,Marilia Fontes Atelie,Carla Souza,(43) 96721-7334,"Av. Sete de Setembro, 1279",Vila Nova,Porto Alegre,RS,96296-180,12.188,689.03,Entregue,Entregue,2026-08-09T03:00:00.000Z,2026-08-10T06:00:00.000Z,2026-08-13,2026-08-12T07:00:00.000Z,0,RS NSR,CXJ-RS,a0Fg8000006qKosEAE,false
LT77120245BR,001g800000kdqE2AAI,Loja Propria,Coleta no Seller,Envelope,Moveis Serra Sul,Felipe Costa,(45) 95674-6775,"Av. Sete de Setembro, 2676",Sao Cristovao,Rio Grande,RS,99229-908,16.237,158.2,Em Rota de Entrega,Motorista Last Mile,2026-08-16T16:00:00.000Z,2026-08-16T23:00:00.000Z,2026-08-19,,0,RS NSR,CXJ-RS,a0Fg8000006qKosEAE,false
LT77120246BR,001g800000kdoNXAAY,Amazon,Coleta no Seller,Pacote,Livraria Pagina Viva,Mariana Carvalho,(48) 92194-1973,"Rua Santa Catarina, 2672",Centro,Caxias do Sul,RS,95512-490,15.237,259.38,Entregue,Entregue,2026-08-16T08:00:00.000Z,2026-08-17T13:00:00.000Z,2026-08-21,2026-08-20T03:00:00.000Z,0,RS NSR,POA-RS,a0Fg8000006qKp7EAE,false
LT77120247BR,001g800000kdoNTAAY,Amazon,Coleta no Seller,Volume Grande,Compria Marketplace,Joao Ferreira,(42) 95070-9565,"Rua Parana, 3225",Centro,Paranagua,PR,90312-256,6.774,1117.02,Entregue,Entregue,2026-08-03T16:00:00.000Z,2026-08-04T06:00:00.000Z,2026-08-08,2026-08-07T15:00:00.000Z,0,PR SJS,ARP-PR,a0Fg8000006qKonEAE,false
LT77120248BR,001g800000kdoNZAAY,Loja Propria,Coleta no Seller,Envelope,FerramentasMax,Henrique Ribeiro,(46) 94915-9974,"Rua XV de Novembro, 3623",Bairro Alto,Passo Fundo,RS,97766-884,10.76,531.49,Recebido na Base,Base de Entrega,2026-08-29T02:00:00.000Z,2026-08-29T11:00:00.000Z,2026-09-04,,0,RS NSR,F CNS-RS,,false
LT77120249BR,001g800000kdoNXAAY,TikTok Shop,Coleta no DropOff,Pacote,Livraria Pagina Viva,Felipe Pereira,(48) 97251-4809,"Rua XV de Novembro, 2657",Jardim America,Balneario Camboriu,SC,92301-867,2.841,466.37,Entregue,Entregue,2026-08-06T10:00:00.000Z,2026-08-07T10:00:00.000Z,2026-08-11,2026-08-10T01:00:00.000Z,0,SC BNU,CCM-SC,a0Fg8000006qKpIEAU,false
LT77120250BR,001g800000kdoNaAAI,TikTok Shop,Coleta no Seller,Pacote,Distribuidora Farmasul,Bruno Ribeiro,(49) 94491-2498,"Rua Parana, 1517",Industrial,Jaragua do Sul,SC,84183-556,10.395,100.43,Retido,Base de Entrega,2026-08-19T03:00:00.000Z,2026-08-20T04:00:00.000Z,2026-08-24,,0,SC BNU,SJE-SC,,false
LT77120251BR,001g800000kdqDzAAI,AliExpress,Coleta no Seller,Caixa,Casa e Cor Online,Karina Almeida,(44) 92581-8326,"Rua Marechal Deodoro, 1972",Cidade Alta,Criciuma,SC,93251-607,13.499,1066.08,Sem Movimentacao,Base de Entrega,2026-08-16T13:00:00.000Z,2026-08-17T12:00:00.000Z,2026-08-20,,0,SC BNU,CCM-SC,,false
LT77120252BR,001g800000kdoNZAAY,Mercado Livre,Coleta no Seller,Volume Grande,FerramentasMax,Sofia Costa,(42) 91643-8827,"Rua Sao Paulo, 1127",Boa Vista,Itajai,SC,89182-508,16.993,1133.66,Entregue,Entregue,2026-08-07T21:00:00.000Z,2026-08-09T02:00:00.000Z,2026-08-12,2026-08-10T10:00:00.000Z,0,SC BNU,CCM-SC,a0Fg8000006qKorEAE,false
LT77120253BR,001g800000kdoNSAAY,TikTok Shop,Coleta no Seller,Volume Grande,Xitou Marketplace,Gabriela Lima,(47) 93437-3226,"Rua Santa Catarina, 2175",Sao Cristovao,Paranagua,PR,94795-937,8.456,1033.47,Entregue,Entregue,2026-07-28T19:00:00.000Z,2026-07-29T05:00:00.000Z,2026-08-03,2026-07-30T21:00:00.000Z,0,PR SJS,ARP-PR,a0Fg8000006qKpJEAU,false
LT77120254BR,001g800000kdoNWAAY,Magalu,Coleta no DropOff,Volume Grande,Calcados Prime,Isabela Ferreira,(49) 95637-2484,"Rua Marechal Deodoro, 447",Boa Vista,Porto Alegre,RS,95147-721,5.762,968.86,Entregue,Entregue,2026-09-03T14:00:00.000Z,2026-09-04T17:00:00.000Z,2026-09-08,2026-09-06T20:00:00.000Z,0,RS NSR,F CNS-RS,a0Fg8000006qKpKEAU,false
LT77120255BR,001g800000kdoNZAAY,Shopee,Coleta no Seller,Volume Grande,FerramentasMax,Daniel Nascimento,(41) 94094-3578,"Rua Marechal Deodoro, 1839",Bairro Alto,Sao Leopoldo,RS,93320-746,9.65,707.21,Entregue,Entregue,2026-08-09T15:00:00.000Z,2026-08-10T12:00:00.000Z,2026-08-14,2026-08-14T04:00:00.000Z,0,RS NSR,POA-RS,a0Fg8000006qKp7EAE,false
LT77120256BR,001g800000kdqDzAAI,Amazon,Coleta no DropOff,Pacote,Casa e Cor Online,Isabela Nascimento,(45) 94314-4263,"Rua das Flores, 3195",Jardim America,Sao Jose dos Pinhais,PR,81680-321,10.808,582.62,Sem Movimentacao,Base de Entrega,2026-09-05T09:00:00.000Z,2026-09-05T16:00:00.000Z,2026-09-09,,0,PR SJS,F LOD-PR,,false
LT77120257BR,001g800000kdoNXAAY,AliExpress,Coleta no Seller,Volume Grande,Livraria Pagina Viva,Olivia Nascimento,(42) 95748-3675,"Av. das Torres, 2881",Boa Vista,Alvorada,RS,90860-325,14.192,311.28,Coletado,Motorista de Coleta,2026-08-18T18:00:00.000Z,2026-08-19T09:00:00.000Z,2026-08-21,,0,,,,false
LT77120258BR,001g800000kdqE2AAI,AliExpress,Coleta no Seller,Caixa,Moveis Serra Sul,Felipe Rodrigues,(42) 94698-1635,"Rua Santa Catarina, 3665",Bairro Alto,Curitiba,PR,98980-823,8.964,1000.84,Entregue,Entregue,2026-08-31T02:00:00.000Z,2026-09-01T07:00:00.000Z,2026-09-03,2026-09-03T20:00:00.000Z,0,PR SJS,F LOD-PR,a0Fg8000006qKotEAE,false
LT77120259BR,001g800000kdoNZAAY,TikTok Shop,Coleta no DropOff,Envelope,FerramentasMax,Isabela Pereira,(42) 96055-2093,"Rua Parana, 2778",Bairro Alto,Passo Fundo,RS,90445-679,9.894,95.67,Entregue,Entregue,2026-08-25T09:00:00.000Z,2026-08-25T14:00:00.000Z,2026-09-01,2026-08-27T14:00:00.000Z,0,RS NSR,F CNS-RS,a0Fg8000006qKpKEAU,false
LT77120260BR,001g800000kdqDyAAI,Mercado Livre,Coleta no DropOff,Envelope,TechNova BR,Rafaela Araujo,(41) 93668-8968,"Rua Sao Paulo, 3366",Sao Cristovao,Jaragua do Sul,SC,90717-390,17.384,261.58,Entregue,Entregue,2026-08-30T23:00:00.000Z,2026-09-01T00:00:00.000Z,2026-09-03,2026-09-03T19:00:00.000Z,0,SC BNU,CCM-SC,a0Fg8000006qKorEAE,false
LT77120261BR,001g800000kdoNXAAY,Shein,Coleta no DropOff,Pacote,Livraria Pagina Viva,Thiago Ferreira,(44) 98307-3964,"Av. Brasil, 102",Cidade Alta,Novo Hamburgo,RS,95657-583,4.646,771.36,Entregue,Entregue,2026-08-12T12:00:00.000Z,2026-08-13T14:00:00.000Z,2026-08-15,2026-08-15T17:00:00.000Z,0,RS NSR,POA-RS,a0Fg8000006qKp7EAE,false
LT77120262BR,001g800000kdqE1AAI,Shein,Coleta no Seller,Volume Grande,SuplementaBR,Olivia Costa,(44) 98636-8718,"Rua das Flores, 556",Industrial,Florianopolis,SC,90914-125,9.671,227.16,Entregue,Entregue,2026-08-25T08:00:00.000Z,2026-08-25T18:00:00.000Z,2026-08-30,2026-08-27T08:00:00.000Z,0,SC BNU,CCM-SC,a0Fg8000006qKpIEAU,false
LT77120263BR,001g800000kdoNXAAY,Loja Propria,Coleta no DropOff,Pacote,Livraria Pagina Viva,Nicolas Araujo,(45) 98090-7011,"Rua Marechal Deodoro, 45",Vila Nova,Lages,SC,81262-868,6.097,315.5,Entregue,Entregue,2026-08-08T12:00:00.000Z,2026-08-08T18:00:00.000Z,2026-08-13,2026-08-11T00:00:00.000Z,0,SC BNU,CCM-SC,a0Fg8000006qKpIEAU,false
LT77120264BR,001g800000kdqE2AAI,Loja Propria,Coleta no Seller,Volume Grande,Moveis Serra Sul,Rafaela Lima,(42) 91904-9384,"Av. das Torres, 780",Industrial,Canoas,RS,88461-982,11.707,958.06,Entregue,Entregue,2026-08-02T23:00:00.000Z,2026-08-03T12:00:00.000Z,2026-08-08,2026-08-06T00:00:00.000Z,0,RS NSR,POA-RS,a0Fg8000006qKp7EAE,false
LT77120265BR,001g800000kdqDyAAI,Mercado Livre,Coleta no Seller,Caixa,TechNova BR,Felipe Costa,(49) 95167-1790,"Rua Sao Paulo, 3296",Centro,Joinville,SC,91630-899,12.893,554.43,Entregue,Entregue,2026-08-10T19:00:00.000Z,2026-08-12T01:00:00.000Z,2026-08-17,2026-08-14T07:00:00.000Z,0,SC BNU,CCM-SC,a0Fg8000006qKorEAE,false
LT77120266BR,001g800000kdqkEAAQ,AliExpress,Coleta no DropOff,Volume Grande,Marilia Fontes Atelie,Henrique Carvalho,(47) 96013-4180,"Rua XV de Novembro, 276",Boa Vista,Maringa,PR,91890-637,4.913,362.18,Tentativa de Entrega,Motorista Last Mile,2026-07-29T17:00:00.000Z,2026-07-30T18:00:00.000Z,2026-08-05,,2,PR SJS,ARP-PR,a0Fg8000006qKpJEAU,false
LT77120267BR,001g800000kdqDzAAI,Mercado Livre,Coleta no Seller,Pacote,Casa e Cor Online,Lucas Nascimento,(46) 94271-7432,"Av. Sete de Setembro, 2281",Centro,Porto Alegre,RS,86132-312,6.34,788.75,Em Transferencia,Em Transferencia,2026-07-29T07:00:00.000Z,2026-07-30T11:00:00.000Z,2026-08-03,,0,RS NSR,,,false
LT77120268BR,001g800000kdoNVAAY,Shein,Coleta no DropOff,Pacote,VendeMais Online,Felipe Santos,(44) 96005-4171,"Rua Santa Catarina, 332",Vila Nova,Lages,SC,92520-105,5.316,274.8,Entregue,Entregue,2026-08-02T23:00:00.000Z,2026-08-03T14:00:00.000Z,2026-08-06,2026-08-05T19:00:00.000Z,0,SC BNU,CCM-SC,a0Fg8000006qKpIEAU,false
LT77120269BR,001g800000kdqDyAAI,Mercado Livre,Coleta no Seller,Envelope,TechNova BR,Karina Ribeiro,(42) 95522-9881,"Rua das Flores, 1606",Cidade Alta,Londrina,PR,93220-694,15.542,530.92,Entregue,Entregue,2026-08-14T17:00:00.000Z,2026-08-15T14:00:00.000Z,2026-08-17,2026-08-17T21:00:00.000Z,0,PR SJS,CIC-PR,a0Fg8000006qKp8EAE,false
LT77120270BR,001g800000kdqE4AAI,AliExpress,Coleta no Seller,Pacote,Confeccoes Vale do Itajai,Ana Pereira,(42) 91618-1645,"Rua das Flores, 421",Cidade Alta,Blumenau,SC,82200-341,17.451,94.74,Recebido na Base,Base de Entrega,2026-08-05T06:00:00.000Z,2026-08-06T01:00:00.000Z,2026-08-08,,0,SC BNU,TUB-SC,,false
LT77120271BR,001g800000kdqE0AAI,AliExpress,Coleta no Seller,Pacote,PetLar Suprimentos,Karina Lima,(49) 92336-2389,"Rua XV de Novembro, 332",Vila Nova,Gravatai,RS,81686-595,5.522,696.78,Em Triagem na Base,Base de Entrega,2026-07-28T15:00:00.000Z,2026-07-29T14:00:00.000Z,2026-08-03,,0,RS NSR,CXJ-RS,,false
LT77120272BR,001g800000kdqkEAAQ,Loja Propria,Coleta no Seller,Envelope,Marilia Fontes Atelie,Pedro Santos,(44) 96410-7450,"Rua Marechal Deodoro, 1130",Cidade Alta,Curitiba,PR,92563-315,17.365,338.22,Coletado,Motorista de Coleta,2026-08-20T12:00:00.000Z,2026-08-21T09:00:00.000Z,2026-08-24,,0,,,,false
LT77120273BR,001g800000kdoNYAAY,Shein,Coleta no DropOff,Pacote,AutoPecas do Sul,Isabela Lima,(47) 91345-7105,"Rua Marechal Deodoro, 3706",Sao Cristovao,Toledo,PR,99980-944,7.966,499.86,Tentativa de Entrega,Motorista Last Mile,2026-09-04T10:00:00.000Z,2026-09-05T10:00:00.000Z,2026-09-09,,2,PR SJS,F LOD-PR,a0Fg8000006qKotEAE,false
LT77120274BR,001g800000kdoNZAAY,Shopee,Coleta no DropOff,Pacote,FerramentasMax,Ana Araujo,(47) 95258-6201,"Rua Marechal Deodoro, 1607",Industrial,Santa Maria,RS,85136-987,6.001,1092.05,Em Rota de Entrega,Motorista Last Mile,2026-08-31T05:00:00.000Z,2026-08-31T21:00:00.000Z,2026-09-04,,0,RS NSR,CXJ-RS,a0Fg8000006qKosEAE,false
LT77120275BR,001g800000kdoNXAAY,Amazon,Coleta no DropOff,Envelope,Livraria Pagina Viva,Thiago Pereira,(41) 94639-5819,"Rua Santa Catarina, 2860",Boa Vista,Porto Alegre,RS,90527-894,8.27,1057.23,Retido,Base de Entrega,2026-08-13T07:00:00.000Z,2026-08-14T02:00:00.000Z,2026-08-20,,0,RS NSR,POA-RS,,false
LT77120276BR,001g800000kdqDxAAI,Loja Propria,Coleta no Seller,Envelope,ModaMix Confeccoes,Lucas Lima,(44) 98277-7980,"Av. das Torres, 3140",Centro,Curitiba,PR,82410-436,0.26,28.39,Entregue,Entregue,2026-08-19T07:00:00.000Z,2026-08-19T17:00:00.000Z,2026-08-24,2026-08-22T04:00:00.000Z,0,PR SJS,F LOD-PR,a0Fg8000006qKotEAE,false
LT77120277BR,001g800000kdqDxAAI,TikTok Shop,Coleta no Seller,Envelope,ModaMix Confeccoes,Nicolas Lima,(49) 92900-8853,"Av. Sete de Setembro, 1615",Vila Nova,Sao Jose dos Pinhais,PR,81370-337,4.944,717.05,Entregue,Entregue,2026-08-19T04:00:00.000Z,2026-08-19T13:00:00.000Z,2026-08-24,2026-08-21T21:00:00.000Z,0,PR SJS,ARP-PR,a0Fg8000006qKooEAE,false
LT77120278BR,001g800000kdqE2AAI,TikTok Shop,Coleta no Seller,Pacote,Moveis Serra Sul,Henrique Almeida,(48) 93477-1340,"Av. Getulio Vargas, 638",Sao Cristovao,Gravatai,RS,93260-629,14.314,358.87,Sem Movimentacao,Base de Entrega,2026-07-29T21:00:00.000Z,2026-07-30T18:00:00.000Z,2026-08-02,,0,RS NSR,POA-RS,,false
LT77120279BR,001g800000kdoNZAAY,Mercado Livre,Coleta no DropOff,Caixa,FerramentasMax,Eduarda Rodrigues,(41) 98056-9809,"Av. das Torres, 1142",Vila Nova,Colombo,PR,96931-364,5.807,1108.79,Devolvido ao Remetente,Devolvido,2026-08-29T07:00:00.000Z,2026-08-30T07:00:00.000Z,2026-09-03,,3,PR SJS,ARP-PR,a0Fg8000006qKooEAE,false
LT77120280BR,001g800000kdqDyAAI,Loja Propria,Coleta no DropOff,Pacote,TechNova BR,Nicolas Ribeiro,(46) 91314-8912,"Rua XV de Novembro, 810",Sao Cristovao,Guarapuava,PR,96393-598,3.075,182.81,Em Triagem no SC,Centro de Distribuicao,2026-08-04T06:00:00.000Z,2026-08-04T19:00:00.000Z,2026-08-08,,0,PR SJS,,,false
LT77120281BR,001g800000kdqkEAAQ,Mercado Livre,Coleta no Seller,Caixa,Marilia Fontes Atelie,Karina Nascimento,(49) 96137-5700,"Rua Santa Catarina, 3275",Vila Nova,Itajai,SC,81233-872,4.289,969.46,Entregue,Entregue,2026-07-27T20:00:00.000Z,2026-07-28T06:00:00.000Z,2026-07-31,2026-07-30T18:00:00.000Z,0,SC BNU,CCM-SC,a0Fg8000006qKorEAE,false
LT77120282BR,001g800000kdoNWAAY,Shein,Coleta no DropOff,Pacote,Calcados Prime,Eduarda Araujo,(41) 93248-7041,"Rua Santa Catarina, 2137",Cidade Alta,Novo Hamburgo,RS,80459-706,14.03,806.39,Entregue,Entregue,2026-08-01T23:00:00.000Z,2026-08-02T11:00:00.000Z,2026-08-07,2026-08-04T12:00:00.000Z,0,RS NSR,F CNS-RS,a0Fg8000006qKpKEAU,false
LT77120283BR,001g800000kdqDzAAI,Amazon,Coleta no DropOff,Volume Grande,Casa e Cor Online,Carla Carvalho,(41) 95604-4406,"Rua Santa Catarina, 2424",Industrial,Pelotas,RS,90316-285,7.407,257.27,Entregue,Entregue,2026-09-01T19:00:00.000Z,2026-09-02T20:00:00.000Z,2026-09-08,2026-09-05T20:00:00.000Z,0,RS NSR,CXJ-RS,a0Fg8000006qKosEAE,false
LT77120284BR,001g800000kdqDxAAI,Magalu,Coleta no Seller,Pacote,ModaMix Confeccoes,Isabela Araujo,(45) 96052-7233,"Av. Sete de Setembro, 2157",Vila Nova,Lages,SC,97225-186,5.466,882.98,Coletado,Motorista de Coleta,2026-08-19T02:00:00.000Z,2026-08-19T21:00:00.000Z,2026-08-23,,0,,,,false
LT77120285BR,001g800000kdoNSAAY,Loja Propria,Coleta no DropOff,Pacote,Xitou Marketplace,Ana Oliveira,(42) 99622-5820,"Rua Marechal Deodoro, 555",Boa Vista,Sao Jose dos Pinhais,PR,82381-707,9.046,379.9,Em Triagem na Base,Base de Entrega,2026-08-20T15:00:00.000Z,2026-08-21T19:00:00.000Z,2026-08-26,,0,PR SJS,ALM-PR,,false
LT77120286BR,001g800000kdoNWAAY,Magalu,Coleta no DropOff,Caixa,Calcados Prime,Felipe Ferreira,(46) 92410-9219,"Av. das Torres, 2080",Sao Cristovao,Caxias do Sul,RS,99287-523,5.541,743.71,Em Rota de Entrega,Motorista Last Mile,2026-08-10T06:00:00.000Z,2026-08-11T08:00:00.000Z,2026-08-14,,0,RS NSR,POA-RS,a0Fg8000006qKp7EAE,false
LT77120287BR,001g800000kdqkDAAQ,Amazon,Coleta no Seller,Pacote,Joao Pedro Nogueira,Rafaela Nascimento,(43) 98761-7652,"Rua Parana, 3545",Sao Cristovao,Maringa,PR,80743-545,15.974,1020.94,Entregue,Entregue,2026-09-02T00:00:00.000Z,2026-09-02T07:00:00.000Z,2026-09-07,2026-09-05T09:00:00.000Z,0,PR SJS,CIC-PR,a0Fg8000006qKp8EAE,false
LT77120288BR,001g800000kdoNSAAY,Magalu,Coleta no Seller,Volume Grande,Xitou Marketplace,Gabriela Nascimento,(47) 92205-4557,"Av. Brasil, 2125",Bairro Alto,Curitiba,PR,98205-415,12.314,135.98,Entregue,Entregue,2026-08-20T21:00:00.000Z,2026-08-21T05:00:00.000Z,2026-08-25,2026-08-23T16:00:00.000Z,0,PR SJS,ARP-PR,a0Fg8000006qKooEAE,false
LT77120289BR,001g800000kdoNaAAI,Magalu,Coleta no Seller,Pacote,Distribuidora Farmasul,Gabriela Costa,(41) 95430-6951,"Rua Santa Catarina, 3874",Boa Vista,Criciuma,SC,82530-234,1.555,802.11,Tentativa de Entrega,Motorista Last Mile,2026-08-07T08:00:00.000Z,2026-08-07T20:00:00.000Z,2026-08-13,,1,SC BNU,F JOI-SC,a0Fg8000006qKp4EAE,false
LT77120290BR,001g800000kdqE4AAI,TikTok Shop,Coleta no DropOff,Envelope,Confeccoes Vale do Itajai,Sofia Araujo,(49) 98925-1121,"Rua Sao Paulo, 1426",Boa Vista,Porto Alegre,RS,83311-191,2.267,487.81,Entregue,Entregue,2026-07-28T11:00:00.000Z,2026-07-28T16:00:00.000Z,2026-08-04,2026-07-31T10:00:00.000Z,0,RS NSR,POA-RS,a0Fg8000006qKp7EAE,false
LT77120291BR,001g800000kdqkEAAQ,Shein,Coleta no Seller,Volume Grande,Marilia Fontes Atelie,Eduarda Ferreira,(42) 94766-7190,"Rua Santa Catarina, 3597",Centro,Sapucaia do Sul,RS,98358-989,6.346,227.18,Em Transferencia,Em Transferencia,2026-09-05T05:00:00.000Z,2026-09-06T06:00:00.000Z,2026-09-10,,0,RS NSR,,,false
LT77120292BR,001g800000kdqkEAAQ,Shein,Coleta no Seller,Pacote,Marilia Fontes Atelie,Mariana Nascimento,(48) 94839-6933,"Rua Parana, 405",Bairro Alto,Santa Maria,RS,88140-350,5.749,353.22,Retido,Base de Entrega,2026-08-17T18:00:00.000Z,2026-08-18T11:00:00.000Z,2026-08-22,,0,RS NSR,F CNS-RS,,false
LT77120293BR,001g800000kdoNaAAI,Shopee,Coleta no Seller,Pacote,Distribuidora Farmasul,Thiago Oliveira,(43) 94057-1074,"Rua XV de Novembro, 1417",Jardim America,Blumenau,SC,92374-601,2.946,720.77,Entregue,Entregue,2026-08-08T01:00:00.000Z,2026-08-08T20:00:00.000Z,2026-08-15,2026-08-10T17:00:00.000Z,0,SC BNU,SJE-SC,a0Fg8000006qKpHEAU,false
LT77120294BR,001g800000kdoNVAAY,Shein,Coleta no Seller,Caixa,VendeMais Online,Eduarda Ferreira,(46) 92801-5829,"Rua XV de Novembro, 1232",Centro,Pelotas,RS,92126-425,13.335,77.3,Retido,Base de Entrega,2026-08-20T23:00:00.000Z,2026-08-21T19:00:00.000Z,2026-08-25,,0,RS NSR,F CNS-RS,,false
LT77120295BR,001g800000kdqDzAAI,Loja Propria,Coleta no Seller,Envelope,Casa e Cor Online,Felipe Lima,(44) 93952-9151,"Av. Brasil, 1690",Jardim America,Sao Leopoldo,RS,88233-547,13.681,434.38,Em Transferencia,Em Transferencia,2026-08-06T18:00:00.000Z,2026-08-07T11:00:00.000Z,2026-08-11,,0,RS NSR,,,false
LT77120296BR,001g800000kdqE2AAI,Shein,Coleta no Seller,Pacote,Moveis Serra Sul,Isabela Lima,(49) 96573-4466,"Rua XV de Novembro, 3469",Jardim America,Porto Alegre,RS,83667-357,5.84,1154.55,Entregue,Entregue,2026-08-20T01:00:00.000Z,2026-08-21T01:00:00.000Z,2026-08-26,2026-08-24T16:00:00.000Z,0,RS NSR,F PET-RS,a0Fg8000006qKowEAE,false
LT77120297BR,001g800000kdqDxAAI,Mercado Livre,Coleta no DropOff,Volume Grande,ModaMix Confeccoes,Lucas Santos,(41) 97814-3689,"Av. Sete de Setembro, 983",Sao Cristovao,Londrina,PR,85416-988,3.712,543.85,Entregue,Entregue,2026-08-26T21:00:00.000Z,2026-08-27T18:00:00.000Z,2026-08-31,2026-08-30T03:00:00.000Z,0,PR SJS,F ARP-PR,a0Fg8000006qKpEEAU,false
LT77120298BR,001g800000kdoNUAAY,Shopee,Coleta no Seller,Envelope,ShopLivre,Mariana Almeida,(42) 92465-3890,"Av. Brasil, 1609",Bairro Alto,Cascavel,PR,89555-205,10.707,440.35,Em Triagem na Base,Base de Entrega,2026-08-21T10:00:00.000Z,2026-08-22T02:00:00.000Z,2026-08-27,,0,PR SJS,ARP-PR,,false
LT77120299BR,001g800000kdqDzAAI,Magalu,Coleta no Seller,Caixa,Casa e Cor Online,Ana Santos,(42) 94824-5458,"Av. Getulio Vargas, 2090",Boa Vista,Sao Leopoldo,RS,87853-505,16.132,68.74,Entregue,Entregue,2026-08-01T20:00:00.000Z,2026-08-02T23:00:00.000Z,2026-08-07,2026-08-05T13:00:00.000Z,0,RS NSR,F PET-RS,a0Fg8000006qKowEAE,false
LT77120300BR,001g800000kdoNYAAY,Magalu,Coleta no Seller,Pacote,AutoPecas do Sul,Henrique Almeida,(42) 98639-5404,"Av. Sete de Setembro, 137",Industrial,Sao Jose dos Pinhais,PR,82843-553,4.841,723.76,Entregue,Entregue,2026-07-30T14:00:00.000Z,2026-07-30T23:00:00.000Z,2026-08-02,2026-08-03T03:00:00.000Z,0,PR SJS,ALM-PR,a0Fg8000006qKp5EAE,false
LT77120301BR,001g800000kdqE4AAI,Loja Propria,Coleta no Seller,Envelope,Confeccoes Vale do Itajai,Nicolas Costa,(43) 97664-2175,"Rua das Flores, 1039",Centro,Blumenau,SC,81641-258,15.733,1166.22,Sem Movimentacao,Base de Entrega,2026-08-08T01:00:00.000Z,2026-08-08T23:00:00.000Z,2026-08-12,,0,SC BNU,TUB-SC,,false
LT77120302BR,001g800000kdoNaAAI,Loja Propria,Coleta no Seller,Volume Grande,Distribuidora Farmasul,Ana Costa,(44) 94564-6669,"Av. das Torres, 2583",Sao Cristovao,Blumenau,SC,83841-258,6.514,1121.5,Devolvido ao Remetente,Devolvido,2026-08-31T14:00:00.000Z,2026-09-01T13:00:00.000Z,2026-09-03,,3,SC BNU,TUB-SC,a0Fg8000006qKp3EAE,false
LT77120303BR,001g800000kdqE1AAI,Amazon,Coleta no Seller,Pacote,SuplementaBR,Mariana Araujo,(44) 96084-2461,"Av. Brasil, 2530",Sao Cristovao,Apucarana,PR,98351-734,12.625,330.12,Retido,Base de Entrega,2026-08-05T00:00:00.000Z,2026-08-05T10:00:00.000Z,2026-08-10,,0,PR SJS,CIC-PR,,false
LT77120304BR,001g800000kdqkEAAQ,AliExpress,Coleta no DropOff,Pacote,Marilia Fontes Atelie,Lucas Silva,(48) 91503-5962,"Rua das Flores, 2652",Boa Vista,Chapeco,SC,93292-103,7.997,1106.09,Em Rota de Entrega,Motorista Last Mile,2026-09-01T00:00:00.000Z,2026-09-02T05:00:00.000Z,2026-09-05,,0,SC BNU,SJE-SC,a0Fg8000006qKpHEAU,false
LT77120305BR,001g800000kdqkEAAQ,Mercado Livre,Coleta no Seller,Envelope,Marilia Fontes Atelie,Felipe Araujo,(45) 95284-6026,"Av. Brasil, 3775",Bairro Alto,Passo Fundo,RS,80550-926,10.329,999.16,Entregue,Entregue,2026-08-30T16:00:00.000Z,2026-08-31T07:00:00.000Z,2026-09-03,2026-09-02T23:00:00.000Z,0,RS NSR,CXJ-RS,a0Fg8000006qKosEAE,false
LT77120306BR,001g800000kdoNWAAY,AliExpress,Coleta no Seller,Envelope,Calcados Prime,Ana Lima,(41) 98726-4021,"Rua Santa Catarina, 1040",Cidade Alta,Novo Hamburgo,RS,81557-302,15.902,825.39,Entregue,Entregue,2026-08-08T11:00:00.000Z,2026-08-09T09:00:00.000Z,2026-08-12,2026-08-12T02:00:00.000Z,0,RS NSR,CXJ-RS,a0Fg8000006qKosEAE,false
LT77120307BR,001g800000kdoNTAAY,Magalu,Coleta no DropOff,Volume Grande,Compria Marketplace,Olivia Nascimento,(46) 92262-6692,"Av. Sete de Setembro, 2544",Cidade Alta,Palhoca,SC,99165-915,7.828,215.96,Entregue,Entregue,2026-08-07T14:00:00.000Z,2026-08-08T00:00:00.000Z,2026-08-12,2026-08-10T13:00:00.000Z,0,SC BNU,F JOI-SC,a0Fg8000006qKp4EAE,false
LT77120308BR,001g800000kdqE2AAI,Magalu,Coleta no DropOff,Pacote,Moveis Serra Sul,Ana Barbosa,(46) 96995-8728,"Av. Getulio Vargas, 316",Cidade Alta,Santa Maria,RS,86817-234,15.169,140.8,Entregue,Entregue,2026-08-23T13:00:00.000Z,2026-08-24T13:00:00.000Z,2026-08-30,2026-08-27T16:00:00.000Z,0,RS NSR,CXJ-RS,a0Fg8000006qKosEAE,false
LT77120309BR,001g800000kdoNTAAY,Amazon,Coleta no DropOff,Envelope,Compria Marketplace,Eduarda Lima,(45) 99626-4119,"Av. das Torres, 993",Vila Nova,Alvorada,RS,98259-455,8.256,1150.58,Entregue,Entregue,2026-09-03T05:00:00.000Z,2026-09-04T03:00:00.000Z,2026-09-09,2026-09-07T03:00:00.000Z,0,RS NSR,F CNS-RS,a0Fg8000006qKpKEAU,false
LT77120310BR,001g800000kdqE4AAI,Magalu,Coleta no Seller,Pacote,Confeccoes Vale do Itajai,Karina Carvalho,(45) 99759-4382,"Av. Brasil, 1511",Cidade Alta,Guarapuava,PR,92279-525,15.509,166.15,Entregue,Entregue,2026-08-02T09:00:00.000Z,2026-08-03T07:00:00.000Z,2026-08-08,2026-08-06T12:00:00.000Z,0,PR SJS,ARP-PR,a0Fg8000006qKonEAE,false
LT77120311BR,001g800000kdqE0AAI,AliExpress,Coleta no Seller,Volume Grande,PetLar Suprimentos,Carla Ferreira,(48) 98248-4545,"Rua Marechal Deodoro, 3657",Boa Vista,Paranagua,PR,94977-353,14.26,800.57,Tentativa de Entrega,Motorista Last Mile,2026-08-04T17:00:00.000Z,2026-08-04T21:00:00.000Z,2026-08-07,,2,PR SJS,F ARP-PR,a0Fg8000006qKpEEAU,false
LT77120312BR,001g800000kdoNYAAY,TikTok Shop,Coleta no Seller,Pacote,AutoPecas do Sul,Nicolas Lima,(44) 98055-5057,"Av. Sete de Setembro, 1341",Industrial,Curitiba,PR,83548-619,6.335,901.43,Recebido na Base,Base de Entrega,2026-07-30T03:00:00.000Z,2026-07-30T13:00:00.000Z,2026-08-06,,0,PR SJS,F LOD-PR,,false
LT77120313BR,001g800000kdqDyAAI,AliExpress,Coleta no Seller,Pacote,TechNova BR,Henrique Silva,(49) 94708-3552,"Av. das Torres, 301",Industrial,Chapeco,SC,98860-108,9.596,470.46,Extraviado,Base de Entrega,2026-08-15T22:00:00.000Z,2026-08-17T00:00:00.000Z,2026-08-18,,0,SC BNU,SJE-SC,a0Fg8000006qKpHEAU,false
LT77120314BR,001g800000kdqE2AAI,TikTok Shop,Coleta no DropOff,Envelope,Moveis Serra Sul,Olivia Rodrigues,(44) 93123-7095,"Rua XV de Novembro, 3647",Industrial,Porto Alegre,RS,81142-839,3.443,1015.73,Entregue,Entregue,2026-08-12T17:00:00.000Z,2026-08-13T13:00:00.000Z,2026-08-16,2026-08-15T17:00:00.000Z,0,RS NSR,POA-RS,a0Fg8000006qKp7EAE,false
LT77120315BR,001g800000kdoNYAAY,Loja Propria,Coleta no DropOff,Pacote,AutoPecas do Sul,Bruno Barbosa,(41) 92725-6665,"Av. Brasil, 954",Industrial,Chapeco,SC,99844-804,9.311,489.87,Entregue,Entregue,2026-08-20T01:00:00.000Z,2026-08-20T11:00:00.000Z,2026-08-23,2026-08-22T11:00:00.000Z,0,SC BNU,TUB-SC,a0Fg8000006qKopEAE,false
LT77120316BR,001g800000kdoNYAAY,Loja Propria,Coleta no Seller,Envelope,AutoPecas do Sul,Nicolas Araujo,(41) 95409-1048,"Av. Sete de Setembro, 671",Cidade Alta,Paranagua,PR,86231-523,3.675,1039.76,Recebido na Base,Base de Entrega,2026-08-06T15:00:00.000Z,2026-08-06T23:00:00.000Z,2026-08-12,,0,PR SJS,F ARP-PR,,false
LT77120317BR,001g800000kdqE1AAI,Amazon,Coleta no Seller,Caixa,SuplementaBR,Gabriela Rodrigues,(41) 93643-9283,"Rua Marechal Deodoro, 2132",Sao Cristovao,Colombo,PR,90370-318,17.18,36.64,Em Triagem no SC,Centro de Distribuicao,2026-08-01T09:00:00.000Z,2026-08-01T18:00:00.000Z,2026-08-08,,0,PR SJS,,,false
LT77120318BR,001g800000kdqDxAAI,Loja Propria,Coleta no Seller,Volume Grande,ModaMix Confeccoes,Valentina Silva,(45) 95389-1762,"Rua XV de Novembro, 2133",Industrial,Foz do Iguacu,PR,99173-409,14.161,27.89,Extraviado,Base de Entrega,2026-09-04T11:00:00.000Z,2026-09-05T11:00:00.000Z,2026-09-10,,0,PR SJS,CIC-PR,a0Fg8000006qKp8EAE,false
LT77120319BR,001g800000kdoNXAAY,Shopee,Coleta no Seller,Pacote,Livraria Pagina Viva,Gabriela Araujo,(41) 94838-9841,"Rua das Flores, 3726",Cidade Alta,Jaragua do Sul,SC,97880-133,1.562,843.78,Entregue,Entregue,2026-08-08T17:00:00.000Z,2026-08-09T03:00:00.000Z,2026-08-14,2026-08-11T22:00:00.000Z,0,SC BNU,SJE-SC,a0Fg8000006qKpHEAU,false
LT77120320BR,001g800000kdoNUAAY,AliExpress,Coleta no Seller,Volume Grande,ShopLivre,Henrique Santos,(48) 98069-7334,"Rua XV de Novembro, 3682",Vila Nova,Joinville,SC,95847-461,6.193,293.57,Entregue,Entregue,2026-09-02T20:00:00.000Z,2026-09-03T02:00:00.000Z,2026-09-08,2026-09-06T06:00:00.000Z,0,SC BNU,SJE-SC,a0Fg8000006qKpHEAU,false
LT77120321BR,001g800000kdoNZAAY,Amazon,Coleta no Seller,Volume Grande,FerramentasMax,Rafaela Ferreira,(49) 97356-2394,"Rua XV de Novembro, 1593",Bairro Alto,Sao Leopoldo,RS,92918-750,16.828,811.15,Retido,Base de Entrega,2026-08-24T01:00:00.000Z,2026-08-24T12:00:00.000Z,2026-08-28,,0,RS NSR,F CNS-RS,,false
LT77120322BR,001g800000kdoNZAAY,Shein,Coleta no Seller,Volume Grande,FerramentasMax,Pedro Barbosa,(49) 94797-8993,"Rua XV de Novembro, 3210",Bairro Alto,Novo Hamburgo,RS,90426-998,7.241,908.17,Entregue,Entregue,2026-08-29T05:00:00.000Z,2026-08-29T11:00:00.000Z,2026-09-01,2026-09-01T14:00:00.000Z,0,RS NSR,CXJ-RS,a0Fg8000006qKosEAE,false
LT77120323BR,001g800000kdqDzAAI,AliExpress,Coleta no DropOff,Envelope,Casa e Cor Online,Ana Barbosa,(49) 92520-5894,"Av. Brasil, 1293",Boa Vista,Itajai,SC,84602-509,3.117,223.77,Devolvido ao Remetente,Devolvido,2026-08-29T00:00:00.000Z,2026-08-29T18:00:00.000Z,2026-09-04,,3,SC BNU,CCM-SC,a0Fg8000006qKpIEAU,false
LT77120324BR,001g800000kdoNXAAY,Mercado Livre,Coleta no Seller,Pacote,Livraria Pagina Viva,Valentina Rodrigues,(44) 93948-3561,"Rua Santa Catarina, 2837",Cidade Alta,Guarapuava,PR,80827-601,8.265,169.6,Retido,Base de Entrega,2026-08-15T07:00:00.000Z,2026-08-15T20:00:00.000Z,2026-08-18,,0,PR SJS,CIC-PR,,false
LT77120325BR,001g800000kdoNVAAY,AliExpress,Coleta no Seller,Pacote,VendeMais Online,Bruno Araujo,(47) 98872-2760,"Av. das Torres, 1479",Industrial,Balneario Camboriu,SC,87893-168,1.609,49.29,Entregue,Entregue,2026-08-09T03:00:00.000Z,2026-08-09T12:00:00.000Z,2026-08-14,2026-08-13T01:00:00.000Z,0,SC BNU,F BLU-SC,a0Fg8000006qKp6EAE,false
LT77120326BR,001g800000kdqE4AAI,Shein,Coleta no Seller,Pacote,Confeccoes Vale do Itajai,Lucas Souza,(43) 95860-8930,"Rua Sao Paulo, 2046",Vila Nova,Criciuma,SC,91928-120,2.161,948.79,Entregue,Entregue,2026-08-24T13:00:00.000Z,2026-08-25T03:00:00.000Z,2026-08-29,2026-08-27T17:00:00.000Z,0,SC BNU,SJE-SC,a0Fg8000006qKpHEAU,false
LT77120327BR,001g800000kdoNTAAY,TikTok Shop,Coleta no Seller,Pacote,Compria Marketplace,Carla Barbosa,(48) 93890-3218,"Rua das Flores, 450",Cidade Alta,Ponta Grossa,PR,98284-773,14.673,1100.59,Sem Movimentacao,Base de Entrega,2026-08-19T11:00:00.000Z,2026-08-19T23:00:00.000Z,2026-08-23,,0,PR SJS,ARP-PR,,false
LT77120328BR,001g800000kdqkEAAQ,Magalu,Coleta no Seller,Pacote,Marilia Fontes Atelie,Felipe Rodrigues,(45) 94125-9474,"Rua Marechal Deodoro, 106",Sao Cristovao,Tubarao,SC,88702-236,13.164,522.36,Retido,Base de Entrega,2026-08-12T21:00:00.000Z,2026-08-13T01:00:00.000Z,2026-08-16,,0,SC BNU,F JOI-SC,,false
LT77120329BR,001g800000kdqDyAAI,Magalu,Coleta no DropOff,Volume Grande,TechNova BR,Pedro Lima,(46) 93486-8842,"Av. Brasil, 3347",Sao Cristovao,Itajai,SC,92265-227,13.98,1039.71,Tentativa de Entrega,Motorista Last Mile,2026-08-06T12:00:00.000Z,2026-08-07T06:00:00.000Z,2026-08-11,,2,SC BNU,F BLU-SC,a0Fg8000006qKp6EAE,false
LT77120330BR,001g800000kdqE4AAI,Shein,Coleta no DropOff,Pacote,Confeccoes Vale do Itajai,Lucas Oliveira,(46) 97059-9695,"Rua das Flores, 2804",Cidade Alta,Londrina,PR,97452-546,4.377,87.38,Entregue,Entregue,2026-08-20T20:00:00.000Z,2026-08-21T08:00:00.000Z,2026-08-26,2026-08-24T08:00:00.000Z,0,PR SJS,CIC-PR,a0Fg8000006qKp8EAE,false
LT77120331BR,001g800000kdoNZAAY,Shopee,Coleta no Seller,Pacote,FerramentasMax,Henrique Nascimento,(42) 93020-1849,"Rua das Flores, 1585",Jardim America,Gravatai,RS,88728-181,14.764,839.69,Entregue,Entregue,2026-08-20T00:00:00.000Z,2026-08-20T04:00:00.000Z,2026-08-25,2026-08-22T19:00:00.000Z,0,RS NSR,CXJ-RS,a0Fg8000006qKosEAE,false
LT77120332BR,001g800000kdqDxAAI,Shein,Coleta no Seller,Volume Grande,ModaMix Confeccoes,Isabela Oliveira,(48) 99535-1742,"Av. Brasil, 1873",Jardim America,Sao Leopoldo,RS,84558-368,3.971,467.82,Em Rota de Entrega,Motorista Last Mile,2026-08-27T06:00:00.000Z,2026-08-27T18:00:00.000Z,2026-09-01,,0,RS NSR,CXJ-RS,a0Fg8000006qKosEAE,false
LT77120333BR,001g800000kdqE1AAI,Loja Propria,Coleta no DropOff,Envelope,SuplementaBR,Joao Lima,(43) 91818-8151,"Av. Brasil, 394",Industrial,Maringa,PR,93237-628,0.56,692.41,Entregue,Entregue,2026-08-30T20:00:00.000Z,2026-08-31T07:00:00.000Z,2026-09-05,2026-09-02T05:00:00.000Z,0,PR SJS,CIC-PR,a0Fg8000006qKp8EAE,false
LT77120334BR,001g800000kdoNVAAY,AliExpress,Coleta no Seller,Volume Grande,VendeMais Online,Henrique Almeida,(49) 94998-8516,"Rua XV de Novembro, 2024",Centro,Palhoca,SC,86885-670,7.696,775.58,Em Rota de Entrega,Motorista Last Mile,2026-08-29T10:00:00.000Z,2026-08-29T22:00:00.000Z,2026-09-03,,0,SC BNU,CCM-SC,a0Fg8000006qKorEAE,false
LT77120335BR,001g800000kdoNaAAI,TikTok Shop,Coleta no DropOff,Pacote,Distribuidora Farmasul,Valentina Santos,(44) 99677-8727,"Av. Brasil, 3964",Vila Nova,Ponta Grossa,PR,92117-908,13.419,27.49,Entregue,Entregue,2026-08-29T11:00:00.000Z,2026-08-30T11:00:00.000Z,2026-09-05,2026-09-02T21:00:00.000Z,0,PR SJS,ARP-PR,a0Fg8000006qKooEAE,false
LT77120336BR,001g800000kdqkEAAQ,Magalu,Coleta no Seller,Pacote,Marilia Fontes Atelie,Daniel Rodrigues,(46) 93030-1184,"Av. Brasil, 1054",Industrial,Canoas,RS,82981-953,11.486,1142.84,Entregue,Entregue,2026-08-16T12:00:00.000Z,2026-08-17T09:00:00.000Z,2026-08-23,2026-08-20T08:00:00.000Z,0,RS NSR,F CNS-RS,a0Fg8000006qKpKEAU,false
LT77120337BR,001g800000kdoNZAAY,Loja Propria,Coleta no Seller,Volume Grande,FerramentasMax,Pedro Pereira,(44) 96703-1832,"Av. das Torres, 3442",Bairro Alto,Novo Hamburgo,RS,81939-511,3.301,788.41,Retido,Base de Entrega,2026-08-31T09:00:00.000Z,2026-09-01T13:00:00.000Z,2026-09-06,,0,RS NSR,POA-RS,,false
LT77120338BR,001g800000kdqE4AAI,AliExpress,Coleta no Seller,Volume Grande,Confeccoes Vale do Itajai,Nicolas Silva,(45) 91663-2307,"Rua das Flores, 1192",Cidade Alta,Sao Jose,SC,84671-997,11.347,1140.36,Entregue,Entregue,2026-08-24T11:00:00.000Z,2026-08-25T13:00:00.000Z,2026-08-27,2026-08-28T00:00:00.000Z,0,SC BNU,TUB-SC,a0Fg8000006qKp3EAE,false
LT77120339BR,001g800000kdoNaAAI,Shopee,Coleta no DropOff,Volume Grande,Distribuidora Farmasul,Ana Ferreira,(45) 94448-4258,"Rua das Flores, 2551",Industrial,Itajai,SC,94522-387,13.857,342.83,Entregue,Entregue,2026-07-31T19:00:00.000Z,2026-08-01T03:00:00.000Z,2026-08-07,2026-08-03T06:00:00.000Z,0,SC BNU,SJE-SC,a0Fg8000006qKpHEAU,false
LT77120340BR,001g800000kdoNaAAI,Loja Propria,Coleta no Seller,Pacote,Distribuidora Farmasul,Ana Oliveira,(42) 91269-1209,"Rua Santa Catarina, 3872",Cidade Alta,Blumenau,SC,88694-140,11.44,151.86,Entregue,Entregue,2026-09-02T08:00:00.000Z,2026-09-03T11:00:00.000Z,2026-09-05,2026-09-07T01:00:00.000Z,0,SC BNU,TUB-SC,a0Fg8000006qKp3EAE,false
LT77120341BR,001g800000kdoNSAAY,AliExpress,Coleta no Seller,Pacote,Xitou Marketplace,Mariana Rodrigues,(48) 99962-3065,"Av. Sete de Setembro, 3078",Industrial,Foz do Iguacu,PR,80648-264,10.008,1024.09,Devolvido ao Remetente,Devolvido,2026-09-03T05:00:00.000Z,2026-09-03T10:00:00.000Z,2026-09-06,,3,PR SJS,CIC-PR,a0Fg8000006qKp8EAE,false
LT77120342BR,001g800000kdqE0AAI,Magalu,Coleta no DropOff,Pacote,PetLar Suprimentos,Karina Costa,(49) 92765-6210,"Rua Parana, 1104",Vila Nova,Balneario Camboriu,SC,80671-278,12.792,547.14,Entregue,Entregue,2026-08-21T04:00:00.000Z,2026-08-22T01:00:00.000Z,2026-08-25,2026-08-24T01:00:00.000Z,0,SC BNU,TUB-SC,a0Fg8000006qKp3EAE,false
LT77120343BR,001g800000kdoNYAAY,Shein,Coleta no Seller,Envelope,AutoPecas do Sul,Nicolas Almeida,(45) 92043-7597,"Av. das Torres, 1916",Centro,Guarapuava,PR,84534-941,0.176,872.29,Entregue,Entregue,2026-08-02T14:00:00.000Z,2026-08-02T19:00:00.000Z,2026-08-07,2026-08-05T20:00:00.000Z,0,PR SJS,CIC-PR,a0Fg8000006qKp8EAE,false
LT77120344BR,001g800000kdoNXAAY,TikTok Shop,Coleta no Seller,Caixa,Livraria Pagina Viva,Valentina Ribeiro,(41) 93223-7182,"Rua das Flores, 1642",Vila Nova,Alvorada,RS,94168-916,11.219,453.88,Entregue,Entregue,2026-08-25T21:00:00.000Z,2026-08-27T02:00:00.000Z,2026-08-30,2026-08-30T18:00:00.000Z,0,RS NSR,POA-RS,a0Fg8000006qKp7EAE,false
LT77120345BR,001g800000kdqE4AAI,Mercado Livre,Coleta no Seller,Volume Grande,Confeccoes Vale do Itajai,Bruno Nascimento,(43) 92517-6661,"Av. Sete de Setembro, 3885",Jardim America,Blumenau,SC,88795-440,2.268,1084.17,Entregue,Entregue,2026-09-03T18:00:00.000Z,2026-09-04T23:00:00.000Z,2026-09-10,2026-09-08T00:00:00.000Z,0,SC BNU,CCM-SC,a0Fg8000006qKorEAE,false
LT77120346BR,001g800000kdqDzAAI,AliExpress,Coleta no Seller,Pacote,Casa e Cor Online,Ana Pereira,(43) 99307-9400,"Av. Brasil, 573",Boa Vista,Santa Maria,RS,80631-798,3.802,638.82,Entregue,Entregue,2026-08-03T08:00:00.000Z,2026-08-03T17:00:00.000Z,2026-08-07,2026-08-06T20:00:00.000Z,0,RS NSR,F PET-RS,a0Fg8000006qKowEAE,false
LT77120347BR,001g800000kdqkDAAQ,Shopee,Coleta no DropOff,Pacote,Joao Pedro Nogueira,Mariana Pereira,(46) 98521-4058,"Rua Parana, 3209",Centro,Toledo,PR,80518-489,9.216,597.65,Entregue,Entregue,2026-08-26T03:00:00.000Z,2026-08-27T05:00:00.000Z,2026-08-31,2026-08-30T11:00:00.000Z,0,PR SJS,ARP-PR,a0Fg8000006qKooEAE,false
LT77120348BR,001g800000kdoNSAAY,Shopee,Coleta no DropOff,Caixa,Xitou Marketplace,Ana Araujo,(46) 95528-1592,"Av. Brasil, 3038",Industrial,Ponta Grossa,PR,91309-162,9.316,775.13,Entregue,Entregue,2026-09-04T09:00:00.000Z,2026-09-05T00:00:00.000Z,2026-09-08,2026-09-07T11:00:00.000Z,0,PR SJS,F LOD-PR,a0Fg8000006qKotEAE,false
LT77120349BR,001g800000kdqDzAAI,Mercado Livre,Coleta no Seller,Caixa,Casa e Cor Online,Rafaela Nascimento,(43) 97975-7240,"Av. Getulio Vargas, 3357",Cidade Alta,Pelotas,RS,99752-851,7.694,593.42,Sem Movimentacao,Base de Entrega,2026-08-06T01:00:00.000Z,2026-08-07T02:00:00.000Z,2026-08-11,,0,RS NSR,F PET-RS,,false
LT77120350BR,001g800000kdoNVAAY,AliExpress,Coleta no Seller,Volume Grande,VendeMais Online,Ana Carvalho,(46) 94259-9830,"Rua Marechal Deodoro, 348",Sao Cristovao,Sao Jose,SC,97267-119,13.979,460.4,Em Triagem no SC,Centro de Distribuicao,2026-08-02T19:00:00.000Z,2026-08-03T23:00:00.000Z,2026-08-06,,0,SC BNU,,,false
LT77120351BR,001g800000kdqE2AAI,Loja Propria,Coleta no Seller,Envelope,Moveis Serra Sul,Gabriela Rodrigues,(48) 92266-3438,"Rua Santa Catarina, 2220",Cidade Alta,Tubarao,SC,83575-113,3.759,592.14,Entregue,Entregue,2026-08-06T13:00:00.000Z,2026-08-07T14:00:00.000Z,2026-08-11,2026-08-09T17:00:00.000Z,0,SC BNU,TUB-SC,a0Fg8000006qKp3EAE,false
LT77120352BR,001g800000kdqDyAAI,Shein,Coleta no DropOff,Caixa,TechNova BR,Olivia Pereira,(42) 94767-2546,"Rua XV de Novembro, 711",Sao Cristovao,Passo Fundo,RS,87524-511,15.642,653.86,Entregue,Entregue,2026-09-04T08:00:00.000Z,2026-09-04T20:00:00.000Z,2026-09-07,2026-09-06T20:00:00.000Z,0,RS NSR,F PET-RS,a0Fg8000006qKowEAE,false
LT77120353BR,001g800000kdqkEAAQ,Amazon,Coleta no Seller,Caixa,Marilia Fontes Atelie,Thiago Lima,(43) 91710-8051,"Rua XV de Novembro, 553",Jardim America,Rio Grande,RS,97166-113,8.398,163.75,Em Transferencia,Em Transferencia,2026-08-04T04:00:00.000Z,2026-08-04T18:00:00.000Z,2026-08-09,,0,RS NSR,,,false
LT77120354BR,001g800000kdqkEAAQ,TikTok Shop,Coleta no DropOff,Volume Grande,Marilia Fontes Atelie,Daniel Silva,(47) 97688-8962,"Av. Getulio Vargas, 515",Bairro Alto,Caxias do Sul,RS,96526-461,1.061,925.33,Retido,Base de Entrega,2026-08-11T03:00:00.000Z,2026-08-12T09:00:00.000Z,2026-08-15,,0,RS NSR,POA-RS,,false
LT77120355BR,001g800000kdqkDAAQ,Mercado Livre,Coleta no DropOff,Pacote,Joao Pedro Nogueira,Thiago Santos,(49) 96149-6885,"Rua XV de Novembro, 3693",Sao Cristovao,Cascavel,PR,85729-496,15.712,851.01,Entregue,Entregue,2026-08-09T19:00:00.000Z,2026-08-10T15:00:00.000Z,2026-08-14,2026-08-13T11:00:00.000Z,0,PR SJS,ARP-PR,a0Fg8000006qKonEAE,false
LT77120356BR,001g800000kdqE1AAI,TikTok Shop,Coleta no Seller,Pacote,SuplementaBR,Joao Almeida,(43) 98566-1398,"Av. Brasil, 3941",Cidade Alta,Palhoca,SC,99503-539,8.728,502.72,Retido,Base de Entrega,2026-09-02T08:00:00.000Z,2026-09-02T21:00:00.000Z,2026-09-08,,0,SC BNU,F JOI-SC,,false
LT77120357BR,001g800000kdoNTAAY,Loja Propria,Coleta no Seller,Envelope,Compria Marketplace,Pedro Silva,(44) 97578-4410,"Av. das Torres, 3354",Jardim America,Novo Hamburgo,RS,88307-991,11.564,337.46,Tentativa de Entrega,Motorista Last Mile,2026-08-11T18:00:00.000Z,2026-08-12T09:00:00.000Z,2026-08-15,,2,RS NSR,CXJ-RS,a0Fg8000006qKosEAE,false
LT77120358BR,001g800000kdqE4AAI,Amazon,Coleta no Seller,Envelope,Confeccoes Vale do Itajai,Mariana Ribeiro,(46) 92810-6700,"Av. Brasil, 1904",Vila Nova,Sao Jose,SC,86717-320,0.228,580.73,Tentativa de Entrega,Motorista Last Mile,2026-08-01T22:00:00.000Z,2026-08-03T03:00:00.000Z,2026-08-04,,2,SC BNU,SJE-SC,a0Fg8000006qKpHEAU,false
LT77120359BR,001g800000kdqDxAAI,Shopee,Coleta no Seller,Envelope,ModaMix Confeccoes,Valentina Nascimento,(46) 93346-1677,"Rua Marechal Deodoro, 762",Boa Vista,Apucarana,PR,99949-777,14.865,905.06,Entregue,Entregue,2026-08-11T10:00:00.000Z,2026-08-12T14:00:00.000Z,2026-08-16,2026-08-15T20:00:00.000Z,0,PR SJS,CIC-PR,a0Fg8000006qKp8EAE,false
LT77120360BR,001g800000kdqE0AAI,Mercado Livre,Coleta no Seller,Envelope,PetLar Suprimentos,Sofia Rodrigues,(42) 96476-2467,"Rua Parana, 2266",Bairro Alto,Passo Fundo,RS,91766-241,9.9,695.05,Entregue,Entregue,2026-08-10T15:00:00.000Z,2026-08-11T11:00:00.000Z,2026-08-13,2026-08-13T06:00:00.000Z,0,RS NSR,F PET-RS,a0Fg8000006qKowEAE,false
LT77120361BR,001g800000kdoNYAAY,Mercado Livre,Coleta no Seller,Volume Grande,AutoPecas do Sul,Sofia Araujo,(42) 94012-3406,"Rua XV de Novembro, 310",Cidade Alta,Londrina,PR,95478-881,17.582,871.65,Sem Movimentacao,Base de Entrega,2026-08-27T05:00:00.000Z,2026-08-28T10:00:00.000Z,2026-08-30,,0,PR SJS,F ARP-PR,,false
LT77120362BR,001g800000kdqE0AAI,Shopee,Coleta no DropOff,Volume Grande,PetLar Suprimentos,Valentina Barbosa,(41) 95067-8346,"Rua Santa Catarina, 1389",Bairro Alto,Ponta Grossa,PR,96343-104,3.334,932.12,Em Triagem no SC,Centro de Distribuicao,2026-08-27T21:00:00.000Z,2026-08-28T16:00:00.000Z,2026-09-01,,0,PR SJS,,,false
LT77120363BR,001g800000kdqDyAAI,Amazon,Coleta no DropOff,Pacote,TechNova BR,Bruno Rodrigues,(47) 92934-2314,"Rua Marechal Deodoro, 3534",Sao Cristovao,Toledo,PR,95678-288,8.224,789.11,Entregue,Entregue,2026-08-10T02:00:00.000Z,2026-08-10T20:00:00.000Z,2026-08-15,2026-08-14T21:00:00.000Z,0,PR SJS,F ARP-PR,a0Fg8000006qKpEEAU,false
LT77120364BR,001g800000kdqE4AAI,Shein,Coleta no DropOff,Pacote,Confeccoes Vale do Itajai,Pedro Almeida,(47) 91585-7727,"Rua Marechal Deodoro, 1421",Bairro Alto,Canoas,RS,92732-485,6.851,940.21,Entregue,Entregue,2026-07-29T03:00:00.000Z,2026-07-29T09:00:00.000Z,2026-08-03,2026-08-01T14:00:00.000Z,0,RS NSR,CXJ-RS,a0Fg8000006qKosEAE,false
LT77120365BR,001g800000kdoNaAAI,Amazon,Coleta no DropOff,Pacote,Distribuidora Farmasul,Gabriela Ferreira,(48) 95836-1864,"Rua Santa Catarina, 1578",Jardim America,Joinville,SC,80613-192,7.118,405.71,Entregue,Entregue,2026-08-15T09:00:00.000Z,2026-08-15T14:00:00.000Z,2026-08-20,2026-08-18T15:00:00.000Z,0,SC BNU,CCM-SC,a0Fg8000006qKpIEAU,false
LT77120366BR,001g800000kdoNVAAY,Mercado Livre,Coleta no Seller,Pacote,VendeMais Online,Thiago Ferreira,(46) 93586-8297,"Rua Marechal Deodoro, 52",Jardim America,Chapeco,SC,87793-641,15.689,194.83,Entregue,Entregue,2026-07-28T23:00:00.000Z,2026-07-29T11:00:00.000Z,2026-08-01,2026-07-31T04:00:00.000Z,0,SC BNU,F BLU-SC,a0Fg8000006qKp6EAE,false
LT77120367BR,001g800000kdqE0AAI,Shein,Coleta no DropOff,Pacote,PetLar Suprimentos,Bruno Silva,(49) 96200-7330,"Av. Getulio Vargas, 3892",Boa Vista,Sapucaia do Sul,RS,81347-642,5.509,936.91,Entregue,Entregue,2026-08-29T21:00:00.000Z,2026-08-30T17:00:00.000Z,2026-09-05,2026-09-01T16:00:00.000Z,0,RS NSR,POA-RS,a0Fg8000006qKp7EAE,false
LT77120368BR,001g800000kdqDyAAI,Magalu,Coleta no Seller,Pacote,TechNova BR,Felipe Barbosa,(49) 91994-1934,"Av. Getulio Vargas, 338",Bairro Alto,Itajai,SC,92250-174,16.869,498.1,Entregue,Entregue,2026-08-20T02:00:00.000Z,2026-08-20T14:00:00.000Z,2026-08-24,2026-08-23T12:00:00.000Z,0,SC BNU,TUB-SC,a0Fg8000006qKp3EAE,false
LT77120369BR,001g800000kdoNUAAY,Magalu,Coleta no Seller,Envelope,ShopLivre,Eduarda Almeida,(46) 93901-3120,"Av. Getulio Vargas, 3228",Cidade Alta,Joinville,SC,99398-462,4.541,643.32,Entregue,Entregue,2026-08-19T04:00:00.000Z,2026-08-20T09:00:00.000Z,2026-08-24,2026-08-22T17:00:00.000Z,0,SC BNU,TUB-SC,a0Fg8000006qKp3EAE,false
LT77120370BR,001g800000kdqDzAAI,Loja Propria,Coleta no Seller,Volume Grande,Casa e Cor Online,Joao Almeida,(42) 99152-3732,"Rua XV de Novembro, 1450",Industrial,Paranagua,PR,91745-253,1.51,894.44,Entregue,Entregue,2026-07-31T22:00:00.000Z,2026-08-02T01:00:00.000Z,2026-08-05,2026-08-04T13:00:00.000Z,0,PR SJS,F ARP-PR,a0Fg8000006qKpEEAU,false
LT77120371BR,001g800000kdqDzAAI,AliExpress,Coleta no DropOff,Envelope,Casa e Cor Online,Eduarda Oliveira,(41) 95961-1782,"Av. Sete de Setembro, 2914",Jardim America,Canoas,RS,87541-454,12.293,972.48,Entregue,Entregue,2026-08-15T00:00:00.000Z,2026-08-15T15:00:00.000Z,2026-08-20,2026-08-18T11:00:00.000Z,0,RS NSR,F PET-RS,a0Fg8000006qKowEAE,false
LT77120372BR,001g800000kdqE2AAI,Magalu,Coleta no DropOff,Envelope,Moveis Serra Sul,Ana Oliveira,(49) 92663-4947,"Rua Sao Paulo, 880",Jardim America,Caxias do Sul,RS,89992-651,17.005,1153.88,Entregue,Entregue,2026-08-30T19:00:00.000Z,2026-08-31T09:00:00.000Z,2026-09-04,2026-09-02T14:00:00.000Z,0,RS NSR,POA-RS,a0Fg8000006qKp7EAE,false
LT77120373BR,001g800000kdqkEAAQ,Shein,Coleta no Seller,Pacote,Marilia Fontes Atelie,Joao Barbosa,(43) 93085-6034,"Rua Santa Catarina, 490",Boa Vista,Passo Fundo,RS,86904-344,7.324,869.89,Entregue,Entregue,2026-08-20T16:00:00.000Z,2026-08-21T07:00:00.000Z,2026-08-27,2026-08-23T07:00:00.000Z,0,RS NSR,F CNS-RS,a0Fg8000006qKpKEAU,false
LT77120374BR,001g800000kdqE1AAI,TikTok Shop,Coleta no Seller,Envelope,SuplementaBR,Carla Pereira,(43) 95738-1759,"Av. das Torres, 472",Cidade Alta,Guarapuava,PR,89136-886,12.527,276.05,Entregue,Entregue,2026-08-04T02:00:00.000Z,2026-08-05T06:00:00.000Z,2026-08-09,2026-08-08T10:00:00.000Z,0,PR SJS,ALM-PR,a0Fg8000006qKp5EAE,false
LT77120375BR,001g800000kdoNYAAY,Mercado Livre,Coleta no DropOff,Pacote,AutoPecas do Sul,Isabela Silva,(48) 92964-2916,"Rua das Flores, 871",Vila Nova,Paranagua,PR,81523-754,10.458,436.86,Em Triagem na Base,Base de Entrega,2026-08-06T12:00:00.000Z,2026-08-07T12:00:00.000Z,2026-08-09,,0,PR SJS,F LOD-PR,,false
LT77120376BR,001g800000kdoNVAAY,AliExpress,Coleta no Seller,Caixa,VendeMais Online,Olivia Ribeiro,(42) 97452-1156,"Av. Getulio Vargas, 3201",Vila Nova,Itajai,SC,83732-410,10.698,657.24,Extraviado,Base de Entrega,2026-08-06T06:00:00.000Z,2026-08-07T02:00:00.000Z,2026-08-12,,0,SC BNU,CCM-SC,a0Fg8000006qKorEAE,false
LT77120377BR,001g800000kdoNZAAY,Mercado Livre,Coleta no DropOff,Envelope,FerramentasMax,Olivia Araujo,(48) 99762-8323,"Rua das Flores, 781",Cidade Alta,Caxias do Sul,RS,89198-300,16.75,235.25,Em Triagem na Base,Base de Entrega,2026-08-27T11:00:00.000Z,2026-08-28T08:00:00.000Z,2026-09-01,,0,RS NSR,POA-RS,,false
LT77120378BR,001g800000kdqDyAAI,Loja Propria,Coleta no Seller,Envelope,TechNova BR,Joao Araujo,(48) 91220-5832,"Av. Sete de Setembro, 3992",Industrial,Tubarao,SC,93776-202,5.053,650.54,Entregue,Entregue,2026-08-16T20:00:00.000Z,2026-08-17T23:00:00.000Z,2026-08-22,2026-08-21T00:00:00.000Z,0,SC BNU,SJE-SC,a0Fg8000006qKpHEAU,false
LT77120379BR,001g800000kdoNTAAY,Loja Propria,Coleta no Seller,Volume Grande,Compria Marketplace,Carla Rodrigues,(41) 95807-6693,"Av. Sete de Setembro, 2253",Jardim America,Sao Jose dos Pinhais,PR,97411-298,7.226,786.03,Em Transferencia,Em Transferencia,2026-08-28T21:00:00.000Z,2026-08-29T07:00:00.000Z,2026-09-02,,0,PR SJS,,,false
LT77120380BR,001g800000kdoNaAAI,AliExpress,Coleta no Seller,Pacote,Distribuidora Farmasul,Mariana Souza,(45) 99002-1711,"Av. das Torres, 2746",Centro,Chapeco,SC,89530-745,14.141,104.06,Entregue,Entregue,2026-08-28T15:00:00.000Z,2026-08-28T22:00:00.000Z,2026-09-02,2026-08-31T06:00:00.000Z,0,SC BNU,CCM-SC,a0Fg8000006qKorEAE,false
LT77120381BR,001g800000kdqDyAAI,Amazon,Coleta no DropOff,Envelope,TechNova BR,Henrique Rodrigues,(42) 91588-7581,"Rua Santa Catarina, 831",Boa Vista,Balneario Camboriu,SC,93909-491,12.443,369.84,Entregue,Entregue,2026-08-20T22:00:00.000Z,2026-08-21T12:00:00.000Z,2026-08-25,2026-08-24T03:00:00.000Z,0,SC BNU,F JOI-SC,a0Fg8000006qKp4EAE,false
LT77120382BR,001g800000kdqDyAAI,TikTok Shop,Coleta no DropOff,Pacote,TechNova BR,Valentina Lima,(48) 91547-8361,"Rua Santa Catarina, 3087",Jardim America,Lages,SC,83701-594,0.951,599.92,Em Rota de Entrega,Motorista Last Mile,2026-08-29T21:00:00.000Z,2026-08-30T15:00:00.000Z,2026-09-03,,0,SC BNU,TUB-SC,a0Fg8000006qKp3EAE,false
LT77120383BR,001g800000kdoNSAAY,Shopee,Coleta no Seller,Caixa,Xitou Marketplace,Henrique Barbosa,(42) 91398-1814,"Rua das Flores, 3780",Jardim America,Chapeco,SC,82117-575,7.387,939.31,Entregue,Entregue,2026-08-24T03:00:00.000Z,2026-08-25T05:00:00.000Z,2026-08-29,2026-08-28T15:00:00.000Z,0,SC BNU,F BLU-SC,a0Fg8000006qKp6EAE,false
LT77120384BR,001g800000kdoNTAAY,Mercado Livre,Coleta no Seller,Envelope,Compria Marketplace,Olivia Rodrigues,(43) 94841-6743,"Av. Brasil, 3332",Sao Cristovao,Chapeco,SC,99816-361,3.641,997.27,Entregue,Entregue,2026-08-10T22:00:00.000Z,2026-08-11T08:00:00.000Z,2026-08-13,2026-08-13T07:00:00.000Z,0,SC BNU,F BLU-SC,a0Fg8000006qKp6EAE,false
LT77120385BR,001g800000kdoNXAAY,Shopee,Coleta no DropOff,Pacote,Livraria Pagina Viva,Olivia Silva,(49) 96065-6999,"Rua Marechal Deodoro, 3080",Cidade Alta,Caxias do Sul,RS,88777-950,2.406,944.22,Entregue,Entregue,2026-08-08T00:00:00.000Z,2026-08-08T22:00:00.000Z,2026-08-11,2026-08-11T12:00:00.000Z,0,RS NSR,CXJ-RS,a0Fg8000006qKosEAE,false
LT77120386BR,001g800000kdoNTAAY,Shein,Coleta no Seller,Envelope,Compria Marketplace,Lucas Oliveira,(45) 96417-7838,"Av. das Torres, 3310",Jardim America,Guarapuava,PR,81911-339,11.182,668.42,Devolvido ao Remetente,Devolvido,2026-07-30T14:00:00.000Z,2026-07-31T06:00:00.000Z,2026-08-02,,3,PR SJS,ARP-PR,a0Fg8000006qKpJEAU,false
LT77120387BR,001g800000kdoNTAAY,Magalu,Coleta no Seller,Caixa,Compria Marketplace,Eduarda Ribeiro,(42) 91807-3408,"Av. Getulio Vargas, 1812",Industrial,Cascavel,PR,85944-607,2.002,209.15,Entregue,Entregue,2026-08-28T02:00:00.000Z,2026-08-28T21:00:00.000Z,2026-09-02,2026-08-30T16:00:00.000Z,0,PR SJS,ALM-PR,a0Fg8000006qKp5EAE,false
LT77120388BR,001g800000kdoNTAAY,TikTok Shop,Coleta no DropOff,Pacote,Compria Marketplace,Bruno Almeida,(47) 99310-5687,"Rua das Flores, 3980",Cidade Alta,Joinville,SC,87395-966,1.53,548.49,Em Rota de Entrega,Motorista Last Mile,2026-09-03T01:00:00.000Z,2026-09-03T21:00:00.000Z,2026-09-07,,0,SC BNU,F BLU-SC,a0Fg8000006qKp6EAE,false
LT77120389BR,001g800000kdqDyAAI,Mercado Livre,Coleta no Seller,Envelope,TechNova BR,Rafaela Silva,(41) 97426-6811,"Rua Santa Catarina, 1151",Bairro Alto,Florianopolis,SC,87112-218,16.517,903.93,Em Triagem no SC,Centro de Distribuicao,2026-08-24T10:00:00.000Z,2026-08-24T19:00:00.000Z,2026-08-27,,0,SC BNU,,,false
LT77120390BR,001g800000kdoNXAAY,Mercado Livre,Coleta no Seller,Pacote,Livraria Pagina Viva,Isabela Ribeiro,(48) 98964-6557,"Rua Santa Catarina, 2778",Centro,Paranagua,PR,89761-779,1.677,23.65,Recebido na Base,Base de Entrega,2026-08-03T23:00:00.000Z,2026-08-04T06:00:00.000Z,2026-08-07,,0,PR SJS,ARP-PR,,false
LT77120391BR,001g800000kdoNVAAY,Magalu,Coleta no Seller,Volume Grande,VendeMais Online,Mariana Oliveira,(41) 96805-7739,"Rua Sao Paulo, 1264",Vila Nova,Novo Hamburgo,RS,91394-909,5.173,127.0,Entregue,Entregue,2026-08-06T04:00:00.000Z,2026-08-07T07:00:00.000Z,2026-08-09,2026-08-10T00:00:00.000Z,0,RS NSR,CXJ-RS,a0Fg8000006qKosEAE,false
LT77120392BR,001g800000kdqDxAAI,Amazon,Coleta no DropOff,Caixa,ModaMix Confeccoes,Joao Nascimento,(41) 98809-8449,"Rua XV de Novembro, 3052",Bairro Alto,Novo Hamburgo,RS,96660-791,4.913,325.15,Entregue,Entregue,2026-08-06T00:00:00.000Z,2026-08-07T01:00:00.000Z,2026-08-11,2026-08-10T01:00:00.000Z,0,RS NSR,F CNS-RS,a0Fg8000006qKpKEAU,false
LT77120393BR,001g800000kdqE0AAI,Shopee,Coleta no DropOff,Pacote,PetLar Suprimentos,Carla Nascimento,(45) 94930-2078,"Rua Marechal Deodoro, 1952",Jardim America,Rio Grande,RS,95924-186,3.689,389.62,Entregue,Entregue,2026-08-03T19:00:00.000Z,2026-08-04T13:00:00.000Z,2026-08-08,2026-08-06T19:00:00.000Z,0,RS NSR,F CNS-RS,a0Fg8000006qKpKEAU,false
LT77120394BR,001g800000kdoNZAAY,Mercado Livre,Coleta no Seller,Pacote,FerramentasMax,Lucas Lima,(44) 93031-2825,"Av. Brasil, 1532",Jardim America,Apucarana,PR,80395-701,15.137,499.85,Entregue,Entregue,2026-08-26T00:00:00.000Z,2026-08-27T02:00:00.000Z,2026-09-01,2026-08-29T18:00:00.000Z,0,PR SJS,ARP-PR,a0Fg8000006qKooEAE,false
LT77120395BR,001g800000kdqE1AAI,Loja Propria,Coleta no Seller,Pacote,SuplementaBR,Valentina Carvalho,(46) 94117-4926,"Av. das Torres, 2030",Boa Vista,Canoas,RS,99795-186,6.374,1124.22,Retido,Base de Entrega,2026-07-29T14:00:00.000Z,2026-07-30T18:00:00.000Z,2026-08-05,,0,RS NSR,F PET-RS,,false
LT77120396BR,001g800000kdoNSAAY,Mercado Livre,Coleta no DropOff,Pacote,Xitou Marketplace,Carla Souza,(42) 99194-6189,"Rua das Flores, 526",Jardim America,Palhoca,SC,97950-184,14.714,618.08,Entregue,Entregue,2026-08-25T19:00:00.000Z,2026-08-26T21:00:00.000Z,2026-09-01,2026-08-29T00:00:00.000Z,0,SC BNU,F JOI-SC,a0Fg8000006qKp4EAE,false
LT77120397BR,001g800000kdoNVAAY,TikTok Shop,Coleta no Seller,Envelope,VendeMais Online,Ana Ferreira,(48) 93919-7466,"Rua Marechal Deodoro, 1268",Sao Cristovao,Alvorada,RS,93711-225,14.101,704.72,Sem Movimentacao,Base de Entrega,2026-08-18T01:00:00.000Z,2026-08-18T23:00:00.000Z,2026-08-21,,0,RS NSR,CXJ-RS,,false
LT77120398BR,001g800000kdoNSAAY,Shopee,Coleta no Seller,Envelope,Xitou Marketplace,Henrique Santos,(49) 94724-6106,"Rua XV de Novembro, 1278",Bairro Alto,Toledo,PR,95572-724,16.904,418.96,Entregue,Entregue,2026-09-01T01:00:00.000Z,2026-09-01T11:00:00.000Z,2026-09-06,2026-09-03T20:00:00.000Z,0,PR SJS,ARP-PR,a0Fg8000006qKooEAE,false
LT77120399BR,001g800000kdqE2AAI,Magalu,Coleta no DropOff,Pacote,Moveis Serra Sul,Rafaela Pereira,(45) 99420-8009,"Av. Brasil, 3408",Bairro Alto,Palhoca,SC,94877-459,4.467,879.6,Em Rota de Entrega,Motorista Last Mile,2026-08-20T06:00:00.000Z,2026-08-21T04:00:00.000Z,2026-08-25,,0,SC BNU,TUB-SC,a0Fg8000006qKp3EAE,false
LT77120400BR,001g800000kdoNUAAY,Loja Propria,Coleta no Seller,Envelope,ShopLivre,Gabriela Ribeiro,(41) 95392-5019,"Rua Santa Catarina, 1082",Vila Nova,Novo Hamburgo,RS,89350-467,16.868,624.92,Tentativa de Entrega,Motorista Last Mile,2026-08-10T21:00:00.000Z,2026-08-11T09:00:00.000Z,2026-08-13,,2,RS NSR,CXJ-RS,a0Fg8000006qKosEAE,false
LT77120401BR,001g800000kdoNYAAY,Loja Propria,Coleta no Seller,Pacote,AutoPecas do Sul,Gabriela Ferreira,(46) 96574-7815,"Rua Marechal Deodoro, 1168",Cidade Alta,Alvorada,RS,89968-562,3.625,129.01,Sem Movimentacao,Base de Entrega,2026-08-28T09:00:00.000Z,2026-08-29T12:00:00.000Z,2026-09-03,,0,RS NSR,F PET-RS,,false
LT77120402BR,001g800000kdoNSAAY,Loja Propria,Coleta no DropOff,Envelope,Xitou Marketplace,Sofia Oliveira,(45) 98194-9036,"Rua Sao Paulo, 3122",Cidade Alta,Jaragua do Sul,SC,85795-272,1.098,492.93,Entregue,Entregue,2026-08-15T18:00:00.000Z,2026-08-16T04:00:00.000Z,2026-08-19,2026-08-18T23:00:00.000Z,0,SC BNU,SJE-SC,a0Fg8000006qKpHEAU,false
LT77120403BR,001g800000kdoNWAAY,AliExpress,Coleta no Seller,Envelope,Calcados Prime,Mariana Araujo,(42) 96214-7344,"Av. Brasil, 3241",Boa Vista,Rio Grande,RS,87470-337,13.778,499.03,Entregue,Entregue,2026-08-02T15:00:00.000Z,2026-08-03T02:00:00.000Z,2026-08-05,2026-08-05T15:00:00.000Z,0,RS NSR,F PET-RS,a0Fg8000006qKowEAE,false
LT77120404BR,001g800000kdqE0AAI,Amazon,Coleta no DropOff,Volume Grande,PetLar Suprimentos,Henrique Ferreira,(42) 99386-7726,"Av. Brasil, 1787",Jardim America,Toledo,PR,90261-951,4.916,362.92,Entregue,Entregue,2026-07-31T03:00:00.000Z,2026-08-01T05:00:00.000Z,2026-08-05,2026-08-04T06:00:00.000Z,0,PR SJS,ARP-PR,a0Fg8000006qKooEAE,false
LT77120405BR,001g800000kdoNTAAY,Shopee,Coleta no Seller,Pacote,Compria Marketplace,Lucas Rodrigues,(44) 93163-2709,"Rua das Flores, 603",Vila Nova,Alvorada,RS,84411-450,3.833,1083.43,Retido,Base de Entrega,2026-08-26T15:00:00.000Z,2026-08-27T13:00:00.000Z,2026-08-29,,0,RS NSR,CXJ-RS,,false
LT77120406BR,001g800000kdoNYAAY,Mercado Livre,Coleta no DropOff,Pacote,AutoPecas do Sul,Henrique Lima,(46) 91506-4419,"Av. Sete de Setembro, 2844",Sao Cristovao,Caxias do Sul,RS,99846-927,6.433,919.5,Entregue,Entregue,2026-08-03T19:00:00.000Z,2026-08-04T10:00:00.000Z,2026-08-07,2026-08-07T04:00:00.000Z,0,RS NSR,POA-RS,a0Fg8000006qKp7EAE,false
LT77120407BR,001g800000kdqE4AAI,Loja Propria,Coleta no Seller,Pacote,Confeccoes Vale do Itajai,Joao Pereira,(44) 99598-5371,"Rua XV de Novembro, 110",Jardim America,Jaragua do Sul,SC,86538-890,12.373,822.77,Entregue,Entregue,2026-09-02T12:00:00.000Z,2026-09-03T17:00:00.000Z,2026-09-07,2026-09-06T11:00:00.000Z,0,SC BNU,CCM-SC,a0Fg8000006qKpIEAU,false
LT77120408BR,001g800000kdqE2AAI,AliExpress,Coleta no Seller,Pacote,Moveis Serra Sul,Sofia Oliveira,(44) 95443-5353,"Rua das Flores, 1436",Cidade Alta,Caxias do Sul,RS,98821-334,15.568,672.26,Retido,Base de Entrega,2026-08-18T14:00:00.000Z,2026-08-19T01:00:00.000Z,2026-08-23,,0,RS NSR,CXJ-RS,,false
LT77120409BR,001g800000kdqDxAAI,Shein,Coleta no Seller,Envelope,ModaMix Confeccoes,Nicolas Costa,(49) 96311-1500,"Av. Brasil, 2392",Industrial,Sao Jose dos Pinhais,PR,90301-559,6.138,55.37,Entregue,Entregue,2026-07-31T11:00:00.000Z,2026-08-01T05:00:00.000Z,2026-08-06,2026-08-03T11:00:00.000Z,0,PR SJS,ALM-PR,a0Fg8000006qKp5EAE,false
LT77120410BR,001g800000kdqE4AAI,Loja Propria,Coleta no Seller,Pacote,Confeccoes Vale do Itajai,Ana Almeida,(44) 93532-3933,"Rua XV de Novembro, 1658",Vila Nova,Itajai,SC,90651-454,9.49,164.79,Entregue,Entregue,2026-08-01T12:00:00.000Z,2026-08-01T19:00:00.000Z,2026-08-05,2026-08-03T07:00:00.000Z,0,SC BNU,F JOI-SC,a0Fg8000006qKp4EAE,false
LT77120411BR,001g800000kdoNZAAY,Mercado Livre,Coleta no Seller,Caixa,FerramentasMax,Bruno Almeida,(48) 99580-7556,"Rua Marechal Deodoro, 232",Cidade Alta,Santa Maria,RS,90321-363,4.016,527.18,Entregue,Entregue,2026-09-03T00:00:00.000Z,2026-09-04T02:00:00.000Z,2026-09-08,2026-09-07T07:00:00.000Z,0,RS NSR,F PET-RS,a0Fg8000006qKowEAE,false
LT77120412BR,001g800000kdoNSAAY,TikTok Shop,Coleta no Seller,Caixa,Xitou Marketplace,Olivia Nascimento,(44) 93146-1640,"Rua das Flores, 810",Boa Vista,Santa Maria,RS,96464-269,10.306,255.51,Retido,Base de Entrega,2026-08-10T02:00:00.000Z,2026-08-10T21:00:00.000Z,2026-08-16,,0,RS NSR,CXJ-RS,,false
LT77120413BR,001g800000kdqDyAAI,Shein,Coleta no Seller,Pacote,TechNova BR,Karina Ribeiro,(42) 99120-6537,"Av. Getulio Vargas, 538",Sao Cristovao,Toledo,PR,87896-761,4.264,342.18,Entregue,Entregue,2026-07-31T22:00:00.000Z,2026-08-01T19:00:00.000Z,2026-08-05,2026-08-04T12:00:00.000Z,0,PR SJS,F ARP-PR,a0Fg8000006qKpEEAU,false
LT77120414BR,001g800000kdoNYAAY,AliExpress,Coleta no Seller,Caixa,AutoPecas do Sul,Mariana Ribeiro,(43) 95463-8313,"Rua Santa Catarina, 1425",Bairro Alto,Apucarana,PR,87951-953,5.745,73.56,Entregue,Entregue,2026-07-30T13:00:00.000Z,2026-07-31T08:00:00.000Z,2026-08-03,2026-08-03T03:00:00.000Z,0,PR SJS,F LOD-PR,a0Fg8000006qKotEAE,false
LT77120415BR,001g800000kdqDzAAI,AliExpress,Coleta no DropOff,Envelope,Casa e Cor Online,Pedro Lima,(44) 96918-7866,"Av. Getulio Vargas, 37",Cidade Alta,Itajai,SC,97388-706,5.06,1177.6,Retido,Base de Entrega,2026-08-21T17:00:00.000Z,2026-08-22T00:00:00.000Z,2026-08-25,,0,SC BNU,F JOI-SC,,false
LT77120416BR,001g800000kdoNUAAY,Magalu,Coleta no Seller,Caixa,ShopLivre,Daniel Almeida,(42) 96920-1125,"Av. Sete de Setembro, 1096",Industrial,Guarapuava,PR,98140-554,7.074,188.45,Entregue,Entregue,2026-08-30T16:00:00.000Z,2026-08-31T10:00:00.000Z,2026-09-06,2026-09-02T15:00:00.000Z,0,PR SJS,ARP-PR,a0Fg8000006qKonEAE,false
LT77120417BR,001g800000kdqE0AAI,Shein,Coleta no DropOff,Envelope,PetLar Suprimentos,Karina Santos,(44) 93208-2365,"Av. Sete de Setembro, 3853",Centro,Cascavel,PR,96818-479,17.758,135.83,Em Triagem na Base,Base de Entrega,2026-08-01T12:00:00.000Z,2026-08-01T22:00:00.000Z,2026-08-07,,0,PR SJS,CLB-PR,,false
LT77120418BR,001g800000kdoNWAAY,Shein,Coleta no DropOff,Pacote,Calcados Prime,Olivia Santos,(48) 96724-2679,"Rua Santa Catarina, 2540",Industrial,Sapucaia do Sul,RS,92440-744,14.802,612.04,Em Transferencia,Em Transferencia,2026-08-18T10:00:00.000Z,2026-08-19T15:00:00.000Z,2026-08-22,,0,RS NSR,,,false
LT77120419BR,001g800000kdqDxAAI,Amazon,Coleta no Seller,Pacote,ModaMix Confeccoes,Henrique Nascimento,(42) 91828-9587,"Rua das Flores, 776",Boa Vista,Florianopolis,SC,87984-440,16.447,370.97,Entregue,Entregue,2026-07-28T17:00:00.000Z,2026-07-28T22:00:00.000Z,2026-08-03,2026-07-30T20:00:00.000Z,0,SC BNU,TUB-SC,a0Fg8000006qKopEAE,false
LT77120420BR,001g800000kdoNYAAY,Shopee,Coleta no Seller,Pacote,AutoPecas do Sul,Pedro Rodrigues,(44) 93669-7500,"Av. Sete de Setembro, 2576",Jardim America,Porto Alegre,RS,94236-594,5.284,546.69,Em Rota de Entrega,Motorista Last Mile,2026-07-30T20:00:00.000Z,2026-07-31T17:00:00.000Z,2026-08-03,,0,RS NSR,POA-RS,a0Fg8000006qKp7EAE,false
