LT_Shipment__r.LT_Tracking_Code__c,LT_Event_Type__c,LT_Event_DateTime__c,LT_Unit__r.Unit_Code__c,LT_Driver__c,LT_Location_City__c,LT_Notes__c
LT77120001BR,Etiqueta Gerada,2026-08-26T17:00:00.000Z,,,,Pedido postado pelo embarcador.
LT77120001BR,Coleta Realizada,2026-08-27T01:00:00.000Z,,,,Coleta realizada.
LT77120001BR,Chegada ao SC,2026-08-27T16:00:00.000Z,PR SJS,,,
LT77120001BR,Triagem no SC,2026-08-27T18:00:00.000Z,PR SJS,,,
LT77120001BR,Saida do SC (Transferencia),2026-08-27T20:00:00.000Z,PR SJS,,,
LT77120001BR,Chegada a Base,2026-08-28T01:00:00.000Z,ARP-PR,,,
LT77120001BR,Triagem na Base,2026-08-28T04:00:00.000Z,ARP-PR,,,
LT77120001BR,Bipado para Rota,2026-08-28T04:30:00.000Z,ARP-PR,a0Fg8000006qKooEAE,,
LT77120001BR,Saiu para Entrega,2026-08-28T05:00:00.000Z,,a0Fg8000006qKooEAE,Foz do Iguacu,
LT77120001BR,Entregue,2026-08-28T09:00:00.000Z,,a0Fg8000006qKooEAE,Foz do Iguacu,Entregue ao destinatario.
LT77120002BR,Etiqueta Gerada,2026-08-23T01:00:00.000Z,,,,Pedido postado pelo embarcador.
LT77120002BR,Coleta Realizada,2026-08-23T16:00:00.000Z,,,,Coleta realizada.
LT77120002BR,Chegada ao SC,2026-08-24T06:00:00.000Z,PR SJS,,,
LT77120002BR,Triagem no SC,2026-08-24T08:00:00.000Z,PR SJS,,,
LT77120002BR,Saida do SC (Transferencia),2026-08-24T15:00:00.000Z,PR SJS,,,
LT77120002BR,Chegada a Base,2026-08-24T23:00:00.000Z,ARP-PR,,,
LT77120002BR,Triagem na Base,2026-08-25T02:00:00.000Z,ARP-PR,,,
LT77120002BR,Retido,2026-08-26T20:00:00.000Z,ARP-PR,,,Passou do prazo de entrega sem sucesso.
LT77120003BR,Etiqueta Gerada,2026-08-15T05:00:00.000Z,,,,Pedido postado pelo embarcador.
LT77120003BR,Coleta Realizada,2026-08-15T19:00:00.000Z,,,,Coleta realizada.
LT77120003BR,Chegada ao SC,2026-08-16T14:00:00.000Z,RS NSR,,,
LT77120003BR,Triagem no SC,2026-08-16T16:00:00.000Z,RS NSR,,,
LT77120003BR,Saida do SC (Transferencia),2026-08-16T20:00:00.000Z,RS NSR,,,
LT77120004BR,Etiqueta Gerada,2026-09-01T21:00:00.000Z,,,,Pedido postado pelo embarcador.
LT77120004BR,Coleta Realizada,2026-09-02T04:00:00.000Z,,,,Coleta realizada.
LT77120004BR,Chegada ao SC,2026-09-02T22:00:00.000Z,SC BNU,,,
LT77120004BR,Triagem no SC,2026-09-03T00:00:00.000Z,SC BNU,,,
LT77120004BR,Saida do SC (Transferencia),2026-09-03T07:00:00.000Z,SC BNU,,,
LT77120004BR,Chegada a Base,2026-09-03T21:00:00.000Z,TUB-SC,,,
LT77120004BR,Triagem na Base,2026-09-04T00:00:00.000Z,TUB-SC,,,
LT77120004BR,Bipado para Rota,2026-09-04T00:30:00.000Z,TUB-SC,a0Fg8000006qKp3EAE,,
LT77120004BR,Saiu para Entrega,2026-09-04T01:00:00.000Z,,a0Fg8000006qKp3EAE,Lages,
LT77120004BR,Entregue,2026-09-04T04:00:00.000Z,,a0Fg8000006qKp3EAE,Lages,Entregue ao destinatario.
LT77120005BR,Etiqueta Gerada,2026-08-04T23:00:00.000Z,,,,Pedido postado pelo embarcador.
LT77120005BR,Coleta Realizada,2026-08-05T17:00:00.000Z,,,,Coleta realizada.
LT77120005BR,Chegada ao SC,2026-08-06T10:00:00.000Z,PR SJS,,,
LT77120005BR,Triagem no SC,2026-08-06T12:00:00.000Z,PR SJS,,,
LT77120005BR,Saida do SC (Transferencia),2026-08-06T14:00:00.000Z,PR SJS,,,
LT77120005BR,Chegada a Base,2026-08-06T22:00:00.000Z,ARP-PR,,,
LT77120005BR,Triagem na Base,2026-08-07T01:00:00.000Z,ARP-PR,,,
LT77120005BR,Bipado para Rota,2026-08-07T00:30:00.000Z,ARP-PR,a0Fg8000006qKonEAE,,
LT77120005BR,Saiu para Entrega,2026-08-07T01:00:00.000Z,,a0Fg8000006qKonEAE,Ponta Grossa,
LT77120005BR,Entregue,2026-08-07T11:00:00.000Z,,a0Fg8000006qKonEAE,Ponta Grossa,Entregue ao destinatario.
LT77120006BR,Etiqueta Gerada,2026-08-16T10:00:00.000Z,,,,Pedido postado pelo embarcador.
LT77120006BR,Coleta Realizada,2026-08-17T12:00:00.000Z,,,,Coleta realizada.
LT77120006BR,Chegada ao SC,2026-08-18T18:00:00.000Z,RS NSR,,,
LT77120006BR,Triagem no SC,2026-08-18T20:00:00.000Z,RS NSR,,,
LT77120006BR,Saida do SC (Transferencia),2026-08-19T02:00:00.000Z,RS NSR,,,
LT77120006BR,Chegada a Base,2026-08-19T07:00:00.000Z,POA-RS,,,
LT77120006BR,Triagem na Base,2026-08-19T10:00:00.000Z,POA-RS,,,
LT77120006BR,Bipado para Rota,2026-08-19T18:30:00.000Z,POA-RS,a0Fg8000006qKp7EAE,,
LT77120006BR,Saiu para Entrega,2026-08-19T19:00:00.000Z,,a0Fg8000006qKp7EAE,Passo Fundo,
LT77120006BR,Entregue,2026-08-19T21:00:00.000Z,,a0Fg8000006qKp7EAE,Passo Fundo,Entregue ao destinatario.
LT77120007BR,Etiqueta Gerada,2026-08-19T06:00:00.000Z,,,,Pedido postado pelo embarcador.
LT77120007BR,Coleta Realizada,2026-08-19T22:00:00.000Z,,,,Coleta realizada.
LT77120007BR,Chegada ao SC,2026-08-20T06:00:00.000Z,PR SJS,,,
LT77120007BR,Triagem no SC,2026-08-20T08:00:00.000Z,PR SJS,,,
LT77120007BR,Saida do SC (Transferencia),2026-08-20T23:00:00.000Z,PR SJS,,,
LT77120007BR,Chegada a Base,2026-08-21T15:00:00.000Z,F ARP-PR,,,
LT77120007BR,Triagem na Base,2026-08-21T18:00:00.000Z,F ARP-PR,,,
LT77120007BR,Bipado para Rota,2026-08-22T03:30:00.000Z,F ARP-PR,a0Fg8000006qKpEEAU,,
LT77120007BR,Saiu para Entrega,2026-08-22T04:00:00.000Z,,a0Fg8000006qKpEEAU,Paranagua,
LT77120007BR,Entregue,2026-08-22T08:00:00.000Z,,a0Fg8000006qKpEEAU,Paranagua,Entregue ao destinatario.
LT77120008BR,Etiqueta Gerada,2026-08-18T17:00:00.000Z,,,,Pedido postado pelo embarcador.
LT77120008BR,Coleta Realizada,2026-08-19T22:00:00.000Z,,,,Coleta realizada.
LT77120008BR,Chegada ao SC,2026-08-21T10:00:00.000Z,SC BNU,,,
LT77120008BR,Triagem no SC,2026-08-21T12:00:00.000Z,SC BNU,,,
LT77120008BR,Saida do SC (Transferencia),2026-08-21T13:00:00.000Z,SC BNU,,,
LT77120008BR,Chegada a Base,2026-08-21T17:00:00.000Z,TUB-SC,,,
LT77120008BR,Triagem na Base,2026-08-21T20:00:00.000Z,TUB-SC,,,
LT77120008BR,Bipado para Rota,2026-08-21T22:30:00.000Z,TUB-SC,a0Fg8000006qKopEAE,,
LT77120008BR,Saiu para Entrega,2026-08-21T23:00:00.000Z,,a0Fg8000006qKopEAE,Sao Jose,
LT77120008BR,Entregue,2026-08-22T06:00:00.000Z,,a0Fg8000006qKopEAE,Sao Jose,Entregue ao destinatario.
LT77120009BR,Etiqueta Gerada,2026-09-04T03:00:00.000Z,,,,Pedido postado pelo embarcador.
LT77120009BR,Coleta Realizada,2026-09-04T15:00:00.000Z,,,,Coleta realizada.
LT77120009BR,Chegada ao SC,2026-09-05T16:00:00.000Z,RS NSR,,,
LT77120009BR,Triagem no SC,2026-09-05T18:00:00.000Z,RS NSR,,,
LT77120009BR,Saida do SC (Transferencia),2026-09-06T07:00:00.000Z,RS NSR,,,
LT77120009BR,Chegada a Base,2026-09-06T23:00:00.000Z,POA-RS,,,
LT77120009BR,Triagem na Base,2026-09-07T02:00:00.000Z,POA-RS,,,
LT77120009BR,Bipado para Rota,2026-09-07T10:30:00.000Z,POA-RS,a0Fg8000006qKp7EAE,,
LT77120009BR,Saiu para Entrega,2026-09-07T11:00:00.000Z,,a0Fg8000006qKp7EAE,Canoas,
LT77120010BR,Etiqueta Gerada,2026-09-02T05:00:00.000Z,,,,Pedido postado pelo embarcador.
LT77120010BR,Coleta Realizada,2026-09-03T02:00:00.000Z,,,,Coleta realizada.
LT77120010BR,Chegada ao SC,2026-09-03T17:00:00.000Z,SC BNU,,,
LT77120010BR,Triagem no SC,2026-09-03T19:00:00.000Z,SC BNU,,,
LT77120010BR,Saida do SC (Transferencia),2026-09-03T22:00:00.000Z,SC BNU,,,
LT77120010BR,Chegada a Base,2026-09-04T02:00:00.000Z,F JOI-SC,,,
LT77120010BR,Triagem na Base,2026-09-04T05:00:00.000Z,F JOI-SC,,,
LT77120010BR,Bipado para Rota,2026-09-04T10:30:00.000Z,F JOI-SC,a0Fg8000006qKp4EAE,,
LT77120010BR,Saiu para Entrega,2026-09-04T11:00:00.000Z,,a0Fg8000006qKp4EAE,Blumenau,
LT77120010BR,Entregue,2026-09-04T19:00:00.000Z,,a0Fg8000006qKp4EAE,Blumenau,Entregue ao destinatario.
LT77120011BR,Etiqueta Gerada,2026-08-12T08:00:00.000Z,,,,Pedido postado pelo embarcador.
LT77120011BR,Coleta Realizada,2026-08-12T13:00:00.000Z,,,,Coleta realizada.
LT77120011BR,Chegada ao SC,2026-08-13T21:00:00.000Z,SC BNU,,,
LT77120011BR,Triagem no SC,2026-08-13T23:00:00.000Z,SC BNU,,,
LT77120011BR,Saida do SC (Transferencia),2026-08-14T14:00:00.000Z,SC BNU,,,
LT77120011BR,Chegada a Base,2026-08-15T06:00:00.000Z,TUB-SC,,,
LT77120011BR,Triagem na Base,2026-08-15T09:00:00.000Z,TUB-SC,,,
LT77120011BR,Bipado para Rota,2026-08-15T09:30:00.000Z,TUB-SC,a0Fg8000006qKopEAE,,
LT77120011BR,Saiu para Entrega,2026-08-15T10:00:00.000Z,,a0Fg8000006qKopEAE,Tubarao,
LT77120011BR,Entregue,2026-08-15T19:00:00.000Z,,a0Fg8000006qKopEAE,Tubarao,Entregue ao destinatario.
LT77120012BR,Etiqueta Gerada,2026-08-15T04:00:00.000Z,,,,Pedido postado pelo embarcador.
LT77120012BR,Coleta Realizada,2026-08-15T21:00:00.000Z,,,,Coleta realizada.
LT77120012BR,Chegada ao SC,2026-08-17T00:00:00.000Z,PR SJS,,,
LT77120012BR,Triagem no SC,2026-08-17T02:00:00.000Z,PR SJS,,,
LT77120012BR,Saida do SC (Transferencia),2026-08-17T05:00:00.000Z,PR SJS,,,
LT77120012BR,Chegada a Base,2026-08-17T14:00:00.000Z,ALM-PR,,,
LT77120012BR,Triagem na Base,2026-08-17T17:00:00.000Z,ALM-PR,,,
LT77120012BR,Bipado para Rota,2026-08-18T01:30:00.000Z,ALM-PR,a0Fg8000006qKp5EAE,,
LT77120012BR,Saiu para Entrega,2026-08-18T02:00:00.000Z,,a0Fg8000006qKp5EAE,Ponta Grossa,
LT77120012BR,Entregue,2026-08-18T06:00:00.000Z,,a0Fg8000006qKp5EAE,Ponta Grossa,Entregue ao destinatario.
LT77120013BR,Etiqueta Gerada,2026-08-26T16:00:00.000Z,,,,Pedido postado pelo embarcador.
LT77120013BR,Coleta Realizada,2026-08-27T06:00:00.000Z,,,,Coleta realizada.
LT77120013BR,Chegada ao SC,2026-08-28T07:00:00.000Z,SC BNU,,,
LT77120013BR,Triagem no SC,2026-08-28T09:00:00.000Z,SC BNU,,,
LT77120013BR,Saida do SC (Transferencia),2026-08-29T03:00:00.000Z,SC BNU,,,
LT77120013BR,Chegada a Base,2026-08-29T08:00:00.000Z,CCM-SC,,,
LT77120013BR,Triagem na Base,2026-08-29T11:00:00.000Z,CCM-SC,,,
LT77120013BR,Bipado para Rota,2026-08-29T21:30:00.000Z,CCM-SC,a0Fg8000006qKorEAE,,
LT77120013BR,Saiu para Entrega,2026-08-29T22:00:00.000Z,,a0Fg8000006qKorEAE,Criciuma,
LT77120014BR,Etiqueta Gerada,2026-08-19T15:00:00.000Z,,,,Pedido postado pelo embarcador.
LT77120014BR,Coleta Realizada,2026-08-20T10:00:00.000Z,,,,Coleta realizada.
LT77120014BR,Chegada ao SC,2026-08-22T02:00:00.000Z,RS NSR,,,
LT77120014BR,Triagem no SC,2026-08-22T04:00:00.000Z,RS NSR,,,
LT77120014BR,Saida do SC (Transferencia),2026-08-22T09:00:00.000Z,RS NSR,,,
LT77120014BR,Chegada a Base,2026-08-23T02:00:00.000Z,F PET-RS,,,
LT77120014BR,Triagem na Base,2026-08-23T05:00:00.000Z,F PET-RS,,,
LT77120014BR,Bipado para Rota,2026-08-23T10:30:00.000Z,F PET-RS,a0Fg8000006qKowEAE,,
LT77120014BR,Saiu para Entrega,2026-08-23T11:00:00.000Z,,a0Fg8000006qKowEAE,Rio Grande,
LT77120014BR,Destinatario Ausente,2026-08-23T14:00:00.000Z,,a0Fg8000006qKowEAE,,Sem sucesso na entrega. Nova tentativa agendada.
LT77120015BR,Etiqueta Gerada,2026-08-26T08:00:00.000Z,,,,Pedido postado pelo embarcador.
LT77120015BR,Coleta Realizada,2026-08-26T16:00:00.000Z,,,,Coleta realizada.
LT77120015BR,Chegada ao SC,2026-08-27T02:00:00.000Z,SC BNU,,,
LT77120015BR,Triagem no SC,2026-08-27T04:00:00.000Z,SC BNU,,,
LT77120015BR,Saida do SC (Transferencia),2026-08-27T14:00:00.000Z,SC BNU,,,
LT77120015BR,Chegada a Base,2026-08-27T23:00:00.000Z,SJE-SC,,,
LT77120015BR,Triagem na Base,2026-08-28T02:00:00.000Z,SJE-SC,,,
LT77120015BR,Bipado para Rota,2026-08-28T01:30:00.000Z,SJE-SC,a0Fg8000006qKpHEAU,,
LT77120015BR,Saiu para Entrega,2026-08-28T02:00:00.000Z,,a0Fg8000006qKpHEAU,Itajai,
LT77120015BR,Entregue,2026-08-28T04:00:00.000Z,,a0Fg8000006qKpHEAU,Itajai,Entregue ao destinatario.
LT77120016BR,Etiqueta Gerada,2026-08-11T09:00:00.000Z,,,,Pedido postado pelo embarcador.
LT77120016BR,Coleta Realizada,2026-08-12T06:00:00.000Z,,,,Coleta realizada.
LT77120016BR,Chegada ao SC,2026-08-12T21:00:00.000Z,PR SJS,,,
LT77120016BR,Triagem no SC,2026-08-12T23:00:00.000Z,PR SJS,,,
LT77120016BR,Saida do SC (Transferencia),2026-08-13T12:00:00.000Z,PR SJS,,,
LT77120016BR,Chegada a Base,2026-08-14T01:00:00.000Z,F LOD-PR,,,
LT77120016BR,Triagem na Base,2026-08-14T04:00:00.000Z,F LOD-PR,,,
LT77120016BR,Bipado para Rota,2026-08-14T14:30:00.000Z,F LOD-PR,a0Fg8000006qKotEAE,,
LT77120016BR,Saiu para Entrega,2026-08-14T15:00:00.000Z,,a0Fg8000006qKotEAE,Londrina,
LT77120016BR,Entregue,2026-08-14T17:00:00.000Z,,a0Fg8000006qKotEAE,Londrina,Entregue ao destinatario.
LT77120017BR,Etiqueta Gerada,2026-07-31T14:00:00.000Z,,,,Pedido postado pelo embarcador.
LT77120017BR,Coleta Realizada,2026-08-01T00:00:00.000Z,,,,Coleta realizada.
LT77120017BR,Chegada ao SC,2026-08-02T13:00:00.000Z,RS NSR,,,
LT77120017BR,Triagem no SC,2026-08-02T15:00:00.000Z,RS NSR,,,
LT77120017BR,Saida do SC (Transferencia),2026-08-02T23:00:00.000Z,RS NSR,,,
LT77120017BR,Chegada a Base,2026-08-03T14:00:00.000Z,CXJ-RS,,,
LT77120017BR,Triagem na Base,2026-08-03T17:00:00.000Z,CXJ-RS,,,
LT77120017BR,Bipado para Rota,2026-08-03T22:30:00.000Z,CXJ-RS,a0Fg8000006qKosEAE,,
LT77120017BR,Saiu para Entrega,2026-08-03T23:00:00.000Z,,a0Fg8000006qKosEAE,Canoas,
LT77120017BR,Recusado pelo Destinatario,2026-08-04T02:00:00.000Z,,a0Fg8000006qKosEAE,,
LT77120017BR,Devolucao Iniciada,2026-08-05T02:00:00.000Z,CXJ-RS,,,
LT77120018BR,Etiqueta Gerada,2026-08-06T21:00:00.000Z,,,,Pedido postado pelo embarcador.
LT77120018BR,Coleta Realizada,2026-08-07T23:00:00.000Z,,,,Coleta realizada.
LT77120018BR,Chegada ao SC,2026-08-09T10:00:00.000Z,PR SJS,,,
LT77120018BR,Triagem no SC,2026-08-09T12:00:00.000Z,PR SJS,,,
LT77120018BR,Saida do SC (Transferencia),2026-08-10T04:00:00.000Z,PR SJS,,,
LT77120018BR,Chegada a Base,2026-08-11T01:00:00.000Z,ARP-PR,,,
LT77120019BR,Etiqueta Gerada,2026-08-05T07:00:00.000Z,,,,Pedido postado pelo embarcador.
LT77120019BR,Coleta Realizada,2026-08-05T21:00:00.000Z,,,,Coleta realizada.
LT77120019BR,Chegada ao SC,2026-08-06T05:00:00.000Z,SC BNU,,,
LT77120019BR,Triagem no SC,2026-08-06T07:00:00.000Z,SC BNU,,,
LT77120020BR,Etiqueta Gerada,2026-08-25T19:00:00.000Z,,,,Pedido postado pelo embarcador.
LT77120020BR,Coleta Realizada,2026-08-26T07:00:00.000Z,,,,Coleta realizada.
LT77120020BR,Chegada ao SC,2026-08-26T17:00:00.000Z,RS NSR,,,
LT77120020BR,Triagem no SC,2026-08-26T19:00:00.000Z,RS NSR,,,
LT77120020BR,Saida do SC (Transferencia),2026-08-26T22:00:00.000Z,RS NSR,,,
LT77120020BR,Chegada a Base,2026-08-27T08:00:00.000Z,POA-RS,,,
LT77120020BR,Triagem na Base,2026-08-27T11:00:00.000Z,POA-RS,,,
LT77120020BR,Bipado para Rota,2026-08-27T16:30:00.000Z,POA-RS,a0Fg8000006qKp7EAE,,
LT77120020BR,Saiu para Entrega,2026-08-27T17:00:00.000Z,,a0Fg8000006qKp7EAE,Gravatai,
LT77120020BR,Entregue,2026-08-27T18:00:00.000Z,,a0Fg8000006qKp7EAE,Gravatai,Entregue ao destinatario.
LT77120021BR,Etiqueta Gerada,2026-08-07T21:00:00.000Z,,,,Pedido postado pelo embarcador.
LT77120021BR,Coleta Realizada,2026-08-08T13:00:00.000Z,,,,Coleta realizada.
LT77120021BR,Chegada ao SC,2026-08-09T13:00:00.000Z,PR SJS,,,
LT77120021BR,Triagem no SC,2026-08-09T15:00:00.000Z,PR SJS,,,
LT77120021BR,Saida do SC (Transferencia),2026-08-10T02:00:00.000Z,PR SJS,,,
LT77120021BR,Chegada a Base,2026-08-10T09:00:00.000Z,ARP-PR,,,
LT77120021BR,Triagem na Base,2026-08-10T12:00:00.000Z,ARP-PR,,,
LT77120021BR,Bipado para Rota,2026-08-10T22:30:00.000Z,ARP-PR,a0Fg8000006qKooEAE,,
LT77120021BR,Saiu para Entrega,2026-08-10T23:00:00.000Z,,a0Fg8000006qKooEAE,Londrina,
LT77120021BR,Entregue,2026-08-11T05:00:00.000Z,,a0Fg8000006qKooEAE,Londrina,Entregue ao destinatario.
LT77120022BR,Etiqueta Gerada,2026-08-20T19:00:00.000Z,,,,Pedido postado pelo embarcador.
LT77120022BR,Coleta Realizada,2026-08-21T17:00:00.000Z,,,,Coleta realizada.
LT77120022BR,Chegada ao SC,2026-08-22T06:00:00.000Z,RS NSR,,,
LT77120022BR,Triagem no SC,2026-08-22T08:00:00.000Z,RS NSR,,,
LT77120022BR,Saida do SC (Transferencia),2026-08-23T02:00:00.000Z,RS NSR,,,
LT77120022BR,Chegada a Base,2026-08-23T18:00:00.000Z,CXJ-RS,,,
LT77120022BR,Triagem na Base,2026-08-23T21:00:00.000Z,CXJ-RS,,,
LT77120022BR,Bipado para Rota,2026-08-24T05:30:00.000Z,CXJ-RS,a0Fg8000006qKosEAE,,
LT77120022BR,Saiu para Entrega,2026-08-24T06:00:00.000Z,,a0Fg8000006qKosEAE,Sao Leopoldo,
LT77120022BR,Entregue,2026-08-24T16:00:00.000Z,,a0Fg8000006qKosEAE,Sao Leopoldo,Entregue ao destinatario.
LT77120023BR,Etiqueta Gerada,2026-09-05T10:00:00.000Z,,,,Pedido postado pelo embarcador.
LT77120023BR,Coleta Realizada,2026-09-06T11:00:00.000Z,,,,Coleta realizada.
LT77120023BR,Chegada ao SC,2026-09-07T15:00:00.000Z,PR SJS,,,
LT77120023BR,Triagem no SC,2026-09-07T17:00:00.000Z,PR SJS,,,
LT77120023BR,Saida do SC (Transferencia),2026-09-08T00:00:00.000Z,PR SJS,,,
LT77120023BR,Chegada a Base,2026-09-08T14:00:00.000Z,ARP-PR,,,
LT77120023BR,Triagem na Base,2026-09-08T17:00:00.000Z,ARP-PR,,,
LT77120023BR,Bipado para Rota,2026-09-08T15:30:00.000Z,ARP-PR,a0Fg8000006qKpJEAU,,
LT77120023BR,Saiu para Entrega,2026-09-08T16:00:00.000Z,,a0Fg8000006qKpJEAU,Sao Jose dos Pinhais,
LT77120023BR,Entregue,2026-09-08T21:00:00.000Z,,a0Fg8000006qKpJEAU,Sao Jose dos Pinhais,Entregue ao destinatario.
LT77120024BR,Etiqueta Gerada,2026-08-01T00:00:00.000Z,,,,Pedido postado pelo embarcador.
LT77120024BR,Coleta Realizada,2026-08-02T02:00:00.000Z,,,,Coleta realizada.
LT77120024BR,Chegada ao SC,2026-08-03T16:00:00.000Z,RS NSR,,,
LT77120024BR,Triagem no SC,2026-08-03T18:00:00.000Z,RS NSR,,,
LT77120024BR,Saida do SC (Transferencia),2026-08-04T05:00:00.000Z,RS NSR,,,
LT77120024BR,Chegada a Base,2026-08-05T04:00:00.000Z,CXJ-RS,,,
LT77120024BR,Triagem na Base,2026-08-05T07:00:00.000Z,CXJ-RS,,,
LT77120024BR,Bipado para Rota,2026-08-05T17:30:00.000Z,CXJ-RS,a0Fg8000006qKosEAE,,
LT77120024BR,Saiu para Entrega,2026-08-05T18:00:00.000Z,,a0Fg8000006qKosEAE,Canoas,
LT77120024BR,Entregue,2026-08-05T23:00:00.000Z,,a0Fg8000006qKosEAE,Canoas,Entregue ao destinatario.
LT77120025BR,Etiqueta Gerada,2026-08-11T14:00:00.000Z,,,,Pedido postado pelo embarcador.
LT77120025BR,Coleta Realizada,2026-08-11T20:00:00.000Z,,,,Coleta realizada.
LT77120025BR,Chegada ao SC,2026-08-12T21:00:00.000Z,SC BNU,,,
LT77120025BR,Triagem no SC,2026-08-12T23:00:00.000Z,SC BNU,,,
LT77120025BR,Saida do SC (Transferencia),2026-08-13T06:00:00.000Z,SC BNU,,,
LT77120025BR,Chegada a Base,2026-08-13T23:00:00.000Z,TUB-SC,,,
LT77120025BR,Triagem na Base,2026-08-14T02:00:00.000Z,TUB-SC,,,
LT77120025BR,Bipado para Rota,2026-08-14T06:30:00.000Z,TUB-SC,a0Fg8000006qKopEAE,,
LT77120025BR,Saiu para Entrega,2026-08-14T07:00:00.000Z,,a0Fg8000006qKopEAE,Criciuma,
LT77120025BR,Entregue,2026-08-14T15:00:00.000Z,,a0Fg8000006qKopEAE,Criciuma,Entregue ao destinatario.
LT77120026BR,Etiqueta Gerada,2026-08-29T21:00:00.000Z,,,,Pedido postado pelo embarcador.
LT77120026BR,Coleta Realizada,2026-08-30T02:00:00.000Z,,,,Coleta realizada.
LT77120026BR,Chegada ao SC,2026-08-31T16:00:00.000Z,RS NSR,,,
LT77120026BR,Triagem no SC,2026-08-31T18:00:00.000Z,RS NSR,,,
LT77120026BR,Saida do SC (Transferencia),2026-09-01T03:00:00.000Z,RS NSR,,,
LT77120026BR,Chegada a Base,2026-09-01T15:00:00.000Z,F CNS-RS,,,
LT77120026BR,Triagem na Base,2026-09-01T18:00:00.000Z,F CNS-RS,,,
LT77120026BR,Bipado para Rota,2026-09-01T18:30:00.000Z,F CNS-RS,a0Fg8000006qKpKEAU,,
LT77120026BR,Saiu para Entrega,2026-09-01T19:00:00.000Z,,a0Fg8000006qKpKEAU,Pelotas,
LT77120026BR,Entregue,2026-09-01T20:00:00.000Z,,a0Fg8000006qKpKEAU,Pelotas,Entregue ao destinatario.
LT77120027BR,Etiqueta Gerada,2026-08-08T18:00:00.000Z,,,,Pedido postado pelo embarcador.
LT77120027BR,Coleta Realizada,2026-08-09T15:00:00.000Z,,,,Coleta realizada.
LT77120027BR,Chegada ao SC,2026-08-10T15:00:00.000Z,RS NSR,,,
LT77120027BR,Triagem no SC,2026-08-10T17:00:00.000Z,RS NSR,,,
LT77120027BR,Saida do SC (Transferencia),2026-08-11T00:00:00.000Z,RS NSR,,,
LT77120027BR,Chegada a Base,2026-08-11T18:00:00.000Z,F PET-RS,,,
LT77120027BR,Triagem na Base,2026-08-11T21:00:00.000Z,F PET-RS,,,
LT77120027BR,Bipado para Rota,2026-08-11T20:30:00.000Z,F PET-RS,a0Fg8000006qKowEAE,,
LT77120027BR,Saiu para Entrega,2026-08-11T21:00:00.000Z,,a0Fg8000006qKowEAE,Alvorada,
LT77120027BR,Entregue,2026-08-12T05:00:00.000Z,,a0Fg8000006qKowEAE,Alvorada,Entregue ao destinatario.
LT77120028BR,Etiqueta Gerada,2026-09-02T03:00:00.000Z,,,,Pedido postado pelo embarcador.
LT77120028BR,Coleta Realizada,2026-09-02T11:00:00.000Z,,,,Coleta realizada.
LT77120028BR,Chegada ao SC,2026-09-03T16:00:00.000Z,SC BNU,,,
LT77120028BR,Triagem no SC,2026-09-03T18:00:00.000Z,SC BNU,,,
LT77120028BR,Saida do SC (Transferencia),2026-09-03T22:00:00.000Z,SC BNU,,,
LT77120028BR,Chegada a Base,2026-09-04T09:00:00.000Z,CCM-SC,,,
LT77120028BR,Triagem na Base,2026-09-04T12:00:00.000Z,CCM-SC,,,
LT77120028BR,Bipado para Rota,2026-09-04T20:30:00.000Z,CCM-SC,a0Fg8000006qKpIEAU,,
LT77120028BR,Saiu para Entrega,2026-09-04T21:00:00.000Z,,a0Fg8000006qKpIEAU,Joinville,
LT77120028BR,Entregue,2026-09-05T01:00:00.000Z,,a0Fg8000006qKpIEAU,Joinville,Entregue ao destinatario.
LT77120029BR,Etiqueta Gerada,2026-08-24T07:00:00.000Z,,,,Pedido postado pelo embarcador.
LT77120029BR,Coleta Realizada,2026-08-24T20:00:00.000Z,,,,Coleta realizada.
LT77120029BR,Chegada ao SC,2026-08-25T18:00:00.000Z,RS NSR,,,
LT77120029BR,Triagem no SC,2026-08-25T20:00:00.000Z,RS NSR,,,
LT77120029BR,Saida do SC (Transferencia),2026-08-26T13:00:00.000Z,RS NSR,,,
LT77120029BR,Chegada a Base,2026-08-27T13:00:00.000Z,POA-RS,,,
LT77120029BR,Triagem na Base,2026-08-27T16:00:00.000Z,POA-RS,,,
LT77120029BR,Sem Movimentacao Detectada,2026-09-06T04:00:00.000Z,POA-RS,,,Sem atualizacao ha mais de 6 horas.
LT77120030BR,Etiqueta Gerada,2026-08-14T01:00:00.000Z,,,,Pedido postado pelo embarcador.
LT77120030BR,Coleta Realizada,2026-08-14T20:00:00.000Z,,,,Coleta realizada.
LT77120030BR,Chegada ao SC,2026-08-16T07:00:00.000Z,PR SJS,,,
LT77120030BR,Triagem no SC,2026-08-16T09:00:00.000Z,PR SJS,,,
LT77120030BR,Saida do SC (Transferencia),2026-08-16T18:00:00.000Z,PR SJS,,,
LT77120030BR,Chegada a Base,2026-08-17T07:00:00.000Z,F ARP-PR,,,
LT77120030BR,Triagem na Base,2026-08-17T10:00:00.000Z,F ARP-PR,,,
LT77120030BR,Retido,2026-08-19T02:00:00.000Z,F ARP-PR,,,Passou do prazo de entrega sem sucesso.
LT77120031BR,Etiqueta Gerada,2026-08-13T16:00:00.000Z,,,,Pedido postado pelo embarcador.
LT77120031BR,Coleta Realizada,2026-08-14T07:00:00.000Z,,,,Coleta realizada.
LT77120031BR,Chegada ao SC,2026-08-15T08:00:00.000Z,RS NSR,,,
LT77120031BR,Triagem no SC,2026-08-15T10:00:00.000Z,RS NSR,,,
LT77120031BR,Saida do SC (Transferencia),2026-08-16T01:00:00.000Z,RS NSR,,,
LT77120031BR,Chegada a Base,2026-08-16T13:00:00.000Z,F CNS-RS,,,
LT77120031BR,Triagem na Base,2026-08-16T16:00:00.000Z,F CNS-RS,,,
LT77120031BR,Bipado para Rota,2026-08-16T16:30:00.000Z,F CNS-RS,a0Fg8000006qKpKEAU,,
LT77120031BR,Saiu para Entrega,2026-08-16T17:00:00.000Z,,a0Fg8000006qKpKEAU,Caxias do Sul,
LT77120031BR,Entregue,2026-08-16T21:00:00.000Z,,a0Fg8000006qKpKEAU,Caxias do Sul,Entregue ao destinatario.
LT77120032BR,Etiqueta Gerada,2026-08-08T07:00:00.000Z,,,,Pedido postado pelo embarcador.
LT77120032BR,Coleta Realizada,2026-08-09T04:00:00.000Z,,,,Coleta realizada.
LT77120032BR,Chegada ao SC,2026-08-10T01:00:00.000Z,RS NSR,,,
LT77120032BR,Triagem no SC,2026-08-10T03:00:00.000Z,RS NSR,,,
LT77120032BR,Saida do SC (Transferencia),2026-08-10T09:00:00.000Z,RS NSR,,,
LT77120032BR,Chegada a Base,2026-08-10T16:00:00.000Z,F PET-RS,,,
LT77120032BR,Triagem na Base,2026-08-10T19:00:00.000Z,F PET-RS,,,
LT77120032BR,Bipado para Rota,2026-08-11T02:30:00.000Z,F PET-RS,a0Fg8000006qKowEAE,,
LT77120032BR,Saiu para Entrega,2026-08-11T03:00:00.000Z,,a0Fg8000006qKowEAE,Pelotas,
LT77120032BR,Entregue,2026-08-11T10:00:00.000Z,,a0Fg8000006qKowEAE,Pelotas,Entregue ao destinatario.
LT77120033BR,Etiqueta Gerada,2026-09-03T22:00:00.000Z,,,,Pedido postado pelo embarcador.
LT77120033BR,Coleta Realizada,2026-09-04T17:00:00.000Z,,,,Coleta realizada.
LT77120033BR,Chegada ao SC,2026-09-05T09:00:00.000Z,RS NSR,,,
LT77120033BR,Triagem no SC,2026-09-05T11:00:00.000Z,RS NSR,,,
LT77120033BR,Saida do SC (Transferencia),2026-09-05T14:00:00.000Z,RS NSR,,,
LT77120033BR,Chegada a Base,2026-09-06T11:00:00.000Z,F CNS-RS,,,
LT77120033BR,Triagem na Base,2026-09-06T14:00:00.000Z,F CNS-RS,,,
LT77120033BR,Sem Movimentacao Detectada,2026-09-04T21:00:00.000Z,F CNS-RS,,,Sem atualizacao ha mais de 6 horas.
LT77120034BR,Etiqueta Gerada,2026-07-28T12:00:00.000Z,,,,Pedido postado pelo embarcador.
LT77120034BR,Coleta Realizada,2026-07-28T21:00:00.000Z,,,,Coleta realizada.
LT77120034BR,Chegada ao SC,2026-07-30T10:00:00.000Z,PR SJS,,,
LT77120034BR,Triagem no SC,2026-07-30T12:00:00.000Z,PR SJS,,,
LT77120034BR,Saida do SC (Transferencia),2026-07-30T13:00:00.000Z,PR SJS,,,
LT77120034BR,Chegada a Base,2026-07-31T09:00:00.000Z,CIC-PR,,,
LT77120034BR,Triagem na Base,2026-07-31T12:00:00.000Z,CIC-PR,,,
LT77120034BR,Bipado para Rota,2026-07-31T13:30:00.000Z,CIC-PR,a0Fg8000006qKp8EAE,,
LT77120034BR,Saiu para Entrega,2026-07-31T14:00:00.000Z,,a0Fg8000006qKp8EAE,Sao Jose dos Pinhais,
LT77120034BR,Entregue,2026-07-31T21:00:00.000Z,,a0Fg8000006qKp8EAE,Sao Jose dos Pinhais,Entregue ao destinatario.
LT77120035BR,Etiqueta Gerada,2026-08-30T21:00:00.000Z,,,,Pedido postado pelo embarcador.
LT77120035BR,Coleta Realizada,2026-08-31T09:00:00.000Z,,,,Coleta realizada.
LT77120035BR,Chegada ao SC,2026-09-01T18:00:00.000Z,PR SJS,,,
LT77120035BR,Triagem no SC,2026-09-01T20:00:00.000Z,PR SJS,,,
LT77120035BR,Saida do SC (Transferencia),2026-09-01T21:00:00.000Z,PR SJS,,,
LT77120035BR,Chegada a Base,2026-09-02T02:00:00.000Z,F LOD-PR,,,
LT77120035BR,Triagem na Base,2026-09-02T05:00:00.000Z,F LOD-PR,,,
LT77120035BR,Bipado para Rota,2026-09-02T08:30:00.000Z,F LOD-PR,a0Fg8000006qKotEAE,,
LT77120035BR,Saiu para Entrega,2026-09-02T09:00:00.000Z,,a0Fg8000006qKotEAE,Foz do Iguacu,
LT77120035BR,Entregue,2026-09-02T16:00:00.000Z,,a0Fg8000006qKotEAE,Foz do Iguacu,Entregue ao destinatario.
LT77120036BR,Etiqueta Gerada,2026-08-12T11:00:00.000Z,,,,Pedido postado pelo embarcador.
LT77120036BR,Coleta Realizada,2026-08-12T18:00:00.000Z,,,,Coleta realizada.
LT77120036BR,Chegada ao SC,2026-08-13T14:00:00.000Z,RS NSR,,,
LT77120036BR,Triagem no SC,2026-08-13T16:00:00.000Z,RS NSR,,,
LT77120036BR,Saida do SC (Transferencia),2026-08-14T10:00:00.000Z,RS NSR,,,
LT77120036BR,Chegada a Base,2026-08-14T20:00:00.000Z,F PET-RS,,,
LT77120036BR,Triagem na Base,2026-08-14T23:00:00.000Z,F PET-RS,,,
LT77120036BR,Bipado para Rota,2026-08-15T07:30:00.000Z,F PET-RS,a0Fg8000006qKowEAE,,
LT77120036BR,Saiu para Entrega,2026-08-15T08:00:00.000Z,,a0Fg8000006qKowEAE,Sapucaia do Sul,
LT77120036BR,Entregue,2026-08-15T15:00:00.000Z,,a0Fg8000006qKowEAE,Sapucaia do Sul,Entregue ao destinatario.
LT77120037BR,Etiqueta Gerada,2026-08-19T00:00:00.000Z,,,,Pedido postado pelo embarcador.
LT77120037BR,Coleta Realizada,2026-08-19T23:00:00.000Z,,,,Coleta realizada.
LT77120037BR,Chegada ao SC,2026-08-21T09:00:00.000Z,PR SJS,,,
LT77120037BR,Triagem no SC,2026-08-21T11:00:00.000Z,PR SJS,,,
LT77120037BR,Saida do SC (Transferencia),2026-08-22T04:00:00.000Z,PR SJS,,,
LT77120037BR,Chegada a Base,2026-08-22T12:00:00.000Z,CIC-PR,,,
LT77120037BR,Triagem na Base,2026-08-22T15:00:00.000Z,CIC-PR,,,
LT77120037BR,Bipado para Rota,2026-08-22T17:30:00.000Z,CIC-PR,a0Fg8000006qKp8EAE,,
LT77120037BR,Saiu para Entrega,2026-08-22T18:00:00.000Z,,a0Fg8000006qKp8EAE,Ponta Grossa,
LT77120037BR,Entregue,2026-08-23T03:00:00.000Z,,a0Fg8000006qKp8EAE,Ponta Grossa,Entregue ao destinatario.
LT77120038BR,Etiqueta Gerada,2026-08-08T14:00:00.000Z,,,,Pedido postado pelo embarcador.
LT77120038BR,Coleta Realizada,2026-08-08T23:00:00.000Z,,,,Coleta realizada.
LT77120038BR,Chegada ao SC,2026-08-09T05:00:00.000Z,PR SJS,,,
LT77120038BR,Triagem no SC,2026-08-09T07:00:00.000Z,PR SJS,,,
LT77120038BR,Saida do SC (Transferencia),2026-08-09T21:00:00.000Z,PR SJS,,,
LT77120038BR,Chegada a Base,2026-08-10T05:00:00.000Z,ARP-PR,,,
LT77120038BR,Triagem na Base,2026-08-10T08:00:00.000Z,ARP-PR,,,
LT77120038BR,Sem Movimentacao Detectada,2026-09-05T21:00:00.000Z,ARP-PR,,,Sem atualizacao ha mais de 6 horas.
LT77120039BR,Etiqueta Gerada,2026-09-04T08:00:00.000Z,,,,Pedido postado pelo embarcador.
LT77120039BR,Coleta Realizada,2026-09-04T20:00:00.000Z,,,,Coleta realizada.
LT77120039BR,Chegada ao SC,2026-09-05T10:00:00.000Z,SC BNU,,,
LT77120039BR,Triagem no SC,2026-09-05T12:00:00.000Z,SC BNU,,,
LT77120040BR,Etiqueta Gerada,2026-08-31T10:00:00.000Z,,,,Pedido postado pelo embarcador.
LT77120040BR,Coleta Realizada,2026-08-31T23:00:00.000Z,,,,Coleta realizada.
LT77120040BR,Chegada ao SC,2026-09-01T13:00:00.000Z,SC BNU,,,
LT77120040BR,Triagem no SC,2026-09-01T15:00:00.000Z,SC BNU,,,
LT77120040BR,Saida do SC (Transferencia),2026-09-01T23:00:00.000Z,SC BNU,,,
LT77120040BR,Chegada a Base,2026-09-02T08:00:00.000Z,CCM-SC,,,
LT77120040BR,Triagem na Base,2026-09-02T11:00:00.000Z,CCM-SC,,,
LT77120040BR,Bipado para Rota,2026-09-02T21:30:00.000Z,CCM-SC,a0Fg8000006qKorEAE,,
LT77120040BR,Saiu para Entrega,2026-09-02T22:00:00.000Z,,a0Fg8000006qKorEAE,Balneario Camboriu,
LT77120040BR,Entregue,2026-09-03T06:00:00.000Z,,a0Fg8000006qKorEAE,Balneario Camboriu,Entregue ao destinatario.
LT77120041BR,Etiqueta Gerada,2026-08-03T15:00:00.000Z,,,,Pedido postado pelo embarcador.
LT77120041BR,Coleta Realizada,2026-08-04T21:00:00.000Z,,,,Coleta realizada.
LT77120041BR,Chegada ao SC,2026-08-05T18:00:00.000Z,PR SJS,,,
LT77120041BR,Triagem no SC,2026-08-05T20:00:00.000Z,PR SJS,,,
LT77120041BR,Saida do SC (Transferencia),2026-08-06T07:00:00.000Z,PR SJS,,,
LT77120041BR,Chegada a Base,2026-08-06T15:00:00.000Z,ARP-PR,,,
LT77120041BR,Triagem na Base,2026-08-06T18:00:00.000Z,ARP-PR,,,
LT77120041BR,Bipado para Rota,2026-08-06T16:30:00.000Z,ARP-PR,a0Fg8000006qKonEAE,,
LT77120041BR,Saiu para Entrega,2026-08-06T17:00:00.000Z,,a0Fg8000006qKonEAE,Apucarana,
LT77120041BR,Entregue,2026-08-06T20:00:00.000Z,,a0Fg8000006qKonEAE,Apucarana,Entregue ao destinatario.
LT77120042BR,Etiqueta Gerada,2026-08-12T17:00:00.000Z,,,,Pedido postado pelo embarcador.
LT77120042BR,Coleta Realizada,2026-08-12T23:00:00.000Z,,,,Coleta realizada.
LT77120042BR,Chegada ao SC,2026-08-13T12:00:00.000Z,PR SJS,,,
LT77120042BR,Triagem no SC,2026-08-13T14:00:00.000Z,PR SJS,,,
LT77120042BR,Saida do SC (Transferencia),2026-08-13T15:00:00.000Z,PR SJS,,,
LT77120042BR,Chegada a Base,2026-08-14T03:00:00.000Z,ALM-PR,,,
LT77120042BR,Triagem na Base,2026-08-14T06:00:00.000Z,ALM-PR,,,
LT77120042BR,Bipado para Rota,2026-08-14T14:30:00.000Z,ALM-PR,a0Fg8000006qKp5EAE,,
LT77120042BR,Saiu para Entrega,2026-08-14T15:00:00.000Z,,a0Fg8000006qKp5EAE,Toledo,
LT77120042BR,Entregue,2026-08-15T01:00:00.000Z,,a0Fg8000006qKp5EAE,Toledo,Entregue ao destinatario.
LT77120043BR,Etiqueta Gerada,2026-08-05T10:00:00.000Z,,,,Pedido postado pelo embarcador.
LT77120043BR,Coleta Realizada,2026-08-06T03:00:00.000Z,,,,Coleta realizada.
LT77120043BR,Chegada ao SC,2026-08-06T20:00:00.000Z,SC BNU,,,
LT77120043BR,Triagem no SC,2026-08-06T22:00:00.000Z,SC BNU,,,
LT77120043BR,Saida do SC (Transferencia),2026-08-07T16:00:00.000Z,SC BNU,,,
LT77120043BR,Chegada a Base,2026-08-08T00:00:00.000Z,F JOI-SC,,,
LT77120043BR,Triagem na Base,2026-08-08T03:00:00.000Z,F JOI-SC,,,
LT77120043BR,Retido,2026-08-09T15:00:00.000Z,F JOI-SC,,,Passou do prazo de entrega sem sucesso.
LT77120044BR,Etiqueta Gerada,2026-08-06T06:00:00.000Z,,,,Pedido postado pelo embarcador.
LT77120044BR,Coleta Realizada,2026-08-06T22:00:00.000Z,,,,Coleta realizada.
LT77120044BR,Chegada ao SC,2026-08-08T01:00:00.000Z,RS NSR,,,
LT77120044BR,Triagem no SC,2026-08-08T03:00:00.000Z,RS NSR,,,
LT77120044BR,Saida do SC (Transferencia),2026-08-08T13:00:00.000Z,RS NSR,,,
LT77120044BR,Chegada a Base,2026-08-09T13:00:00.000Z,F CNS-RS,,,
LT77120044BR,Triagem na Base,2026-08-09T16:00:00.000Z,F CNS-RS,,,
LT77120044BR,Bipado para Rota,2026-08-10T00:30:00.000Z,F CNS-RS,a0Fg8000006qKpKEAU,,
LT77120044BR,Saiu para Entrega,2026-08-10T01:00:00.000Z,,a0Fg8000006qKpKEAU,Pelotas,
LT77120044BR,Entregue,2026-08-10T04:00:00.000Z,,a0Fg8000006qKpKEAU,Pelotas,Entregue ao destinatario.
LT77120045BR,Etiqueta Gerada,2026-08-29T00:00:00.000Z,,,,Pedido postado pelo embarcador.
LT77120045BR,Coleta Realizada,2026-08-29T05:00:00.000Z,,,,Coleta realizada.
LT77120045BR,Chegada ao SC,2026-08-30T15:00:00.000Z,RS NSR,,,
LT77120045BR,Triagem no SC,2026-08-30T17:00:00.000Z,RS NSR,,,
LT77120045BR,Saida do SC (Transferencia),2026-08-31T09:00:00.000Z,RS NSR,,,
LT77120045BR,Chegada a Base,2026-09-01T01:00:00.000Z,CXJ-RS,,,
LT77120045BR,Triagem na Base,2026-09-01T04:00:00.000Z,CXJ-RS,,,
LT77120045BR,Bipado para Rota,2026-09-01T14:30:00.000Z,CXJ-RS,a0Fg8000006qKosEAE,,
LT77120045BR,Saiu para Entrega,2026-09-01T15:00:00.000Z,,a0Fg8000006qKosEAE,Novo Hamburgo,
LT77120046BR,Etiqueta Gerada,2026-08-23T17:00:00.000Z,,,,Pedido postado pelo embarcador.
LT77120046BR,Coleta Realizada,2026-08-24T00:00:00.000Z,,,,Coleta realizada.
LT77120046BR,Chegada ao SC,2026-08-24T07:00:00.000Z,RS NSR,,,
LT77120046BR,Triagem no SC,2026-08-24T09:00:00.000Z,RS NSR,,,
LT77120046BR,Saida do SC (Transferencia),2026-08-24T11:00:00.000Z,RS NSR,,,
LT77120046BR,Chegada a Base,2026-08-24T17:00:00.000Z,F CNS-RS,,,
LT77120046BR,Triagem na Base,2026-08-24T20:00:00.000Z,F CNS-RS,,,
LT77120046BR,Bipado para Rota,2026-08-25T05:30:00.000Z,F CNS-RS,a0Fg8000006qKpKEAU,,
LT77120046BR,Saiu para Entrega,2026-08-25T06:00:00.000Z,,a0Fg8000006qKpKEAU,Alvorada,
LT77120046BR,Entregue,2026-08-25T12:00:00.000Z,,a0Fg8000006qKpKEAU,Alvorada,Entregue ao destinatario.
LT77120047BR,Etiqueta Gerada,2026-08-30T08:00:00.000Z,,,,Pedido postado pelo embarcador.
LT77120047BR,Coleta Realizada,2026-08-31T08:00:00.000Z,,,,Coleta realizada.
LT77120047BR,Chegada ao SC,2026-09-01T15:00:00.000Z,RS NSR,,,
LT77120047BR,Triagem no SC,2026-09-01T17:00:00.000Z,RS NSR,,,
LT77120047BR,Saida do SC (Transferencia),2026-09-02T03:00:00.000Z,RS NSR,,,
LT77120047BR,Chegada a Base,2026-09-02T17:00:00.000Z,CXJ-RS,,,
LT77120047BR,Triagem na Base,2026-09-02T20:00:00.000Z,CXJ-RS,,,
LT77120047BR,Bipado para Rota,2026-09-02T21:30:00.000Z,CXJ-RS,a0Fg8000006qKosEAE,,
LT77120047BR,Saiu para Entrega,2026-09-02T22:00:00.000Z,,a0Fg8000006qKosEAE,Passo Fundo,
LT77120047BR,Entregue,2026-09-03T05:00:00.000Z,,a0Fg8000006qKosEAE,Passo Fundo,Entregue ao destinatario.
LT77120048BR,Etiqueta Gerada,2026-08-12T10:00:00.000Z,,,,Pedido postado pelo embarcador.
LT77120048BR,Coleta Realizada,2026-08-13T07:00:00.000Z,,,,Coleta realizada.
LT77120048BR,Chegada ao SC,2026-08-13T15:00:00.000Z,SC BNU,,,
LT77120048BR,Triagem no SC,2026-08-13T17:00:00.000Z,SC BNU,,,
LT77120048BR,Saida do SC (Transferencia),2026-08-14T02:00:00.000Z,SC BNU,,,
LT77120048BR,Chegada a Base,2026-08-14T15:00:00.000Z,F JOI-SC,,,
LT77120048BR,Triagem na Base,2026-08-14T18:00:00.000Z,F JOI-SC,,,
LT77120048BR,Bipado para Rota,2026-08-15T03:30:00.000Z,F JOI-SC,a0Fg8000006qKp4EAE,,
LT77120048BR,Saiu para Entrega,2026-08-15T04:00:00.000Z,,a0Fg8000006qKp4EAE,Sao Jose,
LT77120048BR,Entregue,2026-08-15T12:00:00.000Z,,a0Fg8000006qKp4EAE,Sao Jose,Entregue ao destinatario.
LT77120049BR,Etiqueta Gerada,2026-08-13T23:00:00.000Z,,,,Pedido postado pelo embarcador.
LT77120049BR,Coleta Realizada,2026-08-15T03:00:00.000Z,,,,Coleta realizada.
LT77120049BR,Chegada ao SC,2026-08-15T10:00:00.000Z,PR SJS,,,
LT77120049BR,Triagem no SC,2026-08-15T12:00:00.000Z,PR SJS,,,
LT77120049BR,Saida do SC (Transferencia),2026-08-15T16:00:00.000Z,PR SJS,,,
LT77120049BR,Chegada a Base,2026-08-16T00:00:00.000Z,F ARP-PR,,,
LT77120049BR,Triagem na Base,2026-08-16T03:00:00.000Z,F ARP-PR,,,
LT77120049BR,Bipado para Rota,2026-08-16T08:30:00.000Z,F ARP-PR,a0Fg8000006qKpEEAU,,
LT77120049BR,Saiu para Entrega,2026-08-16T09:00:00.000Z,,a0Fg8000006qKpEEAU,Cascavel,
LT77120049BR,Entregue,2026-08-16T19:00:00.000Z,,a0Fg8000006qKpEEAU,Cascavel,Entregue ao destinatario.
LT77120050BR,Etiqueta Gerada,2026-08-06T11:00:00.000Z,,,,Pedido postado pelo embarcador.
LT77120050BR,Coleta Realizada,2026-08-07T15:00:00.000Z,,,,Coleta realizada.
LT77120051BR,Etiqueta Gerada,2026-09-03T06:00:00.000Z,,,,Pedido postado pelo embarcador.
LT77120051BR,Coleta Realizada,2026-09-04T08:00:00.000Z,,,,Coleta realizada.
LT77120051BR,Chegada ao SC,2026-09-05T08:00:00.000Z,RS NSR,,,
LT77120051BR,Triagem no SC,2026-09-05T10:00:00.000Z,RS NSR,,,
LT77120051BR,Saida do SC (Transferencia),2026-09-05T11:00:00.000Z,RS NSR,,,
LT77120051BR,Chegada a Base,2026-09-06T08:00:00.000Z,F PET-RS,,,
LT77120051BR,Triagem na Base,2026-09-06T11:00:00.000Z,F PET-RS,,,
LT77120051BR,Bipado para Rota,2026-09-06T09:30:00.000Z,F PET-RS,a0Fg8000006qKowEAE,,
LT77120051BR,Saiu para Entrega,2026-09-06T10:00:00.000Z,,a0Fg8000006qKowEAE,Novo Hamburgo,
LT77120051BR,Entregue,2026-09-06T11:00:00.000Z,,a0Fg8000006qKowEAE,Novo Hamburgo,Entregue ao destinatario.
LT77120052BR,Etiqueta Gerada,2026-08-21T18:00:00.000Z,,,,Pedido postado pelo embarcador.
LT77120052BR,Coleta Realizada,2026-08-22T22:00:00.000Z,,,,Coleta realizada.
LT77120052BR,Chegada ao SC,2026-08-24T01:00:00.000Z,PR SJS,,,
LT77120052BR,Triagem no SC,2026-08-24T03:00:00.000Z,PR SJS,,,
LT77120052BR,Saida do SC (Transferencia),2026-08-24T15:00:00.000Z,PR SJS,,,
LT77120052BR,Chegada a Base,2026-08-25T13:00:00.000Z,ARP-PR,,,
LT77120052BR,Triagem na Base,2026-08-25T16:00:00.000Z,ARP-PR,,,
LT77120052BR,Bipado para Rota,2026-08-25T19:30:00.000Z,ARP-PR,a0Fg8000006qKooEAE,,
LT77120052BR,Saiu para Entrega,2026-08-25T20:00:00.000Z,,a0Fg8000006qKooEAE,Curitiba,
LT77120052BR,Entregue,2026-08-26T04:00:00.000Z,,a0Fg8000006qKooEAE,Curitiba,Entregue ao destinatario.
LT77120053BR,Etiqueta Gerada,2026-08-26T06:00:00.000Z,,,,Pedido postado pelo embarcador.
LT77120053BR,Coleta Realizada,2026-08-26T20:00:00.000Z,,,,Coleta realizada.
LT77120053BR,Chegada ao SC,2026-08-28T06:00:00.000Z,SC BNU,,,
LT77120053BR,Triagem no SC,2026-08-28T08:00:00.000Z,SC BNU,,,
LT77120053BR,Saida do SC (Transferencia),2026-08-29T02:00:00.000Z,SC BNU,,,
LT77120053BR,Chegada a Base,2026-08-29T13:00:00.000Z,TUB-SC,,,
LT77120053BR,Triagem na Base,2026-08-29T16:00:00.000Z,TUB-SC,,,
LT77120053BR,Sem Movimentacao Detectada,2026-09-04T21:00:00.000Z,TUB-SC,,,Sem atualizacao ha mais de 6 horas.
LT77120054BR,Etiqueta Gerada,2026-08-26T22:00:00.000Z,,,,Pedido postado pelo embarcador.
LT77120054BR,Coleta Realizada,2026-08-27T15:00:00.000Z,,,,Coleta realizada.
LT77120054BR,Chegada ao SC,2026-08-28T11:00:00.000Z,SC BNU,,,
LT77120054BR,Triagem no SC,2026-08-28T13:00:00.000Z,SC BNU,,,
LT77120054BR,Saida do SC (Transferencia),2026-08-29T07:00:00.000Z,SC BNU,,,
LT77120054BR,Chegada a Base,2026-08-29T15:00:00.000Z,CCM-SC,,,
LT77120054BR,Triagem na Base,2026-08-29T18:00:00.000Z,CCM-SC,,,
LT77120054BR,Bipado para Rota,2026-08-29T16:30:00.000Z,CCM-SC,a0Fg8000006qKorEAE,,
LT77120054BR,Saiu para Entrega,2026-08-29T17:00:00.000Z,,a0Fg8000006qKorEAE,Lages,
LT77120054BR,Entregue,2026-08-30T03:00:00.000Z,,a0Fg8000006qKorEAE,Lages,Entregue ao destinatario.
LT77120055BR,Etiqueta Gerada,2026-08-19T02:00:00.000Z,,,,Pedido postado pelo embarcador.
LT77120055BR,Coleta Realizada,2026-08-20T00:00:00.000Z,,,,Coleta realizada.
LT77120055BR,Chegada ao SC,2026-08-20T10:00:00.000Z,SC BNU,,,
LT77120055BR,Triagem no SC,2026-08-20T12:00:00.000Z,SC BNU,,,
LT77120055BR,Saida do SC (Transferencia),2026-08-21T02:00:00.000Z,SC BNU,,,
LT77120055BR,Chegada a Base,2026-08-21T14:00:00.000Z,F JOI-SC,,,
LT77120055BR,Triagem na Base,2026-08-21T17:00:00.000Z,F JOI-SC,,,
LT77120055BR,Sem Movimentacao Detectada,2026-09-05T08:00:00.000Z,F JOI-SC,,,Sem atualizacao ha mais de 6 horas.
LT77120056BR,Etiqueta Gerada,2026-08-15T17:00:00.000Z,,,,Pedido postado pelo embarcador.
LT77120056BR,Coleta Realizada,2026-08-16T15:00:00.000Z,,,,Coleta realizada.
LT77120056BR,Chegada ao SC,2026-08-18T03:00:00.000Z,RS NSR,,,
LT77120056BR,Triagem no SC,2026-08-18T05:00:00.000Z,RS NSR,,,
LT77120056BR,Saida do SC (Transferencia),2026-08-18T23:00:00.000Z,RS NSR,,,
LT77120056BR,Chegada a Base,2026-08-19T18:00:00.000Z,F PET-RS,,,
LT77120056BR,Triagem na Base,2026-08-19T21:00:00.000Z,F PET-RS,,,
LT77120056BR,Bipado para Rota,2026-08-20T02:30:00.000Z,F PET-RS,a0Fg8000006qKowEAE,,
LT77120056BR,Saiu para Entrega,2026-08-20T03:00:00.000Z,,a0Fg8000006qKowEAE,Pelotas,
LT77120057BR,Etiqueta Gerada,2026-08-22T16:00:00.000Z,,,,Pedido postado pelo embarcador.
LT77120057BR,Coleta Realizada,2026-08-23T11:00:00.000Z,,,,Coleta realizada.
LT77120057BR,Chegada ao SC,2026-08-23T21:00:00.000Z,RS NSR,,,
LT77120057BR,Triagem no SC,2026-08-23T23:00:00.000Z,RS NSR,,,
LT77120057BR,Saida do SC (Transferencia),2026-08-24T04:00:00.000Z,RS NSR,,,
LT77120057BR,Chegada a Base,2026-08-24T10:00:00.000Z,POA-RS,,,
LT77120057BR,Triagem na Base,2026-08-24T13:00:00.000Z,POA-RS,,,
LT77120057BR,Bipado para Rota,2026-08-24T15:30:00.000Z,POA-RS,a0Fg8000006qKp7EAE,,
LT77120057BR,Saiu para Entrega,2026-08-24T16:00:00.000Z,,a0Fg8000006qKp7EAE,Sapucaia do Sul,
LT77120057BR,Entregue,2026-08-24T19:00:00.000Z,,a0Fg8000006qKp7EAE,Sapucaia do Sul,Entregue ao destinatario.
LT77120058BR,Etiqueta Gerada,2026-08-28T15:00:00.000Z,,,,Pedido postado pelo embarcador.
LT77120058BR,Coleta Realizada,2026-08-29T02:00:00.000Z,,,,Coleta realizada.
LT77120058BR,Chegada ao SC,2026-08-29T09:00:00.000Z,PR SJS,,,
LT77120058BR,Triagem no SC,2026-08-29T11:00:00.000Z,PR SJS,,,
LT77120059BR,Etiqueta Gerada,2026-07-30T22:00:00.000Z,,,,Pedido postado pelo embarcador.
LT77120059BR,Coleta Realizada,2026-07-31T04:00:00.000Z,,,,Coleta realizada.
LT77120059BR,Chegada ao SC,2026-08-01T05:00:00.000Z,PR SJS,,,
LT77120059BR,Triagem no SC,2026-08-01T07:00:00.000Z,PR SJS,,,
LT77120059BR,Saida do SC (Transferencia),2026-08-01T08:00:00.000Z,PR SJS,,,
LT77120059BR,Chegada a Base,2026-08-01T23:00:00.000Z,F ARP-PR,,,
LT77120059BR,Triagem na Base,2026-08-02T02:00:00.000Z,F ARP-PR,,,
LT77120059BR,Bipado para Rota,2026-08-02T10:30:00.000Z,F ARP-PR,a0Fg8000006qKpEEAU,,
LT77120059BR,Saiu para Entrega,2026-08-02T11:00:00.000Z,,a0Fg8000006qKpEEAU,Sao Jose dos Pinhais,
LT77120059BR,Entregue,2026-08-02T14:00:00.000Z,,a0Fg8000006qKpEEAU,Sao Jose dos Pinhais,Entregue ao destinatario.
LT77120060BR,Etiqueta Gerada,2026-08-09T03:00:00.000Z,,,,Pedido postado pelo embarcador.
LT77120060BR,Coleta Realizada,2026-08-10T04:00:00.000Z,,,,Coleta realizada.
LT77120060BR,Chegada ao SC,2026-08-10T11:00:00.000Z,SC BNU,,,
LT77120060BR,Triagem no SC,2026-08-10T13:00:00.000Z,SC BNU,,,
LT77120060BR,Saida do SC (Transferencia),2026-08-10T22:00:00.000Z,SC BNU,,,
LT77120060BR,Chegada a Base,2026-08-11T10:00:00.000Z,CCM-SC,,,
LT77120060BR,Triagem na Base,2026-08-11T13:00:00.000Z,CCM-SC,,,
LT77120060BR,Bipado para Rota,2026-08-11T13:30:00.000Z,CCM-SC,a0Fg8000006qKorEAE,,
LT77120060BR,Saiu para Entrega,2026-08-11T14:00:00.000Z,,a0Fg8000006qKorEAE,Balneario Camboriu,
LT77120060BR,Entregue,2026-08-11T17:00:00.000Z,,a0Fg8000006qKorEAE,Balneario Camboriu,Entregue ao destinatario.
LT77120061BR,Etiqueta Gerada,2026-09-01T18:00:00.000Z,,,,Pedido postado pelo embarcador.
LT77120061BR,Coleta Realizada,2026-09-02T23:00:00.000Z,,,,Coleta realizada.
LT77120061BR,Chegada ao SC,2026-09-04T06:00:00.000Z,PR SJS,,,
LT77120061BR,Triagem no SC,2026-09-04T08:00:00.000Z,PR SJS,,,
LT77120061BR,Saida do SC (Transferencia),2026-09-04T16:00:00.000Z,PR SJS,,,
LT77120061BR,Chegada a Base,2026-09-05T13:00:00.000Z,F LOD-PR,,,
LT77120061BR,Triagem na Base,2026-09-05T16:00:00.000Z,F LOD-PR,,,
LT77120061BR,Bipado para Rota,2026-09-05T19:30:00.000Z,F LOD-PR,a0Fg8000006qKotEAE,,
LT77120061BR,Saiu para Entrega,2026-09-05T20:00:00.000Z,,a0Fg8000006qKotEAE,Paranagua,
LT77120061BR,Tentativa de Entrega,2026-09-05T22:00:00.000Z,,a0Fg8000006qKotEAE,Paranagua,Sem sucesso na entrega. Nova tentativa agendada.
LT77120062BR,Etiqueta Gerada,2026-08-15T19:00:00.000Z,,,,Pedido postado pelo embarcador.
LT77120062BR,Coleta Realizada,2026-08-16T14:00:00.000Z,,,,Coleta realizada.
LT77120062BR,Chegada ao SC,2026-08-17T10:00:00.000Z,RS NSR,,,
LT77120062BR,Triagem no SC,2026-08-17T12:00:00.000Z,RS NSR,,,
LT77120062BR,Saida do SC (Transferencia),2026-08-18T01:00:00.000Z,RS NSR,,,
LT77120062BR,Chegada a Base,2026-08-18T06:00:00.000Z,F CNS-RS,,,
LT77120062BR,Triagem na Base,2026-08-18T09:00:00.000Z,F CNS-RS,,,
LT77120062BR,Bipado para Rota,2026-08-18T08:30:00.000Z,F CNS-RS,a0Fg8000006qKpKEAU,,
LT77120062BR,Saiu para Entrega,2026-08-18T09:00:00.000Z,,a0Fg8000006qKpKEAU,Caxias do Sul,
LT77120062BR,Entregue,2026-08-18T13:00:00.000Z,,a0Fg8000006qKpKEAU,Caxias do Sul,Entregue ao destinatario.
LT77120063BR,Etiqueta Gerada,2026-08-11T05:00:00.000Z,,,,Pedido postado pelo embarcador.
LT77120063BR,Coleta Realizada,2026-08-11T21:00:00.000Z,,,,Coleta realizada.
LT77120063BR,Chegada ao SC,2026-08-12T06:00:00.000Z,SC BNU,,,
LT77120063BR,Triagem no SC,2026-08-12T08:00:00.000Z,SC BNU,,,
LT77120063BR,Saida do SC (Transferencia),2026-08-12T18:00:00.000Z,SC BNU,,,
LT77120063BR,Chegada a Base,2026-08-13T13:00:00.000Z,SJE-SC,,,
LT77120063BR,Triagem na Base,2026-08-13T16:00:00.000Z,SJE-SC,,,
LT77120064BR,Etiqueta Gerada,2026-09-01T05:00:00.000Z,,,,Pedido postado pelo embarcador.
LT77120064BR,Coleta Realizada,2026-09-01T21:00:00.000Z,,,,Coleta realizada.
LT77120064BR,Chegada ao SC,2026-09-02T23:00:00.000Z,SC BNU,,,
LT77120064BR,Triagem no SC,2026-09-03T01:00:00.000Z,SC BNU,,,
LT77120064BR,Saida do SC (Transferencia),2026-09-03T02:00:00.000Z,SC BNU,,,
LT77120064BR,Chegada a Base,2026-09-03T23:00:00.000Z,CCM-SC,,,
LT77120064BR,Triagem na Base,2026-09-04T02:00:00.000Z,CCM-SC,,,
LT77120064BR,Sem Movimentacao Detectada,2026-09-04T20:00:00.000Z,CCM-SC,,,Sem atualizacao ha mais de 6 horas.
LT77120065BR,Etiqueta Gerada,2026-08-17T01:00:00.000Z,,,,Pedido postado pelo embarcador.
LT77120065BR,Coleta Realizada,2026-08-17T18:00:00.000Z,,,,Coleta realizada.
LT77120065BR,Chegada ao SC,2026-08-18T10:00:00.000Z,SC BNU,,,
LT77120065BR,Triagem no SC,2026-08-18T12:00:00.000Z,SC BNU,,,
LT77120065BR,Saida do SC (Transferencia),2026-08-18T23:00:00.000Z,SC BNU,,,
LT77120065BR,Chegada a Base,2026-08-19T19:00:00.000Z,F BLU-SC,,,
LT77120065BR,Triagem na Base,2026-08-19T22:00:00.000Z,F BLU-SC,,,
LT77120065BR,Bipado para Rota,2026-08-20T01:30:00.000Z,F BLU-SC,a0Fg8000006qKp6EAE,,
LT77120065BR,Saiu para Entrega,2026-08-20T02:00:00.000Z,,a0Fg8000006qKp6EAE,Chapeco,
LT77120065BR,Entregue,2026-08-20T10:00:00.000Z,,a0Fg8000006qKp6EAE,Chapeco,Entregue ao destinatario.
LT77120066BR,Etiqueta Gerada,2026-09-04T03:00:00.000Z,,,,Pedido postado pelo embarcador.
LT77120066BR,Coleta Realizada,2026-09-04T18:00:00.000Z,,,,Coleta realizada.
LT77120066BR,Chegada ao SC,2026-09-05T00:00:00.000Z,RS NSR,,,
LT77120066BR,Triagem no SC,2026-09-05T02:00:00.000Z,RS NSR,,,
LT77120066BR,Saida do SC (Transferencia),2026-09-05T10:00:00.000Z,RS NSR,,,
LT77120066BR,Chegada a Base,2026-09-06T06:00:00.000Z,CXJ-RS,,,
LT77120066BR,Triagem na Base,2026-09-06T09:00:00.000Z,CXJ-RS,,,
LT77120066BR,Bipado para Rota,2026-09-06T14:30:00.000Z,CXJ-RS,a0Fg8000006qKosEAE,,
LT77120066BR,Saiu para Entrega,2026-09-06T15:00:00.000Z,,a0Fg8000006qKosEAE,Rio Grande,
LT77120066BR,Entregue,2026-09-06T16:00:00.000Z,,a0Fg8000006qKosEAE,Rio Grande,Entregue ao destinatario.
LT77120067BR,Etiqueta Gerada,2026-07-29T00:00:00.000Z,,,,Pedido postado pelo embarcador.
LT77120067BR,Coleta Realizada,2026-07-29T12:00:00.000Z,,,,Coleta realizada.
LT77120067BR,Chegada ao SC,2026-07-30T02:00:00.000Z,PR SJS,,,
LT77120067BR,Triagem no SC,2026-07-30T04:00:00.000Z,PR SJS,,,
LT77120067BR,Saida do SC (Transferencia),2026-07-30T09:00:00.000Z,PR SJS,,,
LT77120067BR,Chegada a Base,2026-07-30T18:00:00.000Z,CIC-PR,,,
LT77120067BR,Triagem na Base,2026-07-30T21:00:00.000Z,CIC-PR,,,
LT77120067BR,Bipado para Rota,2026-07-30T21:30:00.000Z,CIC-PR,a0Fg8000006qKp8EAE,,
LT77120067BR,Saiu para Entrega,2026-07-30T22:00:00.000Z,,a0Fg8000006qKp8EAE,Sao Jose dos Pinhais,
LT77120067BR,Entregue,2026-07-31T02:00:00.000Z,,a0Fg8000006qKp8EAE,Sao Jose dos Pinhais,Entregue ao destinatario.
LT77120068BR,Etiqueta Gerada,2026-08-21T21:00:00.000Z,,,,Pedido postado pelo embarcador.
LT77120068BR,Coleta Realizada,2026-08-22T10:00:00.000Z,,,,Coleta realizada.
LT77120068BR,Chegada ao SC,2026-08-23T13:00:00.000Z,PR SJS,,,
LT77120068BR,Triagem no SC,2026-08-23T15:00:00.000Z,PR SJS,,,
LT77120068BR,Saida do SC (Transferencia),2026-08-24T03:00:00.000Z,PR SJS,,,
LT77120068BR,Chegada a Base,2026-08-24T12:00:00.000Z,CIC-PR,,,
LT77120068BR,Triagem na Base,2026-08-24T15:00:00.000Z,CIC-PR,,,
LT77120068BR,Bipado para Rota,2026-08-24T18:30:00.000Z,CIC-PR,a0Fg8000006qKp8EAE,,
LT77120068BR,Saiu para Entrega,2026-08-24T19:00:00.000Z,,a0Fg8000006qKp8EAE,Foz do Iguacu,
LT77120068BR,Entregue,2026-08-25T05:00:00.000Z,,a0Fg8000006qKp8EAE,Foz do Iguacu,Entregue ao destinatario.
LT77120069BR,Etiqueta Gerada,2026-08-25T18:00:00.000Z,,,,Pedido postado pelo embarcador.
LT77120069BR,Coleta Realizada,2026-08-26T22:00:00.000Z,,,,Coleta realizada.
LT77120069BR,Chegada ao SC,2026-08-28T09:00:00.000Z,SC BNU,,,
LT77120069BR,Triagem no SC,2026-08-28T11:00:00.000Z,SC BNU,,,
LT77120069BR,Saida do SC (Transferencia),2026-08-28T19:00:00.000Z,SC BNU,,,
LT77120069BR,Chegada a Base,2026-08-29T06:00:00.000Z,CCM-SC,,,
LT77120070BR,Etiqueta Gerada,2026-08-09T21:00:00.000Z,,,,Pedido postado pelo embarcador.
LT77120070BR,Coleta Realizada,2026-08-10T06:00:00.000Z,,,,Coleta realizada.
LT77120070BR,Chegada ao SC,2026-08-10T13:00:00.000Z,SC BNU,,,
LT77120070BR,Triagem no SC,2026-08-10T15:00:00.000Z,SC BNU,,,
LT77120070BR,Saida do SC (Transferencia),2026-08-10T19:00:00.000Z,SC BNU,,,
LT77120070BR,Chegada a Base,2026-08-11T12:00:00.000Z,CCM-SC,,,
LT77120070BR,Triagem na Base,2026-08-11T15:00:00.000Z,CCM-SC,,,
LT77120070BR,Bipado para Rota,2026-08-11T23:30:00.000Z,CCM-SC,a0Fg8000006qKpIEAU,,
LT77120070BR,Saiu para Entrega,2026-08-12T00:00:00.000Z,,a0Fg8000006qKpIEAU,Balneario Camboriu,
LT77120070BR,Recusado pelo Destinatario,2026-08-12T05:00:00.000Z,,a0Fg8000006qKpIEAU,,
LT77120070BR,Devolucao Iniciada,2026-08-13T05:00:00.000Z,CCM-SC,,,
LT77120071BR,Etiqueta Gerada,2026-07-27T18:00:00.000Z,,,,Pedido postado pelo embarcador.
LT77120071BR,Coleta Realizada,2026-07-28T17:00:00.000Z,,,,Coleta realizada.
LT77120071BR,Chegada ao SC,2026-07-30T08:00:00.000Z,RS NSR,,,
LT77120071BR,Triagem no SC,2026-07-30T10:00:00.000Z,RS NSR,,,
LT77120071BR,Saida do SC (Transferencia),2026-07-30T23:00:00.000Z,RS NSR,,,
LT77120071BR,Chegada a Base,2026-07-31T12:00:00.000Z,POA-RS,,,
LT77120071BR,Triagem na Base,2026-07-31T15:00:00.000Z,POA-RS,,,
LT77120071BR,Bipado para Rota,2026-07-31T18:30:00.000Z,POA-RS,a0Fg8000006qKp7EAE,,
LT77120071BR,Saiu para Entrega,2026-07-31T19:00:00.000Z,,a0Fg8000006qKp7EAE,Alvorada,
LT77120072BR,Etiqueta Gerada,2026-08-12T21:00:00.000Z,,,,Pedido postado pelo embarcador.
LT77120072BR,Coleta Realizada,2026-08-13T17:00:00.000Z,,,,Coleta realizada.
LT77120072BR,Chegada ao SC,2026-08-15T02:00:00.000Z,SC BNU,,,
LT77120072BR,Triagem no SC,2026-08-15T04:00:00.000Z,SC BNU,,,
LT77120072BR,Saida do SC (Transferencia),2026-08-15T07:00:00.000Z,SC BNU,,,
LT77120072BR,Chegada a Base,2026-08-16T06:00:00.000Z,TUB-SC,,,
LT77120072BR,Triagem na Base,2026-08-16T09:00:00.000Z,TUB-SC,,,
LT77120072BR,Bipado para Rota,2026-08-16T15:30:00.000Z,TUB-SC,a0Fg8000006qKopEAE,,
LT77120072BR,Saiu para Entrega,2026-08-16T16:00:00.000Z,,a0Fg8000006qKopEAE,Blumenau,
LT77120072BR,Entregue,2026-08-16T18:00:00.000Z,,a0Fg8000006qKopEAE,Blumenau,Entregue ao destinatario.
LT77120073BR,Etiqueta Gerada,2026-07-31T22:00:00.000Z,,,,Pedido postado pelo embarcador.
LT77120073BR,Coleta Realizada,2026-08-01T11:00:00.000Z,,,,Coleta realizada.
LT77120073BR,Chegada ao SC,2026-08-02T06:00:00.000Z,SC BNU,,,
LT77120073BR,Triagem no SC,2026-08-02T08:00:00.000Z,SC BNU,,,
LT77120073BR,Saida do SC (Transferencia),2026-08-02T18:00:00.000Z,SC BNU,,,
LT77120073BR,Chegada a Base,2026-08-03T10:00:00.000Z,TUB-SC,,,
LT77120073BR,Triagem na Base,2026-08-03T13:00:00.000Z,TUB-SC,,,
LT77120073BR,Bipado para Rota,2026-08-03T20:30:00.000Z,TUB-SC,a0Fg8000006qKopEAE,,
LT77120073BR,Saiu para Entrega,2026-08-03T21:00:00.000Z,,a0Fg8000006qKopEAE,Itajai,
LT77120073BR,Entregue,2026-08-04T02:00:00.000Z,,a0Fg8000006qKopEAE,Itajai,Entregue ao destinatario.
LT77120074BR,Etiqueta Gerada,2026-08-31T13:00:00.000Z,,,,Pedido postado pelo embarcador.
LT77120074BR,Coleta Realizada,2026-09-01T18:00:00.000Z,,,,Coleta realizada.
LT77120074BR,Chegada ao SC,2026-09-02T15:00:00.000Z,PR SJS,,,
LT77120074BR,Triagem no SC,2026-09-02T17:00:00.000Z,PR SJS,,,
LT77120074BR,Saida do SC (Transferencia),2026-09-03T11:00:00.000Z,PR SJS,,,
LT77120074BR,Chegada a Base,2026-09-04T02:00:00.000Z,ALM-PR,,,
LT77120074BR,Triagem na Base,2026-09-04T05:00:00.000Z,ALM-PR,,,
LT77120074BR,Bipado para Rota,2026-09-04T04:30:00.000Z,ALM-PR,a0Fg8000006qKp5EAE,,
LT77120074BR,Saiu para Entrega,2026-09-04T05:00:00.000Z,,a0Fg8000006qKp5EAE,Colombo,
LT77120074BR,Entregue,2026-09-04T07:00:00.000Z,,a0Fg8000006qKp5EAE,Colombo,Entregue ao destinatario.
LT77120075BR,Etiqueta Gerada,2026-08-13T04:00:00.000Z,,,,Pedido postado pelo embarcador.
LT77120075BR,Coleta Realizada,2026-08-14T07:00:00.000Z,,,,Coleta realizada.
LT77120075BR,Chegada ao SC,2026-08-14T17:00:00.000Z,PR SJS,,,
LT77120075BR,Triagem no SC,2026-08-14T19:00:00.000Z,PR SJS,,,
LT77120075BR,Saida do SC (Transferencia),2026-08-15T13:00:00.000Z,PR SJS,,,
LT77120075BR,Chegada a Base,2026-08-16T02:00:00.000Z,F LOD-PR,,,
LT77120075BR,Triagem na Base,2026-08-16T05:00:00.000Z,F LOD-PR,,,
LT77120075BR,Bipado para Rota,2026-08-16T15:30:00.000Z,F LOD-PR,a0Fg8000006qKotEAE,,
LT77120075BR,Saiu para Entrega,2026-08-16T16:00:00.000Z,,a0Fg8000006qKotEAE,Paranagua,
LT77120075BR,Entregue,2026-08-17T01:00:00.000Z,,a0Fg8000006qKotEAE,Paranagua,Entregue ao destinatario.
LT77120076BR,Etiqueta Gerada,2026-08-07T18:00:00.000Z,,,,Pedido postado pelo embarcador.
LT77120076BR,Coleta Realizada,2026-08-08T17:00:00.000Z,,,,Coleta realizada.
LT77120076BR,Chegada ao SC,2026-08-09T09:00:00.000Z,PR SJS,,,
LT77120076BR,Triagem no SC,2026-08-09T11:00:00.000Z,PR SJS,,,
LT77120076BR,Saida do SC (Transferencia),2026-08-09T19:00:00.000Z,PR SJS,,,
LT77120076BR,Chegada a Base,2026-08-09T23:00:00.000Z,CLB-PR,,,
LT77120076BR,Triagem na Base,2026-08-10T02:00:00.000Z,CLB-PR,,,
LT77120076BR,Sem Movimentacao Detectada,2026-09-06T05:00:00.000Z,CLB-PR,,,Sem atualizacao ha mais de 6 horas.
LT77120077BR,Etiqueta Gerada,2026-08-16T00:00:00.000Z,,,,Pedido postado pelo embarcador.
LT77120077BR,Coleta Realizada,2026-08-17T04:00:00.000Z,,,,Coleta realizada.
LT77120077BR,Chegada ao SC,2026-08-18T06:00:00.000Z,SC BNU,,,
LT77120077BR,Triagem no SC,2026-08-18T08:00:00.000Z,SC BNU,,,
LT77120077BR,Saida do SC (Transferencia),2026-08-18T11:00:00.000Z,SC BNU,,,
LT77120077BR,Chegada a Base,2026-08-19T03:00:00.000Z,TUB-SC,,,
LT77120077BR,Triagem na Base,2026-08-19T06:00:00.000Z,TUB-SC,,,
LT77120077BR,Bipado para Rota,2026-08-19T08:30:00.000Z,TUB-SC,a0Fg8000006qKp3EAE,,
LT77120077BR,Saiu para Entrega,2026-08-19T09:00:00.000Z,,a0Fg8000006qKp3EAE,Balneario Camboriu,
LT77120078BR,Etiqueta Gerada,2026-08-24T23:00:00.000Z,,,,Pedido postado pelo embarcador.
LT77120078BR,Coleta Realizada,2026-08-25T18:00:00.000Z,,,,Coleta realizada.
LT77120078BR,Chegada ao SC,2026-08-26T22:00:00.000Z,RS NSR,,,
LT77120078BR,Triagem no SC,2026-08-27T00:00:00.000Z,RS NSR,,,
LT77120078BR,Saida do SC (Transferencia),2026-08-27T15:00:00.000Z,RS NSR,,,
LT77120078BR,Chegada a Base,2026-08-28T14:00:00.000Z,POA-RS,,,
LT77120078BR,Triagem na Base,2026-08-28T17:00:00.000Z,POA-RS,,,
LT77120078BR,Bipado para Rota,2026-08-28T19:30:00.000Z,POA-RS,a0Fg8000006qKp7EAE,,
LT77120078BR,Saiu para Entrega,2026-08-28T20:00:00.000Z,,a0Fg8000006qKp7EAE,Pelotas,
LT77120078BR,Entregue,2026-08-29T05:00:00.000Z,,a0Fg8000006qKp7EAE,Pelotas,Entregue ao destinatario.
LT77120079BR,Etiqueta Gerada,2026-08-31T15:00:00.000Z,,,,Pedido postado pelo embarcador.
LT77120079BR,Coleta Realizada,2026-09-01T03:00:00.000Z,,,,Coleta realizada.
LT77120079BR,Chegada ao SC,2026-09-02T18:00:00.000Z,RS NSR,,,
LT77120079BR,Triagem no SC,2026-09-02T20:00:00.000Z,RS NSR,,,
LT77120079BR,Saida do SC (Transferencia),2026-09-03T07:00:00.000Z,RS NSR,,,
LT77120079BR,Chegada a Base,2026-09-03T17:00:00.000Z,POA-RS,,,
LT77120079BR,Triagem na Base,2026-09-03T20:00:00.000Z,POA-RS,,,
LT77120079BR,Bipado para Rota,2026-09-04T01:30:00.000Z,POA-RS,a0Fg8000006qKp7EAE,,
LT77120079BR,Saiu para Entrega,2026-09-04T02:00:00.000Z,,a0Fg8000006qKp7EAE,Santa Maria,
LT77120079BR,Entregue,2026-09-04T08:00:00.000Z,,a0Fg8000006qKp7EAE,Santa Maria,Entregue ao destinatario.
LT77120080BR,Etiqueta Gerada,2026-07-29T23:00:00.000Z,,,,Pedido postado pelo embarcador.
LT77120080BR,Coleta Realizada,2026-07-31T01:00:00.000Z,,,,Coleta realizada.
LT77120080BR,Chegada ao SC,2026-07-31T15:00:00.000Z,RS NSR,,,
LT77120080BR,Triagem no SC,2026-07-31T17:00:00.000Z,RS NSR,,,
LT77120080BR,Saida do SC (Transferencia),2026-08-01T03:00:00.000Z,RS NSR,,,
LT77120080BR,Chegada a Base,2026-08-01T10:00:00.000Z,F CNS-RS,,,
LT77120080BR,Triagem na Base,2026-08-01T13:00:00.000Z,F CNS-RS,,,
LT77120080BR,Bipado para Rota,2026-08-01T15:30:00.000Z,F CNS-RS,a0Fg8000006qKpKEAU,,
LT77120080BR,Saiu para Entrega,2026-08-01T16:00:00.000Z,,a0Fg8000006qKpKEAU,Novo Hamburgo,
LT77120080BR,Entregue,2026-08-01T17:00:00.000Z,,a0Fg8000006qKpKEAU,Novo Hamburgo,Entregue ao destinatario.
LT77120081BR,Etiqueta Gerada,2026-08-06T04:00:00.000Z,,,,Pedido postado pelo embarcador.
LT77120081BR,Coleta Realizada,2026-08-06T13:00:00.000Z,,,,Coleta realizada.
LT77120081BR,Chegada ao SC,2026-08-07T01:00:00.000Z,RS NSR,,,
LT77120081BR,Triagem no SC,2026-08-07T03:00:00.000Z,RS NSR,,,
LT77120081BR,Saida do SC (Transferencia),2026-08-07T07:00:00.000Z,RS NSR,,,
LT77120081BR,Chegada a Base,2026-08-07T19:00:00.000Z,POA-RS,,,
LT77120081BR,Triagem na Base,2026-08-07T22:00:00.000Z,POA-RS,,,
LT77120081BR,Bipado para Rota,2026-08-08T06:30:00.000Z,POA-RS,a0Fg8000006qKp7EAE,,
LT77120081BR,Saiu para Entrega,2026-08-08T07:00:00.000Z,,a0Fg8000006qKp7EAE,Sao Leopoldo,
LT77120081BR,Tentativa de Entrega,2026-08-08T16:00:00.000Z,,a0Fg8000006qKp7EAE,Sao Leopoldo,Sem sucesso na entrega. Nova tentativa agendada.
LT77120082BR,Etiqueta Gerada,2026-08-19T18:00:00.000Z,,,,Pedido postado pelo embarcador.
LT77120082BR,Coleta Realizada,2026-08-20T12:00:00.000Z,,,,Coleta realizada.
LT77120082BR,Chegada ao SC,2026-08-20T18:00:00.000Z,RS NSR,,,
LT77120082BR,Triagem no SC,2026-08-20T20:00:00.000Z,RS NSR,,,
LT77120082BR,Saida do SC (Transferencia),2026-08-21T12:00:00.000Z,RS NSR,,,
LT77120082BR,Chegada a Base,2026-08-21T20:00:00.000Z,POA-RS,,,
LT77120082BR,Triagem na Base,2026-08-21T23:00:00.000Z,POA-RS,,,
LT77120082BR,Bipado para Rota,2026-08-22T05:30:00.000Z,POA-RS,a0Fg8000006qKp7EAE,,
LT77120082BR,Saiu para Entrega,2026-08-22T06:00:00.000Z,,a0Fg8000006qKp7EAE,Alvorada,
LT77120082BR,Entregue,2026-08-22T08:00:00.000Z,,a0Fg8000006qKp7EAE,Alvorada,Entregue ao destinatario.
LT77120083BR,Etiqueta Gerada,2026-08-03T21:00:00.000Z,,,,Pedido postado pelo embarcador.
LT77120083BR,Coleta Realizada,2026-08-04T05:00:00.000Z,,,,Coleta realizada.
LT77120083BR,Chegada ao SC,2026-08-05T06:00:00.000Z,SC BNU,,,
LT77120083BR,Triagem no SC,2026-08-05T08:00:00.000Z,SC BNU,,,
LT77120083BR,Saida do SC (Transferencia),2026-08-05T13:00:00.000Z,SC BNU,,,
LT77120083BR,Chegada a Base,2026-08-06T01:00:00.000Z,CCM-SC,,,
LT77120083BR,Triagem na Base,2026-08-06T04:00:00.000Z,CCM-SC,,,
LT77120083BR,Bipado para Rota,2026-08-06T04:30:00.000Z,CCM-SC,a0Fg8000006qKpIEAU,,
LT77120083BR,Saiu para Entrega,2026-08-06T05:00:00.000Z,,a0Fg8000006qKpIEAU,Sao Jose,
LT77120083BR,Entregue,2026-08-06T14:00:00.000Z,,a0Fg8000006qKpIEAU,Sao Jose,Entregue ao destinatario.
LT77120084BR,Etiqueta Gerada,2026-08-07T14:00:00.000Z,,,,Pedido postado pelo embarcador.
LT77120084BR,Coleta Realizada,2026-08-08T16:00:00.000Z,,,,Coleta realizada.
LT77120084BR,Chegada ao SC,2026-08-09T01:00:00.000Z,RS NSR,,,
LT77120084BR,Triagem no SC,2026-08-09T03:00:00.000Z,RS NSR,,,
LT77120084BR,Saida do SC (Transferencia),2026-08-09T05:00:00.000Z,RS NSR,,,
LT77120084BR,Chegada a Base,2026-08-09T15:00:00.000Z,POA-RS,,,
LT77120084BR,Triagem na Base,2026-08-09T18:00:00.000Z,POA-RS,,,
LT77120084BR,Bipado para Rota,2026-08-09T21:30:00.000Z,POA-RS,a0Fg8000006qKp7EAE,,
LT77120084BR,Saiu para Entrega,2026-08-09T22:00:00.000Z,,a0Fg8000006qKp7EAE,Novo Hamburgo,
LT77120084BR,Entregue,2026-08-10T02:00:00.000Z,,a0Fg8000006qKp7EAE,Novo Hamburgo,Entregue ao destinatario.
LT77120085BR,Etiqueta Gerada,2026-08-31T21:00:00.000Z,,,,Pedido postado pelo embarcador.
LT77120085BR,Coleta Realizada,2026-09-01T11:00:00.000Z,,,,Coleta realizada.
LT77120085BR,Chegada ao SC,2026-09-02T20:00:00.000Z,SC BNU,,,
LT77120085BR,Triagem no SC,2026-09-02T22:00:00.000Z,SC BNU,,,
LT77120085BR,Saida do SC (Transferencia),2026-09-03T14:00:00.000Z,SC BNU,,,
LT77120085BR,Chegada a Base,2026-09-04T00:00:00.000Z,F JOI-SC,,,
LT77120085BR,Triagem na Base,2026-09-04T03:00:00.000Z,F JOI-SC,,,
LT77120085BR,Bipado para Rota,2026-09-04T12:30:00.000Z,F JOI-SC,a0Fg8000006qKp4EAE,,
LT77120085BR,Saiu para Entrega,2026-09-04T13:00:00.000Z,,a0Fg8000006qKp4EAE,Lages,
LT77120085BR,Tentativa de Entrega,2026-09-04T18:00:00.000Z,,a0Fg8000006qKp4EAE,Lages,Sem sucesso na entrega. Nova tentativa agendada.
LT77120086BR,Etiqueta Gerada,2026-08-20T09:00:00.000Z,,,,Pedido postado pelo embarcador.
LT77120086BR,Coleta Realizada,2026-08-21T13:00:00.000Z,,,,Coleta realizada.
LT77120086BR,Chegada ao SC,2026-08-22T07:00:00.000Z,PR SJS,,,
LT77120086BR,Triagem no SC,2026-08-22T09:00:00.000Z,PR SJS,,,
LT77120086BR,Saida do SC (Transferencia),2026-08-23T03:00:00.000Z,PR SJS,,,
LT77120086BR,Chegada a Base,2026-08-23T19:00:00.000Z,CLB-PR,,,
LT77120086BR,Triagem na Base,2026-08-23T22:00:00.000Z,CLB-PR,,,
LT77120086BR,Bipado para Rota,2026-08-24T07:30:00.000Z,CLB-PR,a0Fg8000006qKp1EAE,,
LT77120086BR,Saiu para Entrega,2026-08-24T08:00:00.000Z,,a0Fg8000006qKp1EAE,Ponta Grossa,
LT77120086BR,Extravio Registrado,2026-09-01T14:00:00.000Z,CLB-PR,,,Remessa nao localizada. Processo de extravio aberto.
LT77120087BR,Etiqueta Gerada,2026-07-30T06:00:00.000Z,,,,Pedido postado pelo embarcador.
LT77120087BR,Coleta Realizada,2026-07-31T00:00:00.000Z,,,,Coleta realizada.
LT77120087BR,Chegada ao SC,2026-08-01T04:00:00.000Z,PR SJS,,,
LT77120087BR,Triagem no SC,2026-08-01T06:00:00.000Z,PR SJS,,,
LT77120087BR,Saida do SC (Transferencia),2026-08-01T13:00:00.000Z,PR SJS,,,
LT77120087BR,Chegada a Base,2026-08-02T03:00:00.000Z,F LOD-PR,,,
LT77120087BR,Triagem na Base,2026-08-02T06:00:00.000Z,F LOD-PR,,,
LT77120087BR,Bipado para Rota,2026-08-02T15:30:00.000Z,F LOD-PR,a0Fg8000006qKotEAE,,
LT77120087BR,Saiu para Entrega,2026-08-02T16:00:00.000Z,,a0Fg8000006qKotEAE,Colombo,
LT77120087BR,Entregue,2026-08-02T23:00:00.000Z,,a0Fg8000006qKotEAE,Colombo,Entregue ao destinatario.
LT77120088BR,Etiqueta Gerada,2026-08-30T21:00:00.000Z,,,,Pedido postado pelo embarcador.
LT77120088BR,Coleta Realizada,2026-08-31T21:00:00.000Z,,,,Coleta realizada.
LT77120088BR,Chegada ao SC,2026-09-01T09:00:00.000Z,SC BNU,,,
LT77120088BR,Triagem no SC,2026-09-01T11:00:00.000Z,SC BNU,,,
LT77120088BR,Saida do SC (Transferencia),2026-09-02T03:00:00.000Z,SC BNU,,,
LT77120088BR,Chegada a Base,2026-09-02T22:00:00.000Z,SJE-SC,,,
LT77120088BR,Triagem na Base,2026-09-03T01:00:00.000Z,SJE-SC,,,
LT77120088BR,Bipado para Rota,2026-09-02T23:30:00.000Z,SJE-SC,a0Fg8000006qKpHEAU,,
LT77120088BR,Saiu para Entrega,2026-09-03T00:00:00.000Z,,a0Fg8000006qKpHEAU,Lages,
LT77120089BR,Etiqueta Gerada,2026-09-04T05:00:00.000Z,,,,Pedido postado pelo embarcador.
LT77120089BR,Coleta Realizada,2026-09-04T21:00:00.000Z,,,,Coleta realizada.
LT77120089BR,Chegada ao SC,2026-09-05T21:00:00.000Z,RS NSR,,,
LT77120089BR,Triagem no SC,2026-09-05T23:00:00.000Z,RS NSR,,,
LT77120089BR,Saida do SC (Transferencia),2026-09-06T08:00:00.000Z,RS NSR,,,
LT77120089BR,Chegada a Base,2026-09-07T04:00:00.000Z,CXJ-RS,,,
LT77120089BR,Triagem na Base,2026-09-07T07:00:00.000Z,CXJ-RS,,,
LT77120089BR,Retido,2026-09-08T15:00:00.000Z,CXJ-RS,,,Passou do prazo de entrega sem sucesso.
LT77120090BR,Etiqueta Gerada,2026-08-12T18:00:00.000Z,,,,Pedido postado pelo embarcador.
LT77120090BR,Coleta Realizada,2026-08-12T22:00:00.000Z,,,,Coleta realizada.
LT77120090BR,Chegada ao SC,2026-08-13T20:00:00.000Z,PR SJS,,,
LT77120090BR,Triagem no SC,2026-08-13T22:00:00.000Z,PR SJS,,,
LT77120090BR,Saida do SC (Transferencia),2026-08-14T15:00:00.000Z,PR SJS,,,
LT77120090BR,Chegada a Base,2026-08-14T22:00:00.000Z,ARP-PR,,,
LT77120090BR,Triagem na Base,2026-08-15T01:00:00.000Z,ARP-PR,,,
LT77120090BR,Bipado para Rota,2026-08-15T04:30:00.000Z,ARP-PR,a0Fg8000006qKpJEAU,,
LT77120090BR,Saiu para Entrega,2026-08-15T05:00:00.000Z,,a0Fg8000006qKpJEAU,Maringa,
LT77120090BR,Entregue,2026-08-15T08:00:00.000Z,,a0Fg8000006qKpJEAU,Maringa,Entregue ao destinatario.
LT77120091BR,Etiqueta Gerada,2026-08-11T13:00:00.000Z,,,,Pedido postado pelo embarcador.
LT77120091BR,Coleta Realizada,2026-08-12T07:00:00.000Z,,,,Coleta realizada.
LT77120091BR,Chegada ao SC,2026-08-13T21:00:00.000Z,SC BNU,,,
LT77120091BR,Triagem no SC,2026-08-13T23:00:00.000Z,SC BNU,,,
LT77120091BR,Saida do SC (Transferencia),2026-08-14T00:00:00.000Z,SC BNU,,,
LT77120091BR,Chegada a Base,2026-08-14T10:00:00.000Z,CCM-SC,,,
LT77120091BR,Triagem na Base,2026-08-14T13:00:00.000Z,CCM-SC,,,
LT77120091BR,Bipado para Rota,2026-08-14T15:30:00.000Z,CCM-SC,a0Fg8000006qKorEAE,,
LT77120091BR,Saiu para Entrega,2026-08-14T16:00:00.000Z,,a0Fg8000006qKorEAE,Lages,
LT77120091BR,Entregue,2026-08-14T21:00:00.000Z,,a0Fg8000006qKorEAE,Lages,Entregue ao destinatario.
LT77120092BR,Etiqueta Gerada,2026-08-14T03:00:00.000Z,,,,Pedido postado pelo embarcador.
LT77120092BR,Coleta Realizada,2026-08-14T07:00:00.000Z,,,,Coleta realizada.
LT77120092BR,Chegada ao SC,2026-08-15T14:00:00.000Z,PR SJS,,,
LT77120092BR,Triagem no SC,2026-08-15T16:00:00.000Z,PR SJS,,,
LT77120092BR,Saida do SC (Transferencia),2026-08-16T05:00:00.000Z,PR SJS,,,
LT77120092BR,Chegada a Base,2026-08-17T03:00:00.000Z,F ARP-PR,,,
LT77120092BR,Triagem na Base,2026-08-17T06:00:00.000Z,F ARP-PR,,,
LT77120092BR,Bipado para Rota,2026-08-17T10:30:00.000Z,F ARP-PR,a0Fg8000006qKpEEAU,,
LT77120092BR,Saiu para Entrega,2026-08-17T11:00:00.000Z,,a0Fg8000006qKpEEAU,Foz do Iguacu,
LT77120092BR,Entregue,2026-08-17T13:00:00.000Z,,a0Fg8000006qKpEEAU,Foz do Iguacu,Entregue ao destinatario.
LT77120093BR,Etiqueta Gerada,2026-08-07T02:00:00.000Z,,,,Pedido postado pelo embarcador.
LT77120093BR,Coleta Realizada,2026-08-08T05:00:00.000Z,,,,Coleta realizada.
LT77120093BR,Chegada ao SC,2026-08-09T17:00:00.000Z,SC BNU,,,
LT77120093BR,Triagem no SC,2026-08-09T19:00:00.000Z,SC BNU,,,
LT77120093BR,Saida do SC (Transferencia),2026-08-10T00:00:00.000Z,SC BNU,,,
LT77120093BR,Chegada a Base,2026-08-10T09:00:00.000Z,CCM-SC,,,
LT77120093BR,Triagem na Base,2026-08-10T12:00:00.000Z,CCM-SC,,,
LT77120093BR,Bipado para Rota,2026-08-10T13:30:00.000Z,CCM-SC,a0Fg8000006qKorEAE,,
LT77120093BR,Saiu para Entrega,2026-08-10T14:00:00.000Z,,a0Fg8000006qKorEAE,Jaragua do Sul,
LT77120093BR,Entregue,2026-08-10T16:00:00.000Z,,a0Fg8000006qKorEAE,Jaragua do Sul,Entregue ao destinatario.
LT77120094BR,Etiqueta Gerada,2026-08-08T03:00:00.000Z,,,,Pedido postado pelo embarcador.
LT77120094BR,Coleta Realizada,2026-08-09T00:00:00.000Z,,,,Coleta realizada.
LT77120094BR,Chegada ao SC,2026-08-09T19:00:00.000Z,PR SJS,,,
LT77120094BR,Triagem no SC,2026-08-09T21:00:00.000Z,PR SJS,,,
LT77120094BR,Saida do SC (Transferencia),2026-08-10T04:00:00.000Z,PR SJS,,,
LT77120094BR,Chegada a Base,2026-08-10T19:00:00.000Z,F ARP-PR,,,
LT77120094BR,Triagem na Base,2026-08-10T22:00:00.000Z,F ARP-PR,,,
LT77120094BR,Bipado para Rota,2026-08-10T23:30:00.000Z,F ARP-PR,a0Fg8000006qKpEEAU,,
LT77120094BR,Saiu para Entrega,2026-08-11T00:00:00.000Z,,a0Fg8000006qKpEEAU,Paranagua,
LT77120094BR,Entregue,2026-08-11T05:00:00.000Z,,a0Fg8000006qKpEEAU,Paranagua,Entregue ao destinatario.
LT77120095BR,Etiqueta Gerada,2026-09-03T16:00:00.000Z,,,,Pedido postado pelo embarcador.
LT77120095BR,Coleta Realizada,2026-09-04T03:00:00.000Z,,,,Coleta realizada.
LT77120095BR,Chegada ao SC,2026-09-04T23:00:00.000Z,SC BNU,,,
LT77120095BR,Triagem no SC,2026-09-05T01:00:00.000Z,SC BNU,,,
LT77120096BR,Etiqueta Gerada,2026-08-30T03:00:00.000Z,,,,Pedido postado pelo embarcador.
LT77120096BR,Coleta Realizada,2026-08-31T07:00:00.000Z,,,,Coleta realizada.
LT77120096BR,Chegada ao SC,2026-09-01T18:00:00.000Z,PR SJS,,,
LT77120096BR,Triagem no SC,2026-09-01T20:00:00.000Z,PR SJS,,,
LT77120096BR,Saida do SC (Transferencia),2026-09-01T22:00:00.000Z,PR SJS,,,
LT77120096BR,Chegada a Base,2026-09-02T06:00:00.000Z,F LOD-PR,,,
LT77120096BR,Triagem na Base,2026-09-02T09:00:00.000Z,F LOD-PR,,,
LT77120096BR,Bipado para Rota,2026-09-02T15:30:00.000Z,F LOD-PR,a0Fg8000006qKotEAE,,
LT77120096BR,Saiu para Entrega,2026-09-02T16:00:00.000Z,,a0Fg8000006qKotEAE,Colombo,
LT77120096BR,Entregue,2026-09-03T00:00:00.000Z,,a0Fg8000006qKotEAE,Colombo,Entregue ao destinatario.
LT77120097BR,Etiqueta Gerada,2026-07-28T18:00:00.000Z,,,,Pedido postado pelo embarcador.
LT77120097BR,Coleta Realizada,2026-07-29T16:00:00.000Z,,,,Coleta realizada.
LT77120097BR,Chegada ao SC,2026-07-30T09:00:00.000Z,PR SJS,,,
LT77120097BR,Triagem no SC,2026-07-30T11:00:00.000Z,PR SJS,,,
LT77120097BR,Saida do SC (Transferencia),2026-07-31T04:00:00.000Z,PR SJS,,,
LT77120097BR,Chegada a Base,2026-08-01T04:00:00.000Z,ARP-PR,,,
LT77120097BR,Triagem na Base,2026-08-01T07:00:00.000Z,ARP-PR,,,
LT77120097BR,Bipado para Rota,2026-08-01T16:30:00.000Z,ARP-PR,a0Fg8000006qKooEAE,,
LT77120097BR,Saiu para Entrega,2026-08-01T17:00:00.000Z,,a0Fg8000006qKooEAE,Colombo,
LT77120098BR,Etiqueta Gerada,2026-08-10T06:00:00.000Z,,,,Pedido postado pelo embarcador.
LT77120098BR,Coleta Realizada,2026-08-11T04:00:00.000Z,,,,Coleta realizada.
LT77120098BR,Chegada ao SC,2026-08-11T19:00:00.000Z,RS NSR,,,
LT77120098BR,Triagem no SC,2026-08-11T21:00:00.000Z,RS NSR,,,
LT77120098BR,Saida do SC (Transferencia),2026-08-12T03:00:00.000Z,RS NSR,,,
LT77120098BR,Chegada a Base,2026-08-12T08:00:00.000Z,F CNS-RS,,,
LT77120098BR,Triagem na Base,2026-08-12T11:00:00.000Z,F CNS-RS,,,
LT77120098BR,Bipado para Rota,2026-08-12T19:30:00.000Z,F CNS-RS,a0Fg8000006qKpKEAU,,
LT77120098BR,Saiu para Entrega,2026-08-12T20:00:00.000Z,,a0Fg8000006qKpKEAU,Novo Hamburgo,
LT77120098BR,Entregue,2026-08-13T06:00:00.000Z,,a0Fg8000006qKpKEAU,Novo Hamburgo,Entregue ao destinatario.
LT77120099BR,Etiqueta Gerada,2026-09-05T02:00:00.000Z,,,,Pedido postado pelo embarcador.
LT77120099BR,Coleta Realizada,2026-09-06T02:00:00.000Z,,,,Coleta realizada.
LT77120099BR,Chegada ao SC,2026-09-07T17:00:00.000Z,PR SJS,,,
LT77120099BR,Triagem no SC,2026-09-07T19:00:00.000Z,PR SJS,,,
LT77120099BR,Saida do SC (Transferencia),2026-09-07T23:00:00.000Z,PR SJS,,,
LT77120099BR,Chegada a Base,2026-09-08T07:00:00.000Z,CLB-PR,,,
LT77120099BR,Triagem na Base,2026-09-08T10:00:00.000Z,CLB-PR,,,
LT77120099BR,Bipado para Rota,2026-09-08T17:30:00.000Z,CLB-PR,a0Fg8000006qKp1EAE,,
LT77120099BR,Saiu para Entrega,2026-09-08T18:00:00.000Z,,a0Fg8000006qKp1EAE,Foz do Iguacu,
LT77120099BR,Endereco Nao Localizado,2026-09-08T20:00:00.000Z,,a0Fg8000006qKp1EAE,,Sem sucesso na entrega. Nova tentativa agendada.
LT77120100BR,Etiqueta Gerada,2026-08-27T05:00:00.000Z,,,,Pedido postado pelo embarcador.
LT77120100BR,Coleta Realizada,2026-08-28T04:00:00.000Z,,,,Coleta realizada.
LT77120100BR,Chegada ao SC,2026-08-29T02:00:00.000Z,SC BNU,,,
LT77120100BR,Triagem no SC,2026-08-29T04:00:00.000Z,SC BNU,,,
LT77120100BR,Saida do SC (Transferencia),2026-08-29T17:00:00.000Z,SC BNU,,,
LT77120100BR,Chegada a Base,2026-08-30T11:00:00.000Z,F BLU-SC,,,
LT77120100BR,Triagem na Base,2026-08-30T14:00:00.000Z,F BLU-SC,,,
LT77120100BR,Bipado para Rota,2026-08-30T16:30:00.000Z,F BLU-SC,a0Fg8000006qKp6EAE,,
LT77120100BR,Saiu para Entrega,2026-08-30T17:00:00.000Z,,a0Fg8000006qKp6EAE,Tubarao,
LT77120100BR,Recusado pelo Destinatario,2026-08-30T22:00:00.000Z,,a0Fg8000006qKp6EAE,,
LT77120100BR,Devolucao Iniciada,2026-08-31T22:00:00.000Z,F BLU-SC,,,
LT77120101BR,Etiqueta Gerada,2026-07-29T17:00:00.000Z,,,,Pedido postado pelo embarcador.
LT77120101BR,Coleta Realizada,2026-07-29T21:00:00.000Z,,,,Coleta realizada.
LT77120101BR,Chegada ao SC,2026-07-30T21:00:00.000Z,PR SJS,,,
LT77120101BR,Triagem no SC,2026-07-30T23:00:00.000Z,PR SJS,,,
LT77120101BR,Saida do SC (Transferencia),2026-07-31T04:00:00.000Z,PR SJS,,,
LT77120101BR,Chegada a Base,2026-07-31T11:00:00.000Z,ARP-PR,,,
LT77120101BR,Triagem na Base,2026-07-31T14:00:00.000Z,ARP-PR,,,
LT77120101BR,Bipado para Rota,2026-07-31T12:30:00.000Z,ARP-PR,a0Fg8000006qKonEAE,,
LT77120101BR,Saiu para Entrega,2026-07-31T13:00:00.000Z,,a0Fg8000006qKonEAE,Londrina,
LT77120101BR,Recusado pelo Destinatario,2026-07-31T23:00:00.000Z,,a0Fg8000006qKonEAE,,
LT77120101BR,Devolucao Iniciada,2026-08-01T23:00:00.000Z,ARP-PR,,,
LT77120102BR,Etiqueta Gerada,2026-08-11T19:00:00.000Z,,,,Pedido postado pelo embarcador.
LT77120102BR,Coleta Realizada,2026-08-12T04:00:00.000Z,,,,Coleta realizada.
LT77120102BR,Chegada ao SC,2026-08-13T02:00:00.000Z,RS NSR,,,
LT77120102BR,Triagem no SC,2026-08-13T04:00:00.000Z,RS NSR,,,
LT77120102BR,Saida do SC (Transferencia),2026-08-13T18:00:00.000Z,RS NSR,,,
LT77120102BR,Chegada a Base,2026-08-13T22:00:00.000Z,F CNS-RS,,,
LT77120102BR,Triagem na Base,2026-08-14T01:00:00.000Z,F CNS-RS,,,
LT77120102BR,Bipado para Rota,2026-08-13T23:30:00.000Z,F CNS-RS,a0Fg8000006qKpKEAU,,
LT77120102BR,Saiu para Entrega,2026-08-14T00:00:00.000Z,,a0Fg8000006qKpKEAU,Porto Alegre,
LT77120102BR,Entregue,2026-08-14T04:00:00.000Z,,a0Fg8000006qKpKEAU,Porto Alegre,Entregue ao destinatario.
LT77120103BR,Etiqueta Gerada,2026-08-18T14:00:00.000Z,,,,Pedido postado pelo embarcador.
LT77120103BR,Coleta Realizada,2026-08-19T11:00:00.000Z,,,,Coleta realizada.
LT77120103BR,Chegada ao SC,2026-08-20T07:00:00.000Z,RS NSR,,,
LT77120103BR,Triagem no SC,2026-08-20T09:00:00.000Z,RS NSR,,,
LT77120103BR,Saida do SC (Transferencia),2026-08-20T19:00:00.000Z,RS NSR,,,
LT77120103BR,Chegada a Base,2026-08-21T10:00:00.000Z,F PET-RS,,,
LT77120103BR,Triagem na Base,2026-08-21T13:00:00.000Z,F PET-RS,,,
LT77120103BR,Bipado para Rota,2026-08-21T16:30:00.000Z,F PET-RS,a0Fg8000006qKowEAE,,
LT77120103BR,Saiu para Entrega,2026-08-21T17:00:00.000Z,,a0Fg8000006qKowEAE,Gravatai,
LT77120103BR,Entregue,2026-08-21T22:00:00.000Z,,a0Fg8000006qKowEAE,Gravatai,Entregue ao destinatario.
LT77120104BR,Etiqueta Gerada,2026-07-31T09:00:00.000Z,,,,Pedido postado pelo embarcador.
LT77120104BR,Coleta Realizada,2026-07-31T13:00:00.000Z,,,,Coleta realizada.
LT77120104BR,Chegada ao SC,2026-08-01T19:00:00.000Z,SC BNU,,,
LT77120104BR,Triagem no SC,2026-08-01T21:00:00.000Z,SC BNU,,,
LT77120104BR,Saida do SC (Transferencia),2026-08-02T06:00:00.000Z,SC BNU,,,
LT77120104BR,Chegada a Base,2026-08-02T23:00:00.000Z,TUB-SC,,,
LT77120104BR,Triagem na Base,2026-08-03T02:00:00.000Z,TUB-SC,,,
LT77120104BR,Bipado para Rota,2026-08-03T02:30:00.000Z,TUB-SC,a0Fg8000006qKp3EAE,,
LT77120104BR,Saiu para Entrega,2026-08-03T03:00:00.000Z,,a0Fg8000006qKp3EAE,Tubarao,
LT77120104BR,Entregue,2026-08-03T13:00:00.000Z,,a0Fg8000006qKp3EAE,Tubarao,Entregue ao destinatario.
LT77120105BR,Etiqueta Gerada,2026-08-04T08:00:00.000Z,,,,Pedido postado pelo embarcador.
LT77120105BR,Coleta Realizada,2026-08-05T07:00:00.000Z,,,,Coleta realizada.
LT77120105BR,Chegada ao SC,2026-08-06T08:00:00.000Z,SC BNU,,,
LT77120105BR,Triagem no SC,2026-08-06T10:00:00.000Z,SC BNU,,,
LT77120105BR,Saida do SC (Transferencia),2026-08-07T00:00:00.000Z,SC BNU,,,
LT77120105BR,Chegada a Base,2026-08-07T19:00:00.000Z,CCM-SC,,,
LT77120105BR,Triagem na Base,2026-08-07T22:00:00.000Z,CCM-SC,,,
LT77120106BR,Etiqueta Gerada,2026-08-10T09:00:00.000Z,,,,Pedido postado pelo embarcador.
LT77120106BR,Coleta Realizada,2026-08-11T08:00:00.000Z,,,,Coleta realizada.
LT77120106BR,Chegada ao SC,2026-08-11T14:00:00.000Z,PR SJS,,,
LT77120106BR,Triagem no SC,2026-08-11T16:00:00.000Z,PR SJS,,,
LT77120106BR,Saida do SC (Transferencia),2026-08-11T19:00:00.000Z,PR SJS,,,
LT77120107BR,Etiqueta Gerada,2026-09-05T00:00:00.000Z,,,,Pedido postado pelo embarcador.
LT77120107BR,Coleta Realizada,2026-09-06T05:00:00.000Z,,,,Coleta realizada.
LT77120107BR,Chegada ao SC,2026-09-06T14:00:00.000Z,RS NSR,,,
LT77120107BR,Triagem no SC,2026-09-06T16:00:00.000Z,RS NSR,,,
LT77120107BR,Saida do SC (Transferencia),2026-09-07T10:00:00.000Z,RS NSR,,,
LT77120107BR,Chegada a Base,2026-09-08T10:00:00.000Z,POA-RS,,,
LT77120107BR,Triagem na Base,2026-09-08T13:00:00.000Z,POA-RS,,,
LT77120107BR,Bipado para Rota,2026-09-08T12:30:00.000Z,POA-RS,a0Fg8000006qKp7EAE,,
LT77120107BR,Saiu para Entrega,2026-09-08T13:00:00.000Z,,a0Fg8000006qKp7EAE,Sapucaia do Sul,
LT77120107BR,Entregue,2026-09-08T19:00:00.000Z,,a0Fg8000006qKp7EAE,Sapucaia do Sul,Entregue ao destinatario.
LT77120108BR,Etiqueta Gerada,2026-08-21T15:00:00.000Z,,,,Pedido postado pelo embarcador.
LT77120108BR,Coleta Realizada,2026-08-22T14:00:00.000Z,,,,Coleta realizada.
LT77120108BR,Chegada ao SC,2026-08-23T20:00:00.000Z,RS NSR,,,
LT77120108BR,Triagem no SC,2026-08-23T22:00:00.000Z,RS NSR,,,
LT77120109BR,Etiqueta Gerada,2026-09-03T05:00:00.000Z,,,,Pedido postado pelo embarcador.
LT77120109BR,Coleta Realizada,2026-09-04T09:00:00.000Z,,,,Coleta realizada.
LT77120109BR,Chegada ao SC,2026-09-04T16:00:00.000Z,SC BNU,,,
LT77120109BR,Triagem no SC,2026-09-04T18:00:00.000Z,SC BNU,,,
LT77120109BR,Saida do SC (Transferencia),2026-09-05T10:00:00.000Z,SC BNU,,,
LT77120109BR,Chegada a Base,2026-09-06T09:00:00.000Z,TUB-SC,,,
LT77120109BR,Triagem na Base,2026-09-06T12:00:00.000Z,TUB-SC,,,
LT77120109BR,Bipado para Rota,2026-09-06T20:30:00.000Z,TUB-SC,a0Fg8000006qKopEAE,,
LT77120109BR,Saiu para Entrega,2026-09-06T21:00:00.000Z,,a0Fg8000006qKopEAE,Itajai,
LT77120109BR,Entregue,2026-09-07T04:00:00.000Z,,a0Fg8000006qKopEAE,Itajai,Entregue ao destinatario.
LT77120110BR,Etiqueta Gerada,2026-08-13T16:00:00.000Z,,,,Pedido postado pelo embarcador.
LT77120110BR,Coleta Realizada,2026-08-14T11:00:00.000Z,,,,Coleta realizada.
LT77120110BR,Chegada ao SC,2026-08-15T14:00:00.000Z,SC BNU,,,
LT77120110BR,Triagem no SC,2026-08-15T16:00:00.000Z,SC BNU,,,
LT77120110BR,Saida do SC (Transferencia),2026-08-15T23:00:00.000Z,SC BNU,,,
LT77120110BR,Chegada a Base,2026-08-16T17:00:00.000Z,F BLU-SC,,,
LT77120110BR,Triagem na Base,2026-08-16T20:00:00.000Z,F BLU-SC,,,
LT77120110BR,Bipado para Rota,2026-08-17T00:30:00.000Z,F BLU-SC,a0Fg8000006qKp6EAE,,
LT77120110BR,Saiu para Entrega,2026-08-17T01:00:00.000Z,,a0Fg8000006qKp6EAE,Joinville,
LT77120111BR,Etiqueta Gerada,2026-08-08T10:00:00.000Z,,,,Pedido postado pelo embarcador.
LT77120111BR,Coleta Realizada,2026-08-09T13:00:00.000Z,,,,Coleta realizada.
LT77120111BR,Chegada ao SC,2026-08-10T12:00:00.000Z,PR SJS,,,
LT77120111BR,Triagem no SC,2026-08-10T14:00:00.000Z,PR SJS,,,
LT77120111BR,Saida do SC (Transferencia),2026-08-10T18:00:00.000Z,PR SJS,,,
LT77120111BR,Chegada a Base,2026-08-11T13:00:00.000Z,ARP-PR,,,
LT77120111BR,Triagem na Base,2026-08-11T16:00:00.000Z,ARP-PR,,,
LT77120111BR,Bipado para Rota,2026-08-11T18:30:00.000Z,ARP-PR,a0Fg8000006qKooEAE,,
LT77120111BR,Saiu para Entrega,2026-08-11T19:00:00.000Z,,a0Fg8000006qKooEAE,Londrina,
LT77120111BR,Entregue,2026-08-12T04:00:00.000Z,,a0Fg8000006qKooEAE,Londrina,Entregue ao destinatario.
LT77120112BR,Etiqueta Gerada,2026-07-30T14:00:00.000Z,,,,Pedido postado pelo embarcador.
LT77120112BR,Coleta Realizada,2026-07-31T00:00:00.000Z,,,,Coleta realizada.
LT77120112BR,Chegada ao SC,2026-08-01T09:00:00.000Z,RS NSR,,,
LT77120112BR,Triagem no SC,2026-08-01T11:00:00.000Z,RS NSR,,,
LT77120112BR,Saida do SC (Transferencia),2026-08-02T05:00:00.000Z,RS NSR,,,
LT77120112BR,Chegada a Base,2026-08-02T17:00:00.000Z,CXJ-RS,,,
LT77120112BR,Triagem na Base,2026-08-02T20:00:00.000Z,CXJ-RS,,,
LT77120112BR,Bipado para Rota,2026-08-02T23:30:00.000Z,CXJ-RS,a0Fg8000006qKosEAE,,
LT77120112BR,Saiu para Entrega,2026-08-03T00:00:00.000Z,,a0Fg8000006qKosEAE,Pelotas,
LT77120112BR,Entregue,2026-08-03T09:00:00.000Z,,a0Fg8000006qKosEAE,Pelotas,Entregue ao destinatario.
LT77120113BR,Etiqueta Gerada,2026-08-31T11:00:00.000Z,,,,Pedido postado pelo embarcador.
LT77120113BR,Coleta Realizada,2026-09-01T04:00:00.000Z,,,,Coleta realizada.
LT77120113BR,Chegada ao SC,2026-09-01T10:00:00.000Z,SC BNU,,,
LT77120113BR,Triagem no SC,2026-09-01T12:00:00.000Z,SC BNU,,,
LT77120113BR,Saida do SC (Transferencia),2026-09-01T15:00:00.000Z,SC BNU,,,
LT77120113BR,Chegada a Base,2026-09-02T02:00:00.000Z,TUB-SC,,,
LT77120113BR,Triagem na Base,2026-09-02T05:00:00.000Z,TUB-SC,,,
LT77120113BR,Bipado para Rota,2026-09-02T04:30:00.000Z,TUB-SC,a0Fg8000006qKp3EAE,,
LT77120113BR,Saiu para Entrega,2026-09-02T05:00:00.000Z,,a0Fg8000006qKp3EAE,Jaragua do Sul,
LT77120113BR,Entregue,2026-09-02T13:00:00.000Z,,a0Fg8000006qKp3EAE,Jaragua do Sul,Entregue ao destinatario.
LT77120114BR,Etiqueta Gerada,2026-08-12T15:00:00.000Z,,,,Pedido postado pelo embarcador.
LT77120114BR,Coleta Realizada,2026-08-13T18:00:00.000Z,,,,Coleta realizada.
LT77120114BR,Chegada ao SC,2026-08-14T06:00:00.000Z,SC BNU,,,
LT77120114BR,Triagem no SC,2026-08-14T08:00:00.000Z,SC BNU,,,
LT77120114BR,Saida do SC (Transferencia),2026-08-14T16:00:00.000Z,SC BNU,,,
LT77120114BR,Chegada a Base,2026-08-15T10:00:00.000Z,TUB-SC,,,
LT77120114BR,Triagem na Base,2026-08-15T13:00:00.000Z,TUB-SC,,,
LT77120114BR,Bipado para Rota,2026-08-15T18:30:00.000Z,TUB-SC,a0Fg8000006qKopEAE,,
LT77120114BR,Saiu para Entrega,2026-08-15T19:00:00.000Z,,a0Fg8000006qKopEAE,Sao Jose,
LT77120114BR,Recusado pelo Destinatario,2026-08-15T20:00:00.000Z,,a0Fg8000006qKopEAE,,
LT77120114BR,Devolucao Iniciada,2026-08-16T20:00:00.000Z,TUB-SC,,,
LT77120115BR,Etiqueta Gerada,2026-07-30T18:00:00.000Z,,,,Pedido postado pelo embarcador.
LT77120115BR,Coleta Realizada,2026-07-30T22:00:00.000Z,,,,Coleta realizada.
LT77120115BR,Chegada ao SC,2026-08-01T01:00:00.000Z,SC BNU,,,
LT77120115BR,Triagem no SC,2026-08-01T03:00:00.000Z,SC BNU,,,
LT77120115BR,Saida do SC (Transferencia),2026-08-01T11:00:00.000Z,SC BNU,,,
LT77120115BR,Chegada a Base,2026-08-02T03:00:00.000Z,TUB-SC,,,
LT77120115BR,Triagem na Base,2026-08-02T06:00:00.000Z,TUB-SC,,,
LT77120115BR,Bipado para Rota,2026-08-02T11:30:00.000Z,TUB-SC,a0Fg8000006qKopEAE,,
LT77120115BR,Saiu para Entrega,2026-08-02T12:00:00.000Z,,a0Fg8000006qKopEAE,Sao Jose,
LT77120115BR,Recusado pelo Destinatario,2026-08-02T13:00:00.000Z,,a0Fg8000006qKopEAE,,
LT77120115BR,Devolucao Iniciada,2026-08-03T13:00:00.000Z,TUB-SC,,,
LT77120116BR,Etiqueta Gerada,2026-08-07T15:00:00.000Z,,,,Pedido postado pelo embarcador.
LT77120116BR,Coleta Realizada,2026-08-07T20:00:00.000Z,,,,Coleta realizada.
LT77120116BR,Chegada ao SC,2026-08-09T00:00:00.000Z,PR SJS,,,
LT77120116BR,Triagem no SC,2026-08-09T02:00:00.000Z,PR SJS,,,
LT77120116BR,Saida do SC (Transferencia),2026-08-09T13:00:00.000Z,PR SJS,,,
LT77120116BR,Chegada a Base,2026-08-10T10:00:00.000Z,ARP-PR,,,
LT77120116BR,Triagem na Base,2026-08-10T13:00:00.000Z,ARP-PR,,,
LT77120116BR,Bipado para Rota,2026-08-10T20:30:00.000Z,ARP-PR,a0Fg8000006qKpJEAU,,
LT77120116BR,Saiu para Entrega,2026-08-10T21:00:00.000Z,,a0Fg8000006qKpJEAU,Paranagua,
LT77120116BR,Entregue,2026-08-11T07:00:00.000Z,,a0Fg8000006qKpJEAU,Paranagua,Entregue ao destinatario.
LT77120117BR,Etiqueta Gerada,2026-08-19T21:00:00.000Z,,,,Pedido postado pelo embarcador.
LT77120117BR,Coleta Realizada,2026-08-21T03:00:00.000Z,,,,Coleta realizada.
LT77120117BR,Chegada ao SC,2026-08-22T15:00:00.000Z,RS NSR,,,
LT77120117BR,Triagem no SC,2026-08-22T17:00:00.000Z,RS NSR,,,
LT77120117BR,Saida do SC (Transferencia),2026-08-23T04:00:00.000Z,RS NSR,,,
LT77120117BR,Chegada a Base,2026-08-23T11:00:00.000Z,POA-RS,,,
LT77120117BR,Triagem na Base,2026-08-23T14:00:00.000Z,POA-RS,,,
LT77120117BR,Retido,2026-08-25T04:00:00.000Z,POA-RS,,,Passou do prazo de entrega sem sucesso.
LT77120118BR,Etiqueta Gerada,2026-08-13T04:00:00.000Z,,,,Pedido postado pelo embarcador.
LT77120118BR,Coleta Realizada,2026-08-14T03:00:00.000Z,,,,Coleta realizada.
LT77120118BR,Chegada ao SC,2026-08-15T01:00:00.000Z,PR SJS,,,
LT77120118BR,Triagem no SC,2026-08-15T03:00:00.000Z,PR SJS,,,
LT77120118BR,Saida do SC (Transferencia),2026-08-15T11:00:00.000Z,PR SJS,,,
LT77120118BR,Chegada a Base,2026-08-16T11:00:00.000Z,CLB-PR,,,
LT77120118BR,Triagem na Base,2026-08-16T14:00:00.000Z,CLB-PR,,,
LT77120118BR,Bipado para Rota,2026-08-16T14:30:00.000Z,CLB-PR,a0Fg8000006qKp1EAE,,
LT77120118BR,Saiu para Entrega,2026-08-16T15:00:00.000Z,,a0Fg8000006qKp1EAE,Curitiba,
LT77120118BR,Entregue,2026-08-16T21:00:00.000Z,,a0Fg8000006qKp1EAE,Curitiba,Entregue ao destinatario.
LT77120119BR,Etiqueta Gerada,2026-08-11T16:00:00.000Z,,,,Pedido postado pelo embarcador.
LT77120119BR,Coleta Realizada,2026-08-12T20:00:00.000Z,,,,Coleta realizada.
LT77120119BR,Chegada ao SC,2026-08-13T10:00:00.000Z,RS NSR,,,
LT77120119BR,Triagem no SC,2026-08-13T12:00:00.000Z,RS NSR,,,
LT77120119BR,Saida do SC (Transferencia),2026-08-13T23:00:00.000Z,RS NSR,,,
LT77120119BR,Chegada a Base,2026-08-14T15:00:00.000Z,POA-RS,,,
LT77120119BR,Triagem na Base,2026-08-14T18:00:00.000Z,POA-RS,,,
LT77120119BR,Bipado para Rota,2026-08-14T18:30:00.000Z,POA-RS,a0Fg8000006qKp7EAE,,
LT77120119BR,Saiu para Entrega,2026-08-14T19:00:00.000Z,,a0Fg8000006qKp7EAE,Sapucaia do Sul,
LT77120119BR,Entregue,2026-08-14T21:00:00.000Z,,a0Fg8000006qKp7EAE,Sapucaia do Sul,Entregue ao destinatario.
LT77120120BR,Etiqueta Gerada,2026-08-22T02:00:00.000Z,,,,Pedido postado pelo embarcador.
LT77120120BR,Coleta Realizada,2026-08-23T02:00:00.000Z,,,,Coleta realizada.
LT77120120BR,Chegada ao SC,2026-08-24T06:00:00.000Z,PR SJS,,,
LT77120120BR,Triagem no SC,2026-08-24T08:00:00.000Z,PR SJS,,,
LT77120120BR,Saida do SC (Transferencia),2026-08-24T19:00:00.000Z,PR SJS,,,
LT77120120BR,Chegada a Base,2026-08-25T17:00:00.000Z,ARP-PR,,,
LT77120120BR,Triagem na Base,2026-08-25T20:00:00.000Z,ARP-PR,,,
LT77120121BR,Etiqueta Gerada,2026-08-21T22:00:00.000Z,,,,Pedido postado pelo embarcador.
LT77120121BR,Coleta Realizada,2026-08-22T17:00:00.000Z,,,,Coleta realizada.
LT77120121BR,Chegada ao SC,2026-08-24T06:00:00.000Z,PR SJS,,,
LT77120121BR,Triagem no SC,2026-08-24T08:00:00.000Z,PR SJS,,,
LT77120121BR,Saida do SC (Transferencia),2026-08-24T20:00:00.000Z,PR SJS,,,
LT77120121BR,Chegada a Base,2026-08-25T07:00:00.000Z,F ARP-PR,,,
LT77120121BR,Triagem na Base,2026-08-25T10:00:00.000Z,F ARP-PR,,,
LT77120121BR,Bipado para Rota,2026-08-25T11:30:00.000Z,F ARP-PR,a0Fg8000006qKpEEAU,,
LT77120121BR,Saiu para Entrega,2026-08-25T12:00:00.000Z,,a0Fg8000006qKpEEAU,Ponta Grossa,
LT77120121BR,Entregue,2026-08-25T20:00:00.000Z,,a0Fg8000006qKpEEAU,Ponta Grossa,Entregue ao destinatario.
LT77120122BR,Etiqueta Gerada,2026-08-16T03:00:00.000Z,,,,Pedido postado pelo embarcador.
LT77120122BR,Coleta Realizada,2026-08-17T04:00:00.000Z,,,,Coleta realizada.
LT77120122BR,Chegada ao SC,2026-08-17T18:00:00.000Z,SC BNU,,,
LT77120122BR,Triagem no SC,2026-08-17T20:00:00.000Z,SC BNU,,,
LT77120122BR,Saida do SC (Transferencia),2026-08-18T04:00:00.000Z,SC BNU,,,
LT77120122BR,Chegada a Base,2026-08-18T22:00:00.000Z,CCM-SC,,,
LT77120122BR,Triagem na Base,2026-08-19T01:00:00.000Z,CCM-SC,,,
LT77120122BR,Bipado para Rota,2026-08-19T05:30:00.000Z,CCM-SC,a0Fg8000006qKpIEAU,,
LT77120122BR,Saiu para Entrega,2026-08-19T06:00:00.000Z,,a0Fg8000006qKpIEAU,Itajai,
LT77120122BR,Entregue,2026-08-19T14:00:00.000Z,,a0Fg8000006qKpIEAU,Itajai,Entregue ao destinatario.
LT77120123BR,Etiqueta Gerada,2026-08-20T01:00:00.000Z,,,,Pedido postado pelo embarcador.
LT77120123BR,Coleta Realizada,2026-08-21T03:00:00.000Z,,,,Coleta realizada.
LT77120123BR,Chegada ao SC,2026-08-21T23:00:00.000Z,RS NSR,,,
LT77120123BR,Triagem no SC,2026-08-22T01:00:00.000Z,RS NSR,,,
LT77120123BR,Saida do SC (Transferencia),2026-08-22T03:00:00.000Z,RS NSR,,,
LT77120123BR,Chegada a Base,2026-08-22T23:00:00.000Z,F PET-RS,,,
LT77120123BR,Triagem na Base,2026-08-23T02:00:00.000Z,F PET-RS,,,
LT77120123BR,Bipado para Rota,2026-08-23T12:30:00.000Z,F PET-RS,a0Fg8000006qKowEAE,,
LT77120123BR,Saiu para Entrega,2026-08-23T13:00:00.000Z,,a0Fg8000006qKowEAE,Passo Fundo,
LT77120123BR,Entregue,2026-08-23T15:00:00.000Z,,a0Fg8000006qKowEAE,Passo Fundo,Entregue ao destinatario.
LT77120124BR,Etiqueta Gerada,2026-08-14T08:00:00.000Z,,,,Pedido postado pelo embarcador.
LT77120124BR,Coleta Realizada,2026-08-15T09:00:00.000Z,,,,Coleta realizada.
LT77120124BR,Chegada ao SC,2026-08-15T20:00:00.000Z,RS NSR,,,
LT77120124BR,Triagem no SC,2026-08-15T22:00:00.000Z,RS NSR,,,
LT77120124BR,Saida do SC (Transferencia),2026-08-16T10:00:00.000Z,RS NSR,,,
LT77120124BR,Chegada a Base,2026-08-17T06:00:00.000Z,F CNS-RS,,,
LT77120124BR,Triagem na Base,2026-08-17T09:00:00.000Z,F CNS-RS,,,
LT77120124BR,Bipado para Rota,2026-08-17T19:30:00.000Z,F CNS-RS,a0Fg8000006qKpKEAU,,
LT77120124BR,Saiu para Entrega,2026-08-17T20:00:00.000Z,,a0Fg8000006qKpKEAU,Passo Fundo,
LT77120124BR,Entregue,2026-08-18T04:00:00.000Z,,a0Fg8000006qKpKEAU,Passo Fundo,Entregue ao destinatario.
LT77120125BR,Etiqueta Gerada,2026-08-03T18:00:00.000Z,,,,Pedido postado pelo embarcador.
LT77120125BR,Coleta Realizada,2026-08-04T02:00:00.000Z,,,,Coleta realizada.
LT77120125BR,Chegada ao SC,2026-08-05T16:00:00.000Z,PR SJS,,,
LT77120125BR,Triagem no SC,2026-08-05T18:00:00.000Z,PR SJS,,,
LT77120126BR,Etiqueta Gerada,2026-08-25T19:00:00.000Z,,,,Pedido postado pelo embarcador.
LT77120126BR,Coleta Realizada,2026-08-26T02:00:00.000Z,,,,Coleta realizada.
LT77120126BR,Chegada ao SC,2026-08-27T01:00:00.000Z,SC BNU,,,
LT77120126BR,Triagem no SC,2026-08-27T03:00:00.000Z,SC BNU,,,
LT77120126BR,Saida do SC (Transferencia),2026-08-27T12:00:00.000Z,SC BNU,,,
LT77120126BR,Chegada a Base,2026-08-27T19:00:00.000Z,TUB-SC,,,
LT77120126BR,Triagem na Base,2026-08-27T22:00:00.000Z,TUB-SC,,,
LT77120126BR,Bipado para Rota,2026-08-28T07:30:00.000Z,TUB-SC,a0Fg8000006qKp3EAE,,
LT77120126BR,Saiu para Entrega,2026-08-28T08:00:00.000Z,,a0Fg8000006qKp3EAE,Blumenau,
LT77120126BR,Entregue,2026-08-28T18:00:00.000Z,,a0Fg8000006qKp3EAE,Blumenau,Entregue ao destinatario.
LT77120127BR,Etiqueta Gerada,2026-08-25T03:00:00.000Z,,,,Pedido postado pelo embarcador.
LT77120127BR,Coleta Realizada,2026-08-25T09:00:00.000Z,,,,Coleta realizada.
LT77120128BR,Etiqueta Gerada,2026-08-13T10:00:00.000Z,,,,Pedido postado pelo embarcador.
LT77120128BR,Coleta Realizada,2026-08-14T11:00:00.000Z,,,,Coleta realizada.
LT77120128BR,Chegada ao SC,2026-08-15T10:00:00.000Z,PR SJS,,,
LT77120128BR,Triagem no SC,2026-08-15T12:00:00.000Z,PR SJS,,,
LT77120128BR,Saida do SC (Transferencia),2026-08-15T13:00:00.000Z,PR SJS,,,
LT77120128BR,Chegada a Base,2026-08-16T04:00:00.000Z,ARP-PR,,,
LT77120128BR,Triagem na Base,2026-08-16T07:00:00.000Z,ARP-PR,,,
LT77120128BR,Bipado para Rota,2026-08-16T10:30:00.000Z,ARP-PR,a0Fg8000006qKonEAE,,
LT77120128BR,Saiu para Entrega,2026-08-16T11:00:00.000Z,,a0Fg8000006qKonEAE,Colombo,
LT77120128BR,Entregue,2026-08-16T12:00:00.000Z,,a0Fg8000006qKonEAE,Colombo,Entregue ao destinatario.
LT77120129BR,Etiqueta Gerada,2026-08-10T01:00:00.000Z,,,,Pedido postado pelo embarcador.
LT77120129BR,Coleta Realizada,2026-08-10T18:00:00.000Z,,,,Coleta realizada.
LT77120130BR,Etiqueta Gerada,2026-08-25T04:00:00.000Z,,,,Pedido postado pelo embarcador.
LT77120130BR,Coleta Realizada,2026-08-25T10:00:00.000Z,,,,Coleta realizada.
LT77120130BR,Chegada ao SC,2026-08-25T19:00:00.000Z,PR SJS,,,
LT77120130BR,Triagem no SC,2026-08-25T21:00:00.000Z,PR SJS,,,
LT77120130BR,Saida do SC (Transferencia),2026-08-26T06:00:00.000Z,PR SJS,,,
LT77120130BR,Chegada a Base,2026-08-26T12:00:00.000Z,F ARP-PR,,,
LT77120130BR,Triagem na Base,2026-08-26T15:00:00.000Z,F ARP-PR,,,
LT77120130BR,Bipado para Rota,2026-08-27T00:30:00.000Z,F ARP-PR,a0Fg8000006qKpEEAU,,
LT77120130BR,Saiu para Entrega,2026-08-27T01:00:00.000Z,,a0Fg8000006qKpEEAU,Londrina,
LT77120130BR,Entregue,2026-08-27T05:00:00.000Z,,a0Fg8000006qKpEEAU,Londrina,Entregue ao destinatario.
LT77120131BR,Etiqueta Gerada,2026-08-24T02:00:00.000Z,,,,Pedido postado pelo embarcador.
LT77120131BR,Coleta Realizada,2026-08-24T09:00:00.000Z,,,,Coleta realizada.
LT77120131BR,Chegada ao SC,2026-08-25T07:00:00.000Z,PR SJS,,,
LT77120131BR,Triagem no SC,2026-08-25T09:00:00.000Z,PR SJS,,,
LT77120131BR,Saida do SC (Transferencia),2026-08-25T11:00:00.000Z,PR SJS,,,
LT77120131BR,Chegada a Base,2026-08-26T11:00:00.000Z,F LOD-PR,,,
LT77120131BR,Triagem na Base,2026-08-26T14:00:00.000Z,F LOD-PR,,,
LT77120131BR,Bipado para Rota,2026-08-26T19:30:00.000Z,F LOD-PR,a0Fg8000006qKotEAE,,
LT77120131BR,Saiu para Entrega,2026-08-26T20:00:00.000Z,,a0Fg8000006qKotEAE,Foz do Iguacu,
LT77120131BR,Extravio Registrado,2026-09-03T22:00:00.000Z,F LOD-PR,,,Remessa nao localizada. Processo de extravio aberto.
LT77120132BR,Etiqueta Gerada,2026-08-23T14:00:00.000Z,,,,Pedido postado pelo embarcador.
LT77120132BR,Coleta Realizada,2026-08-24T17:00:00.000Z,,,,Coleta realizada.
LT77120132BR,Chegada ao SC,2026-08-25T22:00:00.000Z,RS NSR,,,
LT77120132BR,Triagem no SC,2026-08-26T00:00:00.000Z,RS NSR,,,
LT77120132BR,Saida do SC (Transferencia),2026-08-26T15:00:00.000Z,RS NSR,,,
LT77120132BR,Chegada a Base,2026-08-27T09:00:00.000Z,CXJ-RS,,,
LT77120132BR,Triagem na Base,2026-08-27T12:00:00.000Z,CXJ-RS,,,
LT77120132BR,Bipado para Rota,2026-08-27T14:30:00.000Z,CXJ-RS,a0Fg8000006qKosEAE,,
LT77120132BR,Saiu para Entrega,2026-08-27T15:00:00.000Z,,a0Fg8000006qKosEAE,Pelotas,
LT77120132BR,Entregue,2026-08-27T19:00:00.000Z,,a0Fg8000006qKosEAE,Pelotas,Entregue ao destinatario.
LT77120133BR,Etiqueta Gerada,2026-08-17T21:00:00.000Z,,,,Pedido postado pelo embarcador.
LT77120133BR,Coleta Realizada,2026-08-18T15:00:00.000Z,,,,Coleta realizada.
LT77120133BR,Chegada ao SC,2026-08-19T18:00:00.000Z,PR SJS,,,
LT77120133BR,Triagem no SC,2026-08-19T20:00:00.000Z,PR SJS,,,
LT77120133BR,Saida do SC (Transferencia),2026-08-20T07:00:00.000Z,PR SJS,,,
LT77120133BR,Chegada a Base,2026-08-21T03:00:00.000Z,ARP-PR,,,
LT77120133BR,Triagem na Base,2026-08-21T06:00:00.000Z,ARP-PR,,,
LT77120133BR,Bipado para Rota,2026-08-21T09:30:00.000Z,ARP-PR,a0Fg8000006qKooEAE,,
LT77120133BR,Saiu para Entrega,2026-08-21T10:00:00.000Z,,a0Fg8000006qKooEAE,Apucarana,
LT77120133BR,Entregue,2026-08-21T16:00:00.000Z,,a0Fg8000006qKooEAE,Apucarana,Entregue ao destinatario.
LT77120134BR,Etiqueta Gerada,2026-08-25T15:00:00.000Z,,,,Pedido postado pelo embarcador.
LT77120134BR,Coleta Realizada,2026-08-26T16:00:00.000Z,,,,Coleta realizada.
LT77120134BR,Chegada ao SC,2026-08-27T07:00:00.000Z,RS NSR,,,
LT77120134BR,Triagem no SC,2026-08-27T09:00:00.000Z,RS NSR,,,
LT77120134BR,Saida do SC (Transferencia),2026-08-27T10:00:00.000Z,RS NSR,,,
LT77120134BR,Chegada a Base,2026-08-28T03:00:00.000Z,CXJ-RS,,,
LT77120134BR,Triagem na Base,2026-08-28T06:00:00.000Z,CXJ-RS,,,
LT77120134BR,Retido,2026-08-29T13:00:00.000Z,CXJ-RS,,,Passou do prazo de entrega sem sucesso.
LT77120135BR,Etiqueta Gerada,2026-08-05T16:00:00.000Z,,,,Pedido postado pelo embarcador.
LT77120135BR,Coleta Realizada,2026-08-06T17:00:00.000Z,,,,Coleta realizada.
LT77120135BR,Chegada ao SC,2026-08-07T19:00:00.000Z,SC BNU,,,
LT77120135BR,Triagem no SC,2026-08-07T21:00:00.000Z,SC BNU,,,
LT77120135BR,Saida do SC (Transferencia),2026-08-07T22:00:00.000Z,SC BNU,,,
LT77120135BR,Chegada a Base,2026-08-08T20:00:00.000Z,TUB-SC,,,
LT77120135BR,Triagem na Base,2026-08-08T23:00:00.000Z,TUB-SC,,,
LT77120135BR,Bipado para Rota,2026-08-08T22:30:00.000Z,TUB-SC,a0Fg8000006qKp3EAE,,
LT77120135BR,Saiu para Entrega,2026-08-08T23:00:00.000Z,,a0Fg8000006qKp3EAE,Criciuma,
LT77120135BR,Entregue,2026-08-09T01:00:00.000Z,,a0Fg8000006qKp3EAE,Criciuma,Entregue ao destinatario.
LT77120136BR,Etiqueta Gerada,2026-08-25T10:00:00.000Z,,,,Pedido postado pelo embarcador.
LT77120136BR,Coleta Realizada,2026-08-25T21:00:00.000Z,,,,Coleta realizada.
LT77120136BR,Chegada ao SC,2026-08-27T07:00:00.000Z,RS NSR,,,
LT77120136BR,Triagem no SC,2026-08-27T09:00:00.000Z,RS NSR,,,
LT77120136BR,Saida do SC (Transferencia),2026-08-27T22:00:00.000Z,RS NSR,,,
LT77120136BR,Chegada a Base,2026-08-28T12:00:00.000Z,CXJ-RS,,,
LT77120136BR,Triagem na Base,2026-08-28T15:00:00.000Z,CXJ-RS,,,
LT77120136BR,Bipado para Rota,2026-08-28T23:30:00.000Z,CXJ-RS,a0Fg8000006qKosEAE,,
LT77120136BR,Saiu para Entrega,2026-08-29T00:00:00.000Z,,a0Fg8000006qKosEAE,Rio Grande,
LT77120137BR,Etiqueta Gerada,2026-08-05T10:00:00.000Z,,,,Pedido postado pelo embarcador.
LT77120137BR,Coleta Realizada,2026-08-05T20:00:00.000Z,,,,Coleta realizada.
LT77120137BR,Chegada ao SC,2026-08-06T04:00:00.000Z,RS NSR,,,
LT77120137BR,Triagem no SC,2026-08-06T06:00:00.000Z,RS NSR,,,
LT77120137BR,Saida do SC (Transferencia),2026-08-06T20:00:00.000Z,RS NSR,,,
LT77120137BR,Chegada a Base,2026-08-07T02:00:00.000Z,F CNS-RS,,,
LT77120137BR,Triagem na Base,2026-08-07T05:00:00.000Z,F CNS-RS,,,
LT77120137BR,Bipado para Rota,2026-08-07T04:30:00.000Z,F CNS-RS,a0Fg8000006qKpKEAU,,
LT77120137BR,Saiu para Entrega,2026-08-07T05:00:00.000Z,,a0Fg8000006qKpKEAU,Passo Fundo,
LT77120137BR,Entregue,2026-08-07T09:00:00.000Z,,a0Fg8000006qKpKEAU,Passo Fundo,Entregue ao destinatario.
LT77120138BR,Etiqueta Gerada,2026-07-30T05:00:00.000Z,,,,Pedido postado pelo embarcador.
LT77120138BR,Coleta Realizada,2026-07-31T05:00:00.000Z,,,,Coleta realizada.
LT77120138BR,Chegada ao SC,2026-08-01T09:00:00.000Z,SC BNU,,,
LT77120138BR,Triagem no SC,2026-08-01T11:00:00.000Z,SC BNU,,,
LT77120138BR,Saida do SC (Transferencia),2026-08-01T12:00:00.000Z,SC BNU,,,
LT77120138BR,Chegada a Base,2026-08-02T09:00:00.000Z,F JOI-SC,,,
LT77120138BR,Triagem na Base,2026-08-02T12:00:00.000Z,F JOI-SC,,,
LT77120138BR,Bipado para Rota,2026-08-02T22:30:00.000Z,F JOI-SC,a0Fg8000006qKp4EAE,,
LT77120138BR,Saiu para Entrega,2026-08-02T23:00:00.000Z,,a0Fg8000006qKp4EAE,Criciuma,
LT77120138BR,Endereco Nao Localizado,2026-08-03T01:00:00.000Z,,a0Fg8000006qKp4EAE,,Sem sucesso na entrega. Nova tentativa agendada.
LT77120139BR,Etiqueta Gerada,2026-08-08T20:00:00.000Z,,,,Pedido postado pelo embarcador.
LT77120139BR,Coleta Realizada,2026-08-09T04:00:00.000Z,,,,Coleta realizada.
LT77120139BR,Chegada ao SC,2026-08-09T10:00:00.000Z,PR SJS,,,
LT77120139BR,Triagem no SC,2026-08-09T12:00:00.000Z,PR SJS,,,
LT77120139BR,Saida do SC (Transferencia),2026-08-10T05:00:00.000Z,PR SJS,,,
LT77120139BR,Chegada a Base,2026-08-10T22:00:00.000Z,F LOD-PR,,,
LT77120139BR,Triagem na Base,2026-08-11T01:00:00.000Z,F LOD-PR,,,
LT77120139BR,Retido,2026-08-12T11:00:00.000Z,F LOD-PR,,,Passou do prazo de entrega sem sucesso.
LT77120140BR,Etiqueta Gerada,2026-08-03T06:00:00.000Z,,,,Pedido postado pelo embarcador.
LT77120140BR,Coleta Realizada,2026-08-03T20:00:00.000Z,,,,Coleta realizada.
LT77120140BR,Chegada ao SC,2026-08-04T14:00:00.000Z,RS NSR,,,
LT77120140BR,Triagem no SC,2026-08-04T16:00:00.000Z,RS NSR,,,
LT77120141BR,Etiqueta Gerada,2026-09-02T03:00:00.000Z,,,,Pedido postado pelo embarcador.
LT77120141BR,Coleta Realizada,2026-09-02T19:00:00.000Z,,,,Coleta realizada.
LT77120141BR,Chegada ao SC,2026-09-04T01:00:00.000Z,PR SJS,,,
LT77120141BR,Triagem no SC,2026-09-04T03:00:00.000Z,PR SJS,,,
LT77120142BR,Etiqueta Gerada,2026-08-23T19:00:00.000Z,,,,Pedido postado pelo embarcador.
LT77120142BR,Coleta Realizada,2026-08-24T14:00:00.000Z,,,,Coleta realizada.
LT77120142BR,Chegada ao SC,2026-08-25T02:00:00.000Z,PR SJS,,,
LT77120142BR,Triagem no SC,2026-08-25T04:00:00.000Z,PR SJS,,,
LT77120142BR,Saida do SC (Transferencia),2026-08-25T07:00:00.000Z,PR SJS,,,
LT77120142BR,Chegada a Base,2026-08-25T17:00:00.000Z,ALM-PR,,,
LT77120142BR,Triagem na Base,2026-08-25T20:00:00.000Z,ALM-PR,,,
LT77120142BR,Bipado para Rota,2026-08-26T00:30:00.000Z,ALM-PR,a0Fg8000006qKp5EAE,,
LT77120142BR,Saiu para Entrega,2026-08-26T01:00:00.000Z,,a0Fg8000006qKp5EAE,Apucarana,
LT77120142BR,Entregue,2026-08-26T02:00:00.000Z,,a0Fg8000006qKp5EAE,Apucarana,Entregue ao destinatario.
LT77120143BR,Etiqueta Gerada,2026-08-14T17:00:00.000Z,,,,Pedido postado pelo embarcador.
LT77120143BR,Coleta Realizada,2026-08-15T07:00:00.000Z,,,,Coleta realizada.
LT77120143BR,Chegada ao SC,2026-08-15T19:00:00.000Z,SC BNU,,,
LT77120143BR,Triagem no SC,2026-08-15T21:00:00.000Z,SC BNU,,,
LT77120143BR,Saida do SC (Transferencia),2026-08-16T10:00:00.000Z,SC BNU,,,
LT77120143BR,Chegada a Base,2026-08-16T19:00:00.000Z,CCM-SC,,,
LT77120143BR,Triagem na Base,2026-08-16T22:00:00.000Z,CCM-SC,,,
LT77120143BR,Bipado para Rota,2026-08-17T05:30:00.000Z,CCM-SC,a0Fg8000006qKpIEAU,,
LT77120143BR,Saiu para Entrega,2026-08-17T06:00:00.000Z,,a0Fg8000006qKpIEAU,Lages,
LT77120143BR,Tentativa de Entrega,2026-08-17T13:00:00.000Z,,a0Fg8000006qKpIEAU,Lages,Sem sucesso na entrega. Nova tentativa agendada.
LT77120144BR,Etiqueta Gerada,2026-08-12T21:00:00.000Z,,,,Pedido postado pelo embarcador.
LT77120144BR,Coleta Realizada,2026-08-13T02:00:00.000Z,,,,Coleta realizada.
LT77120144BR,Chegada ao SC,2026-08-14T15:00:00.000Z,SC BNU,,,
LT77120144BR,Triagem no SC,2026-08-14T17:00:00.000Z,SC BNU,,,
LT77120144BR,Saida do SC (Transferencia),2026-08-15T07:00:00.000Z,SC BNU,,,
LT77120144BR,Chegada a Base,2026-08-16T05:00:00.000Z,CCM-SC,,,
LT77120144BR,Triagem na Base,2026-08-16T08:00:00.000Z,CCM-SC,,,
LT77120144BR,Bipado para Rota,2026-08-16T08:30:00.000Z,CCM-SC,a0Fg8000006qKorEAE,,
LT77120144BR,Saiu para Entrega,2026-08-16T09:00:00.000Z,,a0Fg8000006qKorEAE,Jaragua do Sul,
LT77120144BR,Entregue,2026-08-16T15:00:00.000Z,,a0Fg8000006qKorEAE,Jaragua do Sul,Entregue ao destinatario.
LT77120145BR,Etiqueta Gerada,2026-08-05T12:00:00.000Z,,,,Pedido postado pelo embarcador.
LT77120145BR,Coleta Realizada,2026-08-05T23:00:00.000Z,,,,Coleta realizada.
LT77120145BR,Chegada ao SC,2026-08-07T15:00:00.000Z,RS NSR,,,
LT77120145BR,Triagem no SC,2026-08-07T17:00:00.000Z,RS NSR,,,
LT77120145BR,Saida do SC (Transferencia),2026-08-07T18:00:00.000Z,RS NSR,,,
LT77120145BR,Chegada a Base,2026-08-08T12:00:00.000Z,POA-RS,,,
LT77120145BR,Triagem na Base,2026-08-08T15:00:00.000Z,POA-RS,,,
LT77120146BR,Etiqueta Gerada,2026-07-30T13:00:00.000Z,,,,Pedido postado pelo embarcador.
LT77120146BR,Coleta Realizada,2026-07-30T21:00:00.000Z,,,,Coleta realizada.
LT77120146BR,Chegada ao SC,2026-08-01T00:00:00.000Z,SC BNU,,,
LT77120146BR,Triagem no SC,2026-08-01T02:00:00.000Z,SC BNU,,,
LT77120146BR,Saida do SC (Transferencia),2026-08-01T04:00:00.000Z,SC BNU,,,
LT77120146BR,Chegada a Base,2026-08-01T20:00:00.000Z,TUB-SC,,,
LT77120146BR,Triagem na Base,2026-08-01T23:00:00.000Z,TUB-SC,,,
LT77120147BR,Etiqueta Gerada,2026-08-02T19:00:00.000Z,,,,Pedido postado pelo embarcador.
LT77120147BR,Coleta Realizada,2026-08-03T00:00:00.000Z,,,,Coleta realizada.
LT77120147BR,Chegada ao SC,2026-08-04T06:00:00.000Z,PR SJS,,,
LT77120147BR,Triagem no SC,2026-08-04T08:00:00.000Z,PR SJS,,,
LT77120147BR,Saida do SC (Transferencia),2026-08-04T23:00:00.000Z,PR SJS,,,
LT77120147BR,Chegada a Base,2026-08-05T21:00:00.000Z,ARP-PR,,,
LT77120147BR,Triagem na Base,2026-08-06T00:00:00.000Z,ARP-PR,,,
LT77120147BR,Bipado para Rota,2026-08-06T10:30:00.000Z,ARP-PR,a0Fg8000006qKpJEAU,,
LT77120147BR,Saiu para Entrega,2026-08-06T11:00:00.000Z,,a0Fg8000006qKpJEAU,Toledo,
LT77120148BR,Etiqueta Gerada,2026-08-26T23:00:00.000Z,,,,Pedido postado pelo embarcador.
LT77120148BR,Coleta Realizada,2026-08-27T11:00:00.000Z,,,,Coleta realizada.
LT77120148BR,Chegada ao SC,2026-08-29T02:00:00.000Z,PR SJS,,,
LT77120148BR,Triagem no SC,2026-08-29T04:00:00.000Z,PR SJS,,,
LT77120148BR,Saida do SC (Transferencia),2026-08-29T22:00:00.000Z,PR SJS,,,
LT77120148BR,Chegada a Base,2026-08-30T14:00:00.000Z,CLB-PR,,,
LT77120148BR,Triagem na Base,2026-08-30T17:00:00.000Z,CLB-PR,,,
LT77120148BR,Retido,2026-09-01T09:00:00.000Z,CLB-PR,,,Passou do prazo de entrega sem sucesso.
LT77120149BR,Etiqueta Gerada,2026-08-06T23:00:00.000Z,,,,Pedido postado pelo embarcador.
LT77120149BR,Coleta Realizada,2026-08-07T07:00:00.000Z,,,,Coleta realizada.
LT77120149BR,Chegada ao SC,2026-08-07T14:00:00.000Z,PR SJS,,,
LT77120149BR,Triagem no SC,2026-08-07T16:00:00.000Z,PR SJS,,,
LT77120149BR,Saida do SC (Transferencia),2026-08-07T19:00:00.000Z,PR SJS,,,
LT77120149BR,Chegada a Base,2026-08-07T23:00:00.000Z,ARP-PR,,,
LT77120149BR,Triagem na Base,2026-08-08T02:00:00.000Z,ARP-PR,,,
LT77120149BR,Bipado para Rota,2026-08-08T12:30:00.000Z,ARP-PR,a0Fg8000006qKooEAE,,
LT77120149BR,Saiu para Entrega,2026-08-08T13:00:00.000Z,,a0Fg8000006qKooEAE,Ponta Grossa,
LT77120149BR,Entregue,2026-08-08T16:00:00.000Z,,a0Fg8000006qKooEAE,Ponta Grossa,Entregue ao destinatario.
LT77120150BR,Etiqueta Gerada,2026-08-31T20:00:00.000Z,,,,Pedido postado pelo embarcador.
LT77120150BR,Coleta Realizada,2026-09-01T02:00:00.000Z,,,,Coleta realizada.
LT77120150BR,Chegada ao SC,2026-09-02T18:00:00.000Z,SC BNU,,,
LT77120150BR,Triagem no SC,2026-09-02T20:00:00.000Z,SC BNU,,,
LT77120150BR,Saida do SC (Transferencia),2026-09-02T23:00:00.000Z,SC BNU,,,
LT77120150BR,Chegada a Base,2026-09-03T13:00:00.000Z,F BLU-SC,,,
LT77120150BR,Triagem na Base,2026-09-03T16:00:00.000Z,F BLU-SC,,,
LT77120150BR,Bipado para Rota,2026-09-03T22:30:00.000Z,F BLU-SC,a0Fg8000006qKp6EAE,,
LT77120150BR,Saiu para Entrega,2026-09-03T23:00:00.000Z,,a0Fg8000006qKp6EAE,Jaragua do Sul,
LT77120150BR,Entregue,2026-09-04T07:00:00.000Z,,a0Fg8000006qKp6EAE,Jaragua do Sul,Entregue ao destinatario.
LT77120151BR,Etiqueta Gerada,2026-08-02T04:00:00.000Z,,,,Pedido postado pelo embarcador.
LT77120151BR,Coleta Realizada,2026-08-03T03:00:00.000Z,,,,Coleta realizada.
LT77120151BR,Chegada ao SC,2026-08-04T10:00:00.000Z,SC BNU,,,
LT77120151BR,Triagem no SC,2026-08-04T12:00:00.000Z,SC BNU,,,
LT77120151BR,Saida do SC (Transferencia),2026-08-05T04:00:00.000Z,SC BNU,,,
LT77120151BR,Chegada a Base,2026-08-05T14:00:00.000Z,CCM-SC,,,
LT77120151BR,Triagem na Base,2026-08-05T17:00:00.000Z,CCM-SC,,,
LT77120151BR,Bipado para Rota,2026-08-05T16:30:00.000Z,CCM-SC,a0Fg8000006qKorEAE,,
LT77120151BR,Saiu para Entrega,2026-08-05T17:00:00.000Z,,a0Fg8000006qKorEAE,Blumenau,
LT77120152BR,Etiqueta Gerada,2026-08-24T21:00:00.000Z,,,,Pedido postado pelo embarcador.
LT77120152BR,Coleta Realizada,2026-08-25T07:00:00.000Z,,,,Coleta realizada.
LT77120152BR,Chegada ao SC,2026-08-26T04:00:00.000Z,SC BNU,,,
LT77120152BR,Triagem no SC,2026-08-26T06:00:00.000Z,SC BNU,,,
LT77120152BR,Saida do SC (Transferencia),2026-08-26T12:00:00.000Z,SC BNU,,,
LT77120152BR,Chegada a Base,2026-08-27T10:00:00.000Z,SJE-SC,,,
LT77120152BR,Triagem na Base,2026-08-27T13:00:00.000Z,SJE-SC,,,
LT77120152BR,Bipado para Rota,2026-08-27T13:30:00.000Z,SJE-SC,a0Fg8000006qKpHEAU,,
LT77120152BR,Saiu para Entrega,2026-08-27T14:00:00.000Z,,a0Fg8000006qKpHEAU,Tubarao,
LT77120152BR,Entregue,2026-08-27T18:00:00.000Z,,a0Fg8000006qKpHEAU,Tubarao,Entregue ao destinatario.
LT77120153BR,Etiqueta Gerada,2026-08-19T04:00:00.000Z,,,,Pedido postado pelo embarcador.
LT77120153BR,Coleta Realizada,2026-08-19T12:00:00.000Z,,,,Coleta realizada.
LT77120153BR,Chegada ao SC,2026-08-20T22:00:00.000Z,PR SJS,,,
LT77120153BR,Triagem no SC,2026-08-21T00:00:00.000Z,PR SJS,,,
LT77120153BR,Saida do SC (Transferencia),2026-08-21T10:00:00.000Z,PR SJS,,,
LT77120153BR,Chegada a Base,2026-08-21T22:00:00.000Z,ARP-PR,,,
LT77120153BR,Triagem na Base,2026-08-22T01:00:00.000Z,ARP-PR,,,
LT77120153BR,Bipado para Rota,2026-08-22T04:30:00.000Z,ARP-PR,a0Fg8000006qKooEAE,,
LT77120153BR,Saiu para Entrega,2026-08-22T05:00:00.000Z,,a0Fg8000006qKooEAE,Cascavel,
LT77120153BR,Entregue,2026-08-22T12:00:00.000Z,,a0Fg8000006qKooEAE,Cascavel,Entregue ao destinatario.
LT77120154BR,Etiqueta Gerada,2026-08-26T19:00:00.000Z,,,,Pedido postado pelo embarcador.
LT77120154BR,Coleta Realizada,2026-08-27T00:00:00.000Z,,,,Coleta realizada.
LT77120154BR,Chegada ao SC,2026-08-28T07:00:00.000Z,PR SJS,,,
LT77120154BR,Triagem no SC,2026-08-28T09:00:00.000Z,PR SJS,,,
LT77120154BR,Saida do SC (Transferencia),2026-08-28T13:00:00.000Z,PR SJS,,,
LT77120154BR,Chegada a Base,2026-08-29T09:00:00.000Z,ARP-PR,,,
LT77120154BR,Triagem na Base,2026-08-29T12:00:00.000Z,ARP-PR,,,
LT77120154BR,Bipado para Rota,2026-08-29T11:30:00.000Z,ARP-PR,a0Fg8000006qKooEAE,,
LT77120154BR,Saiu para Entrega,2026-08-29T12:00:00.000Z,,a0Fg8000006qKooEAE,Ponta Grossa,
LT77120154BR,Tentativa de Entrega,2026-08-29T15:00:00.000Z,,a0Fg8000006qKooEAE,Ponta Grossa,Sem sucesso na entrega. Nova tentativa agendada.
LT77120155BR,Etiqueta Gerada,2026-08-06T19:00:00.000Z,,,,Pedido postado pelo embarcador.
LT77120155BR,Coleta Realizada,2026-08-08T01:00:00.000Z,,,,Coleta realizada.
LT77120155BR,Chegada ao SC,2026-08-09T13:00:00.000Z,PR SJS,,,
LT77120155BR,Triagem no SC,2026-08-09T15:00:00.000Z,PR SJS,,,
LT77120155BR,Saida do SC (Transferencia),2026-08-09T18:00:00.000Z,PR SJS,,,
LT77120155BR,Chegada a Base,2026-08-10T12:00:00.000Z,ALM-PR,,,
LT77120155BR,Triagem na Base,2026-08-10T15:00:00.000Z,ALM-PR,,,
LT77120155BR,Bipado para Rota,2026-08-10T18:30:00.000Z,ALM-PR,a0Fg8000006qKp5EAE,,
LT77120155BR,Saiu para Entrega,2026-08-10T19:00:00.000Z,,a0Fg8000006qKp5EAE,Apucarana,
LT77120155BR,Entregue,2026-08-11T01:00:00.000Z,,a0Fg8000006qKp5EAE,Apucarana,Entregue ao destinatario.
LT77120156BR,Etiqueta Gerada,2026-08-04T23:00:00.000Z,,,,Pedido postado pelo embarcador.
LT77120156BR,Coleta Realizada,2026-08-05T09:00:00.000Z,,,,Coleta realizada.
LT77120156BR,Chegada ao SC,2026-08-06T00:00:00.000Z,RS NSR,,,
LT77120156BR,Triagem no SC,2026-08-06T02:00:00.000Z,RS NSR,,,
LT77120156BR,Saida do SC (Transferencia),2026-08-06T07:00:00.000Z,RS NSR,,,
LT77120156BR,Chegada a Base,2026-08-07T02:00:00.000Z,F PET-RS,,,
LT77120156BR,Triagem na Base,2026-08-07T05:00:00.000Z,F PET-RS,,,
LT77120156BR,Bipado para Rota,2026-08-07T07:30:00.000Z,F PET-RS,a0Fg8000006qKowEAE,,
LT77120156BR,Saiu para Entrega,2026-08-07T08:00:00.000Z,,a0Fg8000006qKowEAE,Passo Fundo,
LT77120156BR,Entregue,2026-08-07T13:00:00.000Z,,a0Fg8000006qKowEAE,Passo Fundo,Entregue ao destinatario.
LT77120157BR,Etiqueta Gerada,2026-08-13T10:00:00.000Z,,,,Pedido postado pelo embarcador.
LT77120157BR,Coleta Realizada,2026-08-14T05:00:00.000Z,,,,Coleta realizada.
LT77120157BR,Chegada ao SC,2026-08-14T19:00:00.000Z,RS NSR,,,
LT77120157BR,Triagem no SC,2026-08-14T21:00:00.000Z,RS NSR,,,
LT77120157BR,Saida do SC (Transferencia),2026-08-15T02:00:00.000Z,RS NSR,,,
LT77120157BR,Chegada a Base,2026-08-16T01:00:00.000Z,F PET-RS,,,
LT77120157BR,Triagem na Base,2026-08-16T04:00:00.000Z,F PET-RS,,,
LT77120158BR,Etiqueta Gerada,2026-08-26T20:00:00.000Z,,,,Pedido postado pelo embarcador.
LT77120158BR,Coleta Realizada,2026-08-27T11:00:00.000Z,,,,Coleta realizada.
LT77120158BR,Chegada ao SC,2026-08-27T23:00:00.000Z,RS NSR,,,
LT77120158BR,Triagem no SC,2026-08-28T01:00:00.000Z,RS NSR,,,
LT77120158BR,Saida do SC (Transferencia),2026-08-28T12:00:00.000Z,RS NSR,,,
LT77120158BR,Chegada a Base,2026-08-28T22:00:00.000Z,CXJ-RS,,,
LT77120159BR,Etiqueta Gerada,2026-08-31T19:00:00.000Z,,,,Pedido postado pelo embarcador.
LT77120159BR,Coleta Realizada,2026-09-01T16:00:00.000Z,,,,Coleta realizada.
LT77120160BR,Etiqueta Gerada,2026-08-07T05:00:00.000Z,,,,Pedido postado pelo embarcador.
LT77120160BR,Coleta Realizada,2026-08-07T13:00:00.000Z,,,,Coleta realizada.
LT77120160BR,Chegada ao SC,2026-08-09T01:00:00.000Z,RS NSR,,,
LT77120160BR,Triagem no SC,2026-08-09T03:00:00.000Z,RS NSR,,,
LT77120160BR,Saida do SC (Transferencia),2026-08-09T18:00:00.000Z,RS NSR,,,
LT77120160BR,Chegada a Base,2026-08-10T17:00:00.000Z,F CNS-RS,,,
LT77120161BR,Etiqueta Gerada,2026-08-29T09:00:00.000Z,,,,Pedido postado pelo embarcador.
LT77120161BR,Coleta Realizada,2026-08-30T00:00:00.000Z,,,,Coleta realizada.
LT77120161BR,Chegada ao SC,2026-08-31T11:00:00.000Z,RS NSR,,,
LT77120161BR,Triagem no SC,2026-08-31T13:00:00.000Z,RS NSR,,,
LT77120161BR,Saida do SC (Transferencia),2026-08-31T17:00:00.000Z,RS NSR,,,
LT77120161BR,Chegada a Base,2026-09-01T12:00:00.000Z,F CNS-RS,,,
LT77120161BR,Triagem na Base,2026-09-01T15:00:00.000Z,F CNS-RS,,,
LT77120161BR,Bipado para Rota,2026-09-01T21:30:00.000Z,F CNS-RS,a0Fg8000006qKpKEAU,,
LT77120161BR,Saiu para Entrega,2026-09-01T22:00:00.000Z,,a0Fg8000006qKpKEAU,Novo Hamburgo,
LT77120161BR,Entregue,2026-09-02T06:00:00.000Z,,a0Fg8000006qKpKEAU,Novo Hamburgo,Entregue ao destinatario.
LT77120162BR,Etiqueta Gerada,2026-08-06T12:00:00.000Z,,,,Pedido postado pelo embarcador.
LT77120162BR,Coleta Realizada,2026-08-06T23:00:00.000Z,,,,Coleta realizada.
LT77120162BR,Chegada ao SC,2026-08-07T18:00:00.000Z,RS NSR,,,
LT77120162BR,Triagem no SC,2026-08-07T20:00:00.000Z,RS NSR,,,
LT77120162BR,Saida do SC (Transferencia),2026-08-08T13:00:00.000Z,RS NSR,,,
LT77120162BR,Chegada a Base,2026-08-09T06:00:00.000Z,F PET-RS,,,
LT77120162BR,Triagem na Base,2026-08-09T09:00:00.000Z,F PET-RS,,,
LT77120162BR,Bipado para Rota,2026-08-09T16:30:00.000Z,F PET-RS,a0Fg8000006qKowEAE,,
LT77120162BR,Saiu para Entrega,2026-08-09T17:00:00.000Z,,a0Fg8000006qKowEAE,Canoas,
LT77120163BR,Etiqueta Gerada,2026-08-10T05:00:00.000Z,,,,Pedido postado pelo embarcador.
LT77120163BR,Coleta Realizada,2026-08-11T02:00:00.000Z,,,,Coleta realizada.
LT77120163BR,Chegada ao SC,2026-08-11T15:00:00.000Z,RS NSR,,,
LT77120163BR,Triagem no SC,2026-08-11T17:00:00.000Z,RS NSR,,,
LT77120163BR,Saida do SC (Transferencia),2026-08-12T11:00:00.000Z,RS NSR,,,
LT77120163BR,Chegada a Base,2026-08-12T19:00:00.000Z,F CNS-RS,,,
LT77120163BR,Triagem na Base,2026-08-12T22:00:00.000Z,F CNS-RS,,,
LT77120163BR,Bipado para Rota,2026-08-13T07:30:00.000Z,F CNS-RS,a0Fg8000006qKpKEAU,,
LT77120163BR,Saiu para Entrega,2026-08-13T08:00:00.000Z,,a0Fg8000006qKpKEAU,Rio Grande,
LT77120163BR,Entregue,2026-08-13T13:00:00.000Z,,a0Fg8000006qKpKEAU,Rio Grande,Entregue ao destinatario.
LT77120164BR,Etiqueta Gerada,2026-08-07T05:00:00.000Z,,,,Pedido postado pelo embarcador.
LT77120164BR,Coleta Realizada,2026-08-07T23:00:00.000Z,,,,Coleta realizada.
LT77120164BR,Chegada ao SC,2026-08-09T00:00:00.000Z,PR SJS,,,
LT77120164BR,Triagem no SC,2026-08-09T02:00:00.000Z,PR SJS,,,
LT77120164BR,Saida do SC (Transferencia),2026-08-09T07:00:00.000Z,PR SJS,,,
LT77120164BR,Chegada a Base,2026-08-09T21:00:00.000Z,ALM-PR,,,
LT77120165BR,Etiqueta Gerada,2026-08-13T09:00:00.000Z,,,,Pedido postado pelo embarcador.
LT77120165BR,Coleta Realizada,2026-08-14T08:00:00.000Z,,,,Coleta realizada.
LT77120165BR,Chegada ao SC,2026-08-15T20:00:00.000Z,PR SJS,,,
LT77120165BR,Triagem no SC,2026-08-15T22:00:00.000Z,PR SJS,,,
LT77120165BR,Saida do SC (Transferencia),2026-08-16T08:00:00.000Z,PR SJS,,,
LT77120165BR,Chegada a Base,2026-08-16T15:00:00.000Z,ALM-PR,,,
LT77120165BR,Triagem na Base,2026-08-16T18:00:00.000Z,ALM-PR,,,
LT77120165BR,Sem Movimentacao Detectada,2026-09-05T08:00:00.000Z,ALM-PR,,,Sem atualizacao ha mais de 6 horas.
LT77120166BR,Etiqueta Gerada,2026-08-04T18:00:00.000Z,,,,Pedido postado pelo embarcador.
LT77120166BR,Coleta Realizada,2026-08-05T18:00:00.000Z,,,,Coleta realizada.
LT77120166BR,Chegada ao SC,2026-08-06T13:00:00.000Z,PR SJS,,,
LT77120166BR,Triagem no SC,2026-08-06T15:00:00.000Z,PR SJS,,,
LT77120166BR,Saida do SC (Transferencia),2026-08-07T09:00:00.000Z,PR SJS,,,
LT77120166BR,Chegada a Base,2026-08-08T07:00:00.000Z,ARP-PR,,,
LT77120166BR,Triagem na Base,2026-08-08T10:00:00.000Z,ARP-PR,,,
LT77120166BR,Bipado para Rota,2026-08-08T13:30:00.000Z,ARP-PR,a0Fg8000006qKonEAE,,
LT77120166BR,Saiu para Entrega,2026-08-08T14:00:00.000Z,,a0Fg8000006qKonEAE,Guarapuava,
LT77120166BR,Entregue,2026-08-08T19:00:00.000Z,,a0Fg8000006qKonEAE,Guarapuava,Entregue ao destinatario.
LT77120167BR,Etiqueta Gerada,2026-08-02T10:00:00.000Z,,,,Pedido postado pelo embarcador.
LT77120167BR,Coleta Realizada,2026-08-03T07:00:00.000Z,,,,Coleta realizada.
LT77120167BR,Chegada ao SC,2026-08-04T17:00:00.000Z,SC BNU,,,
LT77120167BR,Triagem no SC,2026-08-04T19:00:00.000Z,SC BNU,,,
LT77120167BR,Saida do SC (Transferencia),2026-08-05T05:00:00.000Z,SC BNU,,,
LT77120167BR,Chegada a Base,2026-08-06T00:00:00.000Z,TUB-SC,,,
LT77120167BR,Triagem na Base,2026-08-06T03:00:00.000Z,TUB-SC,,,
LT77120167BR,Bipado para Rota,2026-08-06T08:30:00.000Z,TUB-SC,a0Fg8000006qKp3EAE,,
LT77120167BR,Saiu para Entrega,2026-08-06T09:00:00.000Z,,a0Fg8000006qKp3EAE,Sao Jose,
LT77120167BR,Entregue,2026-08-06T13:00:00.000Z,,a0Fg8000006qKp3EAE,Sao Jose,Entregue ao destinatario.
LT77120168BR,Etiqueta Gerada,2026-09-05T00:00:00.000Z,,,,Pedido postado pelo embarcador.
LT77120168BR,Coleta Realizada,2026-09-05T12:00:00.000Z,,,,Coleta realizada.
LT77120168BR,Chegada ao SC,2026-09-06T17:00:00.000Z,SC BNU,,,
LT77120168BR,Triagem no SC,2026-09-06T19:00:00.000Z,SC BNU,,,
LT77120168BR,Saida do SC (Transferencia),2026-09-07T08:00:00.000Z,SC BNU,,,
LT77120168BR,Chegada a Base,2026-09-07T16:00:00.000Z,TUB-SC,,,
LT77120168BR,Triagem na Base,2026-09-07T19:00:00.000Z,TUB-SC,,,
LT77120168BR,Bipado para Rota,2026-09-07T18:30:00.000Z,TUB-SC,a0Fg8000006qKopEAE,,
LT77120168BR,Saiu para Entrega,2026-09-07T19:00:00.000Z,,a0Fg8000006qKopEAE,Joinville,
LT77120168BR,Entregue,2026-09-07T22:00:00.000Z,,a0Fg8000006qKopEAE,Joinville,Entregue ao destinatario.
LT77120169BR,Etiqueta Gerada,2026-08-29T22:00:00.000Z,,,,Pedido postado pelo embarcador.
LT77120169BR,Coleta Realizada,2026-08-30T23:00:00.000Z,,,,Coleta realizada.
LT77120169BR,Chegada ao SC,2026-08-31T19:00:00.000Z,RS NSR,,,
LT77120169BR,Triagem no SC,2026-08-31T21:00:00.000Z,RS NSR,,,
LT77120169BR,Saida do SC (Transferencia),2026-09-01T08:00:00.000Z,RS NSR,,,
LT77120169BR,Chegada a Base,2026-09-02T01:00:00.000Z,F CNS-RS,,,
LT77120169BR,Triagem na Base,2026-09-02T04:00:00.000Z,F CNS-RS,,,
LT77120169BR,Sem Movimentacao Detectada,2026-09-06T03:00:00.000Z,F CNS-RS,,,Sem atualizacao ha mais de 6 horas.
LT77120170BR,Etiqueta Gerada,2026-07-27T17:00:00.000Z,,,,Pedido postado pelo embarcador.
LT77120170BR,Coleta Realizada,2026-07-27T22:00:00.000Z,,,,Coleta realizada.
LT77120170BR,Chegada ao SC,2026-07-29T08:00:00.000Z,SC BNU,,,
LT77120170BR,Triagem no SC,2026-07-29T10:00:00.000Z,SC BNU,,,
LT77120170BR,Saida do SC (Transferencia),2026-07-29T12:00:00.000Z,SC BNU,,,
LT77120170BR,Chegada a Base,2026-07-30T04:00:00.000Z,CCM-SC,,,
LT77120170BR,Triagem na Base,2026-07-30T07:00:00.000Z,CCM-SC,,,
LT77120170BR,Bipado para Rota,2026-07-30T10:30:00.000Z,CCM-SC,a0Fg8000006qKorEAE,,
LT77120170BR,Saiu para Entrega,2026-07-30T11:00:00.000Z,,a0Fg8000006qKorEAE,Sao Jose,
LT77120170BR,Endereco Nao Localizado,2026-07-30T18:00:00.000Z,,a0Fg8000006qKorEAE,,Sem sucesso na entrega. Nova tentativa agendada.
LT77120171BR,Etiqueta Gerada,2026-08-02T15:00:00.000Z,,,,Pedido postado pelo embarcador.
LT77120171BR,Coleta Realizada,2026-08-03T07:00:00.000Z,,,,Coleta realizada.
LT77120171BR,Chegada ao SC,2026-08-04T18:00:00.000Z,SC BNU,,,
LT77120171BR,Triagem no SC,2026-08-04T20:00:00.000Z,SC BNU,,,
LT77120171BR,Saida do SC (Transferencia),2026-08-05T13:00:00.000Z,SC BNU,,,
LT77120171BR,Chegada a Base,2026-08-06T00:00:00.000Z,TUB-SC,,,
LT77120171BR,Triagem na Base,2026-08-06T03:00:00.000Z,TUB-SC,,,
LT77120171BR,Bipado para Rota,2026-08-06T09:30:00.000Z,TUB-SC,a0Fg8000006qKopEAE,,
LT77120171BR,Saiu para Entrega,2026-08-06T10:00:00.000Z,,a0Fg8000006qKopEAE,Tubarao,
LT77120171BR,Entregue,2026-08-06T11:00:00.000Z,,a0Fg8000006qKopEAE,Tubarao,Entregue ao destinatario.
LT77120172BR,Etiqueta Gerada,2026-08-24T10:00:00.000Z,,,,Pedido postado pelo embarcador.
LT77120172BR,Coleta Realizada,2026-08-25T06:00:00.000Z,,,,Coleta realizada.
LT77120172BR,Chegada ao SC,2026-08-26T20:00:00.000Z,SC BNU,,,
LT77120172BR,Triagem no SC,2026-08-26T22:00:00.000Z,SC BNU,,,
LT77120172BR,Saida do SC (Transferencia),2026-08-27T13:00:00.000Z,SC BNU,,,
LT77120172BR,Chegada a Base,2026-08-28T10:00:00.000Z,TUB-SC,,,
LT77120172BR,Triagem na Base,2026-08-28T13:00:00.000Z,TUB-SC,,,
LT77120172BR,Bipado para Rota,2026-08-28T22:30:00.000Z,TUB-SC,a0Fg8000006qKopEAE,,
LT77120172BR,Saiu para Entrega,2026-08-28T23:00:00.000Z,,a0Fg8000006qKopEAE,Jaragua do Sul,
LT77120172BR,Entregue,2026-08-29T01:00:00.000Z,,a0Fg8000006qKopEAE,Jaragua do Sul,Entregue ao destinatario.
LT77120173BR,Etiqueta Gerada,2026-08-07T20:00:00.000Z,,,,Pedido postado pelo embarcador.
LT77120173BR,Coleta Realizada,2026-08-08T01:00:00.000Z,,,,Coleta realizada.
LT77120173BR,Chegada ao SC,2026-08-09T12:00:00.000Z,PR SJS,,,
LT77120173BR,Triagem no SC,2026-08-09T14:00:00.000Z,PR SJS,,,
LT77120173BR,Saida do SC (Transferencia),2026-08-10T02:00:00.000Z,PR SJS,,,
LT77120173BR,Chegada a Base,2026-08-10T21:00:00.000Z,ARP-PR,,,
LT77120174BR,Etiqueta Gerada,2026-09-02T06:00:00.000Z,,,,Pedido postado pelo embarcador.
LT77120174BR,Coleta Realizada,2026-09-03T01:00:00.000Z,,,,Coleta realizada.
LT77120174BR,Chegada ao SC,2026-09-04T02:00:00.000Z,PR SJS,,,
LT77120174BR,Triagem no SC,2026-09-04T04:00:00.000Z,PR SJS,,,
LT77120174BR,Saida do SC (Transferencia),2026-09-04T18:00:00.000Z,PR SJS,,,
LT77120174BR,Chegada a Base,2026-09-05T17:00:00.000Z,CLB-PR,,,
LT77120174BR,Triagem na Base,2026-09-05T20:00:00.000Z,CLB-PR,,,
LT77120174BR,Retido,2026-09-07T07:00:00.000Z,CLB-PR,,,Passou do prazo de entrega sem sucesso.
LT77120175BR,Etiqueta Gerada,2026-08-28T18:00:00.000Z,,,,Pedido postado pelo embarcador.
LT77120175BR,Coleta Realizada,2026-08-28T22:00:00.000Z,,,,Coleta realizada.
LT77120175BR,Chegada ao SC,2026-08-29T16:00:00.000Z,RS NSR,,,
LT77120175BR,Triagem no SC,2026-08-29T18:00:00.000Z,RS NSR,,,
LT77120175BR,Saida do SC (Transferencia),2026-08-29T20:00:00.000Z,RS NSR,,,
LT77120175BR,Chegada a Base,2026-08-30T06:00:00.000Z,F CNS-RS,,,
LT77120176BR,Etiqueta Gerada,2026-09-04T20:00:00.000Z,,,,Pedido postado pelo embarcador.
LT77120176BR,Coleta Realizada,2026-09-05T04:00:00.000Z,,,,Coleta realizada.
LT77120176BR,Chegada ao SC,2026-09-06T05:00:00.000Z,SC BNU,,,
LT77120176BR,Triagem no SC,2026-09-06T07:00:00.000Z,SC BNU,,,
LT77120176BR,Saida do SC (Transferencia),2026-09-06T13:00:00.000Z,SC BNU,,,
LT77120176BR,Chegada a Base,2026-09-07T07:00:00.000Z,CCM-SC,,,
LT77120176BR,Triagem na Base,2026-09-07T10:00:00.000Z,CCM-SC,,,
LT77120176BR,Retido,2026-09-08T20:00:00.000Z,CCM-SC,,,Passou do prazo de entrega sem sucesso.
LT77120177BR,Etiqueta Gerada,2026-08-26T16:00:00.000Z,,,,Pedido postado pelo embarcador.
LT77120177BR,Coleta Realizada,2026-08-26T20:00:00.000Z,,,,Coleta realizada.
LT77120177BR,Chegada ao SC,2026-08-28T02:00:00.000Z,PR SJS,,,
LT77120177BR,Triagem no SC,2026-08-28T04:00:00.000Z,PR SJS,,,
LT77120177BR,Saida do SC (Transferencia),2026-08-28T10:00:00.000Z,PR SJS,,,
LT77120177BR,Chegada a Base,2026-08-29T08:00:00.000Z,CLB-PR,,,
LT77120177BR,Triagem na Base,2026-08-29T11:00:00.000Z,CLB-PR,,,
LT77120177BR,Bipado para Rota,2026-08-29T17:30:00.000Z,CLB-PR,a0Fg8000006qKp1EAE,,
LT77120177BR,Saiu para Entrega,2026-08-29T18:00:00.000Z,,a0Fg8000006qKp1EAE,Toledo,
LT77120177BR,Entregue,2026-08-30T04:00:00.000Z,,a0Fg8000006qKp1EAE,Toledo,Entregue ao destinatario.
LT77120178BR,Etiqueta Gerada,2026-09-02T11:00:00.000Z,,,,Pedido postado pelo embarcador.
LT77120178BR,Coleta Realizada,2026-09-02T16:00:00.000Z,,,,Coleta realizada.
LT77120178BR,Chegada ao SC,2026-09-03T18:00:00.000Z,SC BNU,,,
LT77120178BR,Triagem no SC,2026-09-03T20:00:00.000Z,SC BNU,,,
LT77120178BR,Saida do SC (Transferencia),2026-09-04T00:00:00.000Z,SC BNU,,,
LT77120178BR,Chegada a Base,2026-09-04T17:00:00.000Z,SJE-SC,,,
LT77120178BR,Triagem na Base,2026-09-04T20:00:00.000Z,SJE-SC,,,
LT77120178BR,Retido,2026-09-06T03:00:00.000Z,SJE-SC,,,Passou do prazo de entrega sem sucesso.
LT77120179BR,Etiqueta Gerada,2026-09-01T07:00:00.000Z,,,,Pedido postado pelo embarcador.
LT77120179BR,Coleta Realizada,2026-09-02T06:00:00.000Z,,,,Coleta realizada.
LT77120179BR,Chegada ao SC,2026-09-02T20:00:00.000Z,PR SJS,,,
LT77120179BR,Triagem no SC,2026-09-02T22:00:00.000Z,PR SJS,,,
LT77120179BR,Saida do SC (Transferencia),2026-09-03T03:00:00.000Z,PR SJS,,,
LT77120179BR,Chegada a Base,2026-09-04T00:00:00.000Z,F ARP-PR,,,
LT77120179BR,Triagem na Base,2026-09-04T03:00:00.000Z,F ARP-PR,,,
LT77120179BR,Bipado para Rota,2026-09-04T01:30:00.000Z,F ARP-PR,a0Fg8000006qKpEEAU,,
LT77120179BR,Saiu para Entrega,2026-09-04T02:00:00.000Z,,a0Fg8000006qKpEEAU,Londrina,
LT77120179BR,Entregue,2026-09-04T09:00:00.000Z,,a0Fg8000006qKpEEAU,Londrina,Entregue ao destinatario.
LT77120180BR,Etiqueta Gerada,2026-08-08T22:00:00.000Z,,,,Pedido postado pelo embarcador.
LT77120180BR,Coleta Realizada,2026-08-09T09:00:00.000Z,,,,Coleta realizada.
LT77120180BR,Chegada ao SC,2026-08-11T00:00:00.000Z,PR SJS,,,
LT77120180BR,Triagem no SC,2026-08-11T02:00:00.000Z,PR SJS,,,
LT77120180BR,Saida do SC (Transferencia),2026-08-11T12:00:00.000Z,PR SJS,,,
LT77120181BR,Etiqueta Gerada,2026-08-05T06:00:00.000Z,,,,Pedido postado pelo embarcador.
LT77120181BR,Coleta Realizada,2026-08-06T06:00:00.000Z,,,,Coleta realizada.
LT77120181BR,Chegada ao SC,2026-08-07T07:00:00.000Z,SC BNU,,,
LT77120181BR,Triagem no SC,2026-08-07T09:00:00.000Z,SC BNU,,,
LT77120181BR,Saida do SC (Transferencia),2026-08-07T21:00:00.000Z,SC BNU,,,
LT77120181BR,Chegada a Base,2026-08-08T04:00:00.000Z,TUB-SC,,,
LT77120181BR,Triagem na Base,2026-08-08T07:00:00.000Z,TUB-SC,,,
LT77120181BR,Bipado para Rota,2026-08-08T14:30:00.000Z,TUB-SC,a0Fg8000006qKp3EAE,,
LT77120181BR,Saiu para Entrega,2026-08-08T15:00:00.000Z,,a0Fg8000006qKp3EAE,Joinville,
LT77120181BR,Entregue,2026-08-08T22:00:00.000Z,,a0Fg8000006qKp3EAE,Joinville,Entregue ao destinatario.
LT77120182BR,Etiqueta Gerada,2026-08-12T23:00:00.000Z,,,,Pedido postado pelo embarcador.
LT77120182BR,Coleta Realizada,2026-08-13T22:00:00.000Z,,,,Coleta realizada.
LT77120182BR,Chegada ao SC,2026-08-14T11:00:00.000Z,RS NSR,,,
LT77120182BR,Triagem no SC,2026-08-14T13:00:00.000Z,RS NSR,,,
LT77120182BR,Saida do SC (Transferencia),2026-08-15T04:00:00.000Z,RS NSR,,,
LT77120182BR,Chegada a Base,2026-08-16T01:00:00.000Z,F CNS-RS,,,
LT77120182BR,Triagem na Base,2026-08-16T04:00:00.000Z,F CNS-RS,,,
LT77120182BR,Bipado para Rota,2026-08-16T05:30:00.000Z,F CNS-RS,a0Fg8000006qKpKEAU,,
LT77120182BR,Saiu para Entrega,2026-08-16T06:00:00.000Z,,a0Fg8000006qKpKEAU,Canoas,
LT77120182BR,Tentativa de Entrega,2026-08-16T14:00:00.000Z,,a0Fg8000006qKpKEAU,Canoas,Sem sucesso na entrega. Nova tentativa agendada.
LT77120183BR,Etiqueta Gerada,2026-09-05T02:00:00.000Z,,,,Pedido postado pelo embarcador.
LT77120183BR,Coleta Realizada,2026-09-05T18:00:00.000Z,,,,Coleta realizada.
LT77120183BR,Chegada ao SC,2026-09-06T08:00:00.000Z,SC BNU,,,
LT77120183BR,Triagem no SC,2026-09-06T10:00:00.000Z,SC BNU,,,
LT77120183BR,Saida do SC (Transferencia),2026-09-06T16:00:00.000Z,SC BNU,,,
LT77120183BR,Chegada a Base,2026-09-06T21:00:00.000Z,F JOI-SC,,,
LT77120183BR,Triagem na Base,2026-09-07T00:00:00.000Z,F JOI-SC,,,
LT77120183BR,Bipado para Rota,2026-09-07T03:30:00.000Z,F JOI-SC,a0Fg8000006qKp4EAE,,
LT77120183BR,Saiu para Entrega,2026-09-07T04:00:00.000Z,,a0Fg8000006qKp4EAE,Lages,
LT77120183BR,Entregue,2026-09-07T11:00:00.000Z,,a0Fg8000006qKp4EAE,Lages,Entregue ao destinatario.
LT77120184BR,Etiqueta Gerada,2026-08-19T10:00:00.000Z,,,,Pedido postado pelo embarcador.
LT77120184BR,Coleta Realizada,2026-08-19T15:00:00.000Z,,,,Coleta realizada.
LT77120184BR,Chegada ao SC,2026-08-20T01:00:00.000Z,PR SJS,,,
LT77120184BR,Triagem no SC,2026-08-20T03:00:00.000Z,PR SJS,,,
LT77120184BR,Saida do SC (Transferencia),2026-08-20T04:00:00.000Z,PR SJS,,,
LT77120184BR,Chegada a Base,2026-08-21T02:00:00.000Z,ARP-PR,,,
LT77120184BR,Triagem na Base,2026-08-21T05:00:00.000Z,ARP-PR,,,
LT77120184BR,Bipado para Rota,2026-08-21T06:30:00.000Z,ARP-PR,a0Fg8000006qKooEAE,,
LT77120184BR,Saiu para Entrega,2026-08-21T07:00:00.000Z,,a0Fg8000006qKooEAE,Toledo,
LT77120184BR,Entregue,2026-08-21T15:00:00.000Z,,a0Fg8000006qKooEAE,Toledo,Entregue ao destinatario.
LT77120185BR,Etiqueta Gerada,2026-08-26T13:00:00.000Z,,,,Pedido postado pelo embarcador.
LT77120185BR,Coleta Realizada,2026-08-27T19:00:00.000Z,,,,Coleta realizada.
LT77120185BR,Chegada ao SC,2026-08-28T10:00:00.000Z,PR SJS,,,
LT77120185BR,Triagem no SC,2026-08-28T12:00:00.000Z,PR SJS,,,
LT77120185BR,Saida do SC (Transferencia),2026-08-28T15:00:00.000Z,PR SJS,,,
LT77120185BR,Chegada a Base,2026-08-29T15:00:00.000Z,CIC-PR,,,
LT77120185BR,Triagem na Base,2026-08-29T18:00:00.000Z,CIC-PR,,,
LT77120185BR,Bipado para Rota,2026-08-30T01:30:00.000Z,CIC-PR,a0Fg8000006qKp8EAE,,
LT77120185BR,Saiu para Entrega,2026-08-30T02:00:00.000Z,,a0Fg8000006qKp8EAE,Ponta Grossa,
LT77120185BR,Entregue,2026-08-30T03:00:00.000Z,,a0Fg8000006qKp8EAE,Ponta Grossa,Entregue ao destinatario.
LT77120186BR,Etiqueta Gerada,2026-07-31T15:00:00.000Z,,,,Pedido postado pelo embarcador.
LT77120186BR,Coleta Realizada,2026-08-01T01:00:00.000Z,,,,Coleta realizada.
LT77120186BR,Chegada ao SC,2026-08-01T22:00:00.000Z,RS NSR,,,
LT77120186BR,Triagem no SC,2026-08-02T00:00:00.000Z,RS NSR,,,
LT77120186BR,Saida do SC (Transferencia),2026-08-02T06:00:00.000Z,RS NSR,,,
LT77120186BR,Chegada a Base,2026-08-02T18:00:00.000Z,POA-RS,,,
LT77120186BR,Triagem na Base,2026-08-02T21:00:00.000Z,POA-RS,,,
LT77120186BR,Bipado para Rota,2026-08-03T07:30:00.000Z,POA-RS,a0Fg8000006qKp7EAE,,
LT77120186BR,Saiu para Entrega,2026-08-03T08:00:00.000Z,,a0Fg8000006qKp7EAE,Rio Grande,
LT77120186BR,Endereco Nao Localizado,2026-08-03T16:00:00.000Z,,a0Fg8000006qKp7EAE,,Sem sucesso na entrega. Nova tentativa agendada.
LT77120187BR,Etiqueta Gerada,2026-08-20T16:00:00.000Z,,,,Pedido postado pelo embarcador.
LT77120187BR,Coleta Realizada,2026-08-21T12:00:00.000Z,,,,Coleta realizada.
LT77120187BR,Chegada ao SC,2026-08-21T18:00:00.000Z,RS NSR,,,
LT77120187BR,Triagem no SC,2026-08-21T20:00:00.000Z,RS NSR,,,
LT77120187BR,Saida do SC (Transferencia),2026-08-22T05:00:00.000Z,RS NSR,,,
LT77120187BR,Chegada a Base,2026-08-22T13:00:00.000Z,POA-RS,,,
LT77120187BR,Triagem na Base,2026-08-22T16:00:00.000Z,POA-RS,,,
LT77120187BR,Bipado para Rota,2026-08-22T19:30:00.000Z,POA-RS,a0Fg8000006qKp7EAE,,
LT77120187BR,Saiu para Entrega,2026-08-22T20:00:00.000Z,,a0Fg8000006qKp7EAE,Rio Grande,
LT77120187BR,Entregue,2026-08-23T06:00:00.000Z,,a0Fg8000006qKp7EAE,Rio Grande,Entregue ao destinatario.
LT77120188BR,Etiqueta Gerada,2026-08-24T00:00:00.000Z,,,,Pedido postado pelo embarcador.
LT77120188BR,Coleta Realizada,2026-08-24T07:00:00.000Z,,,,Coleta realizada.
LT77120188BR,Chegada ao SC,2026-08-24T21:00:00.000Z,RS NSR,,,
LT77120188BR,Triagem no SC,2026-08-24T23:00:00.000Z,RS NSR,,,
LT77120188BR,Saida do SC (Transferencia),2026-08-25T09:00:00.000Z,RS NSR,,,
LT77120188BR,Chegada a Base,2026-08-26T02:00:00.000Z,F CNS-RS,,,
LT77120188BR,Triagem na Base,2026-08-26T05:00:00.000Z,F CNS-RS,,,
LT77120188BR,Bipado para Rota,2026-08-26T10:30:00.000Z,F CNS-RS,a0Fg8000006qKpKEAU,,
LT77120188BR,Saiu para Entrega,2026-08-26T11:00:00.000Z,,a0Fg8000006qKpKEAU,Passo Fundo,
LT77120188BR,Entregue,2026-08-26T14:00:00.000Z,,a0Fg8000006qKpKEAU,Passo Fundo,Entregue ao destinatario.
LT77120189BR,Etiqueta Gerada,2026-08-19T01:00:00.000Z,,,,Pedido postado pelo embarcador.
LT77120189BR,Coleta Realizada,2026-08-19T20:00:00.000Z,,,,Coleta realizada.
LT77120189BR,Chegada ao SC,2026-08-21T07:00:00.000Z,PR SJS,,,
LT77120189BR,Triagem no SC,2026-08-21T09:00:00.000Z,PR SJS,,,
LT77120189BR,Saida do SC (Transferencia),2026-08-21T14:00:00.000Z,PR SJS,,,
LT77120189BR,Chegada a Base,2026-08-22T13:00:00.000Z,F LOD-PR,,,
LT77120189BR,Triagem na Base,2026-08-22T16:00:00.000Z,F LOD-PR,,,
LT77120189BR,Bipado para Rota,2026-08-22T18:30:00.000Z,F LOD-PR,a0Fg8000006qKotEAE,,
LT77120189BR,Saiu para Entrega,2026-08-22T19:00:00.000Z,,a0Fg8000006qKotEAE,Apucarana,
LT77120189BR,Entregue,2026-08-23T05:00:00.000Z,,a0Fg8000006qKotEAE,Apucarana,Entregue ao destinatario.
LT77120190BR,Etiqueta Gerada,2026-08-09T21:00:00.000Z,,,,Pedido postado pelo embarcador.
LT77120190BR,Coleta Realizada,2026-08-10T14:00:00.000Z,,,,Coleta realizada.
LT77120190BR,Chegada ao SC,2026-08-10T21:00:00.000Z,SC BNU,,,
LT77120190BR,Triagem no SC,2026-08-10T23:00:00.000Z,SC BNU,,,
LT77120190BR,Saida do SC (Transferencia),2026-08-11T11:00:00.000Z,SC BNU,,,
LT77120190BR,Chegada a Base,2026-08-12T09:00:00.000Z,TUB-SC,,,
LT77120190BR,Triagem na Base,2026-08-12T12:00:00.000Z,TUB-SC,,,
LT77120190BR,Bipado para Rota,2026-08-12T20:30:00.000Z,TUB-SC,a0Fg8000006qKopEAE,,
LT77120190BR,Saiu para Entrega,2026-08-12T21:00:00.000Z,,a0Fg8000006qKopEAE,Itajai,
LT77120190BR,Tentativa de Entrega,2026-08-12T23:00:00.000Z,,a0Fg8000006qKopEAE,Itajai,Sem sucesso na entrega. Nova tentativa agendada.
LT77120191BR,Etiqueta Gerada,2026-09-04T16:00:00.000Z,,,,Pedido postado pelo embarcador.
LT77120191BR,Coleta Realizada,2026-09-05T04:00:00.000Z,,,,Coleta realizada.
LT77120191BR,Chegada ao SC,2026-09-06T07:00:00.000Z,RS NSR,,,
LT77120191BR,Triagem no SC,2026-09-06T09:00:00.000Z,RS NSR,,,
LT77120191BR,Saida do SC (Transferencia),2026-09-06T14:00:00.000Z,RS NSR,,,
LT77120192BR,Etiqueta Gerada,2026-08-28T23:00:00.000Z,,,,Pedido postado pelo embarcador.
LT77120192BR,Coleta Realizada,2026-08-29T21:00:00.000Z,,,,Coleta realizada.
LT77120192BR,Chegada ao SC,2026-08-31T05:00:00.000Z,SC BNU,,,
LT77120192BR,Triagem no SC,2026-08-31T07:00:00.000Z,SC BNU,,,
LT77120192BR,Saida do SC (Transferencia),2026-08-31T16:00:00.000Z,SC BNU,,,
LT77120192BR,Chegada a Base,2026-08-31T21:00:00.000Z,F JOI-SC,,,
LT77120192BR,Triagem na Base,2026-09-01T00:00:00.000Z,F JOI-SC,,,
LT77120192BR,Bipado para Rota,2026-09-01T02:30:00.000Z,F JOI-SC,a0Fg8000006qKp4EAE,,
LT77120192BR,Saiu para Entrega,2026-09-01T03:00:00.000Z,,a0Fg8000006qKp4EAE,Sao Jose,
LT77120192BR,Entregue,2026-09-01T06:00:00.000Z,,a0Fg8000006qKp4EAE,Sao Jose,Entregue ao destinatario.
LT77120193BR,Etiqueta Gerada,2026-08-01T06:00:00.000Z,,,,Pedido postado pelo embarcador.
LT77120193BR,Coleta Realizada,2026-08-01T21:00:00.000Z,,,,Coleta realizada.
LT77120193BR,Chegada ao SC,2026-08-02T21:00:00.000Z,PR SJS,,,
LT77120193BR,Triagem no SC,2026-08-02T23:00:00.000Z,PR SJS,,,
LT77120193BR,Saida do SC (Transferencia),2026-08-03T03:00:00.000Z,PR SJS,,,
LT77120193BR,Chegada a Base,2026-08-03T09:00:00.000Z,ARP-PR,,,
LT77120193BR,Triagem na Base,2026-08-03T12:00:00.000Z,ARP-PR,,,
LT77120193BR,Bipado para Rota,2026-08-03T15:30:00.000Z,ARP-PR,a0Fg8000006qKpJEAU,,
LT77120193BR,Saiu para Entrega,2026-08-03T16:00:00.000Z,,a0Fg8000006qKpJEAU,Curitiba,
LT77120193BR,Entregue,2026-08-04T01:00:00.000Z,,a0Fg8000006qKpJEAU,Curitiba,Entregue ao destinatario.
LT77120194BR,Etiqueta Gerada,2026-07-29T13:00:00.000Z,,,,Pedido postado pelo embarcador.
LT77120194BR,Coleta Realizada,2026-07-30T07:00:00.000Z,,,,Coleta realizada.
LT77120194BR,Chegada ao SC,2026-07-31T18:00:00.000Z,SC BNU,,,
LT77120194BR,Triagem no SC,2026-07-31T20:00:00.000Z,SC BNU,,,
LT77120194BR,Saida do SC (Transferencia),2026-08-01T04:00:00.000Z,SC BNU,,,
LT77120194BR,Chegada a Base,2026-08-01T21:00:00.000Z,TUB-SC,,,
LT77120194BR,Triagem na Base,2026-08-02T00:00:00.000Z,TUB-SC,,,
LT77120194BR,Bipado para Rota,2026-08-01T23:30:00.000Z,TUB-SC,a0Fg8000006qKopEAE,,
LT77120194BR,Saiu para Entrega,2026-08-02T00:00:00.000Z,,a0Fg8000006qKopEAE,Tubarao,
LT77120194BR,Entregue,2026-08-02T07:00:00.000Z,,a0Fg8000006qKopEAE,Tubarao,Entregue ao destinatario.
LT77120195BR,Etiqueta Gerada,2026-08-10T21:00:00.000Z,,,,Pedido postado pelo embarcador.
LT77120195BR,Coleta Realizada,2026-08-11T12:00:00.000Z,,,,Coleta realizada.
LT77120195BR,Chegada ao SC,2026-08-11T22:00:00.000Z,SC BNU,,,
LT77120195BR,Triagem no SC,2026-08-12T00:00:00.000Z,SC BNU,,,
LT77120195BR,Saida do SC (Transferencia),2026-08-12T10:00:00.000Z,SC BNU,,,
LT77120195BR,Chegada a Base,2026-08-12T14:00:00.000Z,SJE-SC,,,
LT77120195BR,Triagem na Base,2026-08-12T17:00:00.000Z,SJE-SC,,,
LT77120195BR,Bipado para Rota,2026-08-13T03:30:00.000Z,SJE-SC,a0Fg8000006qKpHEAU,,
LT77120195BR,Saiu para Entrega,2026-08-13T04:00:00.000Z,,a0Fg8000006qKpHEAU,Tubarao,
LT77120195BR,Entregue,2026-08-13T13:00:00.000Z,,a0Fg8000006qKpHEAU,Tubarao,Entregue ao destinatario.
LT77120196BR,Etiqueta Gerada,2026-08-24T10:00:00.000Z,,,,Pedido postado pelo embarcador.
LT77120196BR,Coleta Realizada,2026-08-25T10:00:00.000Z,,,,Coleta realizada.
LT77120196BR,Chegada ao SC,2026-08-26T21:00:00.000Z,PR SJS,,,
LT77120196BR,Triagem no SC,2026-08-26T23:00:00.000Z,PR SJS,,,
LT77120196BR,Saida do SC (Transferencia),2026-08-27T01:00:00.000Z,PR SJS,,,
LT77120196BR,Chegada a Base,2026-08-28T01:00:00.000Z,CIC-PR,,,
LT77120196BR,Triagem na Base,2026-08-28T04:00:00.000Z,CIC-PR,,,
LT77120196BR,Bipado para Rota,2026-08-28T13:30:00.000Z,CIC-PR,a0Fg8000006qKp8EAE,,
LT77120196BR,Saiu para Entrega,2026-08-28T14:00:00.000Z,,a0Fg8000006qKp8EAE,Toledo,
LT77120196BR,Entregue,2026-08-28T18:00:00.000Z,,a0Fg8000006qKp8EAE,Toledo,Entregue ao destinatario.
LT77120197BR,Etiqueta Gerada,2026-07-29T06:00:00.000Z,,,,Pedido postado pelo embarcador.
LT77120197BR,Coleta Realizada,2026-07-29T23:00:00.000Z,,,,Coleta realizada.
LT77120197BR,Chegada ao SC,2026-07-30T17:00:00.000Z,PR SJS,,,
LT77120197BR,Triagem no SC,2026-07-30T19:00:00.000Z,PR SJS,,,
LT77120197BR,Saida do SC (Transferencia),2026-07-31T06:00:00.000Z,PR SJS,,,
LT77120197BR,Chegada a Base,2026-07-31T11:00:00.000Z,CLB-PR,,,
LT77120197BR,Triagem na Base,2026-07-31T14:00:00.000Z,CLB-PR,,,
LT77120197BR,Bipado para Rota,2026-07-31T13:30:00.000Z,CLB-PR,a0Fg8000006qKp1EAE,,
LT77120197BR,Saiu para Entrega,2026-07-31T14:00:00.000Z,,a0Fg8000006qKp1EAE,Cascavel,
LT77120197BR,Entregue,2026-07-31T21:00:00.000Z,,a0Fg8000006qKp1EAE,Cascavel,Entregue ao destinatario.
LT77120198BR,Etiqueta Gerada,2026-08-28T23:00:00.000Z,,,,Pedido postado pelo embarcador.
LT77120198BR,Coleta Realizada,2026-08-30T00:00:00.000Z,,,,Coleta realizada.
LT77120198BR,Chegada ao SC,2026-08-31T13:00:00.000Z,PR SJS,,,
LT77120198BR,Triagem no SC,2026-08-31T15:00:00.000Z,PR SJS,,,
LT77120198BR,Saida do SC (Transferencia),2026-08-31T19:00:00.000Z,PR SJS,,,
LT77120198BR,Chegada a Base,2026-09-01T02:00:00.000Z,CIC-PR,,,
LT77120198BR,Triagem na Base,2026-09-01T05:00:00.000Z,CIC-PR,,,
LT77120198BR,Bipado para Rota,2026-09-01T07:30:00.000Z,CIC-PR,a0Fg8000006qKp8EAE,,
LT77120198BR,Saiu para Entrega,2026-09-01T08:00:00.000Z,,a0Fg8000006qKp8EAE,Toledo,
LT77120199BR,Etiqueta Gerada,2026-09-04T08:00:00.000Z,,,,Pedido postado pelo embarcador.
LT77120199BR,Coleta Realizada,2026-09-05T03:00:00.000Z,,,,Coleta realizada.
LT77120199BR,Chegada ao SC,2026-09-05T16:00:00.000Z,PR SJS,,,
LT77120199BR,Triagem no SC,2026-09-05T18:00:00.000Z,PR SJS,,,
LT77120199BR,Saida do SC (Transferencia),2026-09-06T10:00:00.000Z,PR SJS,,,
LT77120199BR,Chegada a Base,2026-09-06T21:00:00.000Z,CLB-PR,,,
LT77120199BR,Triagem na Base,2026-09-07T00:00:00.000Z,CLB-PR,,,
LT77120199BR,Bipado para Rota,2026-09-06T23:30:00.000Z,CLB-PR,a0Fg8000006qKp1EAE,,
LT77120199BR,Saiu para Entrega,2026-09-07T00:00:00.000Z,,a0Fg8000006qKp1EAE,Paranagua,
LT77120199BR,Entregue,2026-09-07T01:00:00.000Z,,a0Fg8000006qKp1EAE,Paranagua,Entregue ao destinatario.
LT77120200BR,Etiqueta Gerada,2026-08-18T20:00:00.000Z,,,,Pedido postado pelo embarcador.
LT77120200BR,Coleta Realizada,2026-08-19T18:00:00.000Z,,,,Coleta realizada.
LT77120200BR,Chegada ao SC,2026-08-21T00:00:00.000Z,SC BNU,,,
LT77120200BR,Triagem no SC,2026-08-21T02:00:00.000Z,SC BNU,,,
LT77120200BR,Saida do SC (Transferencia),2026-08-21T10:00:00.000Z,SC BNU,,,
LT77120200BR,Chegada a Base,2026-08-21T16:00:00.000Z,CCM-SC,,,
LT77120200BR,Triagem na Base,2026-08-21T19:00:00.000Z,CCM-SC,,,
LT77120200BR,Sem Movimentacao Detectada,2026-09-04T10:00:00.000Z,CCM-SC,,,Sem atualizacao ha mais de 6 horas.
LT77120201BR,Etiqueta Gerada,2026-09-03T13:00:00.000Z,,,,Pedido postado pelo embarcador.
LT77120201BR,Coleta Realizada,2026-09-04T06:00:00.000Z,,,,Coleta realizada.
LT77120201BR,Chegada ao SC,2026-09-04T12:00:00.000Z,PR SJS,,,
LT77120201BR,Triagem no SC,2026-09-04T14:00:00.000Z,PR SJS,,,
LT77120201BR,Saida do SC (Transferencia),2026-09-04T19:00:00.000Z,PR SJS,,,
LT77120201BR,Chegada a Base,2026-09-05T18:00:00.000Z,ARP-PR,,,
LT77120201BR,Triagem na Base,2026-09-05T21:00:00.000Z,ARP-PR,,,
LT77120201BR,Bipado para Rota,2026-09-06T02:30:00.000Z,ARP-PR,a0Fg8000006qKonEAE,,
LT77120201BR,Saiu para Entrega,2026-09-06T03:00:00.000Z,,a0Fg8000006qKonEAE,Paranagua,
LT77120201BR,Destinatario Ausente,2026-09-06T11:00:00.000Z,,a0Fg8000006qKonEAE,,Sem sucesso na entrega. Nova tentativa agendada.
LT77120202BR,Etiqueta Gerada,2026-08-01T17:00:00.000Z,,,,Pedido postado pelo embarcador.
LT77120202BR,Coleta Realizada,2026-08-02T03:00:00.000Z,,,,Coleta realizada.
LT77120202BR,Chegada ao SC,2026-08-02T19:00:00.000Z,SC BNU,,,
LT77120202BR,Triagem no SC,2026-08-02T21:00:00.000Z,SC BNU,,,
LT77120202BR,Saida do SC (Transferencia),2026-08-03T02:00:00.000Z,SC BNU,,,
LT77120202BR,Chegada a Base,2026-08-03T19:00:00.000Z,F BLU-SC,,,
LT77120202BR,Triagem na Base,2026-08-03T22:00:00.000Z,F BLU-SC,,,
LT77120202BR,Bipado para Rota,2026-08-04T01:30:00.000Z,F BLU-SC,a0Fg8000006qKp6EAE,,
LT77120202BR,Saiu para Entrega,2026-08-04T02:00:00.000Z,,a0Fg8000006qKp6EAE,Tubarao,
LT77120202BR,Entregue,2026-08-04T06:00:00.000Z,,a0Fg8000006qKp6EAE,Tubarao,Entregue ao destinatario.
LT77120203BR,Etiqueta Gerada,2026-08-26T09:00:00.000Z,,,,Pedido postado pelo embarcador.
LT77120203BR,Coleta Realizada,2026-08-27T09:00:00.000Z,,,,Coleta realizada.
LT77120203BR,Chegada ao SC,2026-08-28T13:00:00.000Z,SC BNU,,,
LT77120203BR,Triagem no SC,2026-08-28T15:00:00.000Z,SC BNU,,,
LT77120203BR,Saida do SC (Transferencia),2026-08-28T22:00:00.000Z,SC BNU,,,
LT77120203BR,Chegada a Base,2026-08-29T14:00:00.000Z,TUB-SC,,,
LT77120203BR,Triagem na Base,2026-08-29T17:00:00.000Z,TUB-SC,,,
LT77120203BR,Bipado para Rota,2026-08-30T03:30:00.000Z,TUB-SC,a0Fg8000006qKp3EAE,,
LT77120203BR,Saiu para Entrega,2026-08-30T04:00:00.000Z,,a0Fg8000006qKp3EAE,Balneario Camboriu,
LT77120203BR,Entregue,2026-08-30T10:00:00.000Z,,a0Fg8000006qKp3EAE,Balneario Camboriu,Entregue ao destinatario.
LT77120204BR,Etiqueta Gerada,2026-08-22T08:00:00.000Z,,,,Pedido postado pelo embarcador.
LT77120204BR,Coleta Realizada,2026-08-23T12:00:00.000Z,,,,Coleta realizada.
LT77120204BR,Chegada ao SC,2026-08-23T21:00:00.000Z,RS NSR,,,
LT77120204BR,Triagem no SC,2026-08-23T23:00:00.000Z,RS NSR,,,
LT77120204BR,Saida do SC (Transferencia),2026-08-24T13:00:00.000Z,RS NSR,,,
LT77120204BR,Chegada a Base,2026-08-24T17:00:00.000Z,CXJ-RS,,,
LT77120204BR,Triagem na Base,2026-08-24T20:00:00.000Z,CXJ-RS,,,
LT77120204BR,Bipado para Rota,2026-08-24T18:30:00.000Z,CXJ-RS,a0Fg8000006qKosEAE,,
LT77120204BR,Saiu para Entrega,2026-08-24T19:00:00.000Z,,a0Fg8000006qKosEAE,Caxias do Sul,
LT77120204BR,Entregue,2026-08-25T02:00:00.000Z,,a0Fg8000006qKosEAE,Caxias do Sul,Entregue ao destinatario.
LT77120205BR,Etiqueta Gerada,2026-09-01T06:00:00.000Z,,,,Pedido postado pelo embarcador.
LT77120205BR,Coleta Realizada,2026-09-01T15:00:00.000Z,,,,Coleta realizada.
LT77120205BR,Chegada ao SC,2026-09-01T23:00:00.000Z,PR SJS,,,
LT77120205BR,Triagem no SC,2026-09-02T01:00:00.000Z,PR SJS,,,
LT77120205BR,Saida do SC (Transferencia),2026-09-02T07:00:00.000Z,PR SJS,,,
LT77120205BR,Chegada a Base,2026-09-02T14:00:00.000Z,CIC-PR,,,
LT77120205BR,Triagem na Base,2026-09-02T17:00:00.000Z,CIC-PR,,,
LT77120205BR,Bipado para Rota,2026-09-02T18:30:00.000Z,CIC-PR,a0Fg8000006qKp8EAE,,
LT77120205BR,Saiu para Entrega,2026-09-02T19:00:00.000Z,,a0Fg8000006qKp8EAE,Curitiba,
LT77120205BR,Entregue,2026-09-02T21:00:00.000Z,,a0Fg8000006qKp8EAE,Curitiba,Entregue ao destinatario.
LT77120206BR,Etiqueta Gerada,2026-08-30T05:00:00.000Z,,,,Pedido postado pelo embarcador.
LT77120206BR,Coleta Realizada,2026-08-30T21:00:00.000Z,,,,Coleta realizada.
LT77120206BR,Chegada ao SC,2026-08-31T13:00:00.000Z,RS NSR,,,
LT77120206BR,Triagem no SC,2026-08-31T15:00:00.000Z,RS NSR,,,
LT77120206BR,Saida do SC (Transferencia),2026-09-01T04:00:00.000Z,RS NSR,,,
LT77120206BR,Chegada a Base,2026-09-02T00:00:00.000Z,F CNS-RS,,,
LT77120206BR,Triagem na Base,2026-09-02T03:00:00.000Z,F CNS-RS,,,
LT77120206BR,Bipado para Rota,2026-09-02T09:30:00.000Z,F CNS-RS,a0Fg8000006qKpKEAU,,
LT77120206BR,Saiu para Entrega,2026-09-02T10:00:00.000Z,,a0Fg8000006qKpKEAU,Sapucaia do Sul,
LT77120206BR,Entregue,2026-09-02T16:00:00.000Z,,a0Fg8000006qKpKEAU,Sapucaia do Sul,Entregue ao destinatario.
LT77120207BR,Etiqueta Gerada,2026-09-02T11:00:00.000Z,,,,Pedido postado pelo embarcador.
LT77120207BR,Coleta Realizada,2026-09-03T00:00:00.000Z,,,,Coleta realizada.
LT77120207BR,Chegada ao SC,2026-09-03T10:00:00.000Z,SC BNU,,,
LT77120207BR,Triagem no SC,2026-09-03T12:00:00.000Z,SC BNU,,,
LT77120207BR,Saida do SC (Transferencia),2026-09-03T19:00:00.000Z,SC BNU,,,
LT77120207BR,Chegada a Base,2026-09-04T19:00:00.000Z,TUB-SC,,,
LT77120207BR,Triagem na Base,2026-09-04T22:00:00.000Z,TUB-SC,,,
LT77120207BR,Bipado para Rota,2026-09-05T04:30:00.000Z,TUB-SC,a0Fg8000006qKp3EAE,,
LT77120207BR,Saiu para Entrega,2026-09-05T05:00:00.000Z,,a0Fg8000006qKp3EAE,Tubarao,
LT77120207BR,Entregue,2026-09-05T14:00:00.000Z,,a0Fg8000006qKp3EAE,Tubarao,Entregue ao destinatario.
LT77120208BR,Etiqueta Gerada,2026-08-10T22:00:00.000Z,,,,Pedido postado pelo embarcador.
LT77120208BR,Coleta Realizada,2026-08-11T04:00:00.000Z,,,,Coleta realizada.
LT77120208BR,Chegada ao SC,2026-08-12T04:00:00.000Z,PR SJS,,,
LT77120208BR,Triagem no SC,2026-08-12T06:00:00.000Z,PR SJS,,,
LT77120208BR,Saida do SC (Transferencia),2026-08-12T22:00:00.000Z,PR SJS,,,
LT77120208BR,Chegada a Base,2026-08-13T22:00:00.000Z,CLB-PR,,,
LT77120208BR,Triagem na Base,2026-08-14T01:00:00.000Z,CLB-PR,,,
LT77120208BR,Bipado para Rota,2026-08-14T08:30:00.000Z,CLB-PR,a0Fg8000006qKp1EAE,,
LT77120208BR,Saiu para Entrega,2026-08-14T09:00:00.000Z,,a0Fg8000006qKp1EAE,Sao Jose dos Pinhais,
LT77120208BR,Entregue,2026-08-14T11:00:00.000Z,,a0Fg8000006qKp1EAE,Sao Jose dos Pinhais,Entregue ao destinatario.
LT77120209BR,Etiqueta Gerada,2026-08-12T05:00:00.000Z,,,,Pedido postado pelo embarcador.
LT77120209BR,Coleta Realizada,2026-08-13T10:00:00.000Z,,,,Coleta realizada.
LT77120209BR,Chegada ao SC,2026-08-14T02:00:00.000Z,SC BNU,,,
LT77120209BR,Triagem no SC,2026-08-14T04:00:00.000Z,SC BNU,,,
LT77120209BR,Saida do SC (Transferencia),2026-08-14T17:00:00.000Z,SC BNU,,,
LT77120209BR,Chegada a Base,2026-08-15T14:00:00.000Z,CCM-SC,,,
LT77120210BR,Etiqueta Gerada,2026-08-20T04:00:00.000Z,,,,Pedido postado pelo embarcador.
LT77120210BR,Coleta Realizada,2026-08-20T12:00:00.000Z,,,,Coleta realizada.
LT77120210BR,Chegada ao SC,2026-08-20T18:00:00.000Z,RS NSR,,,
LT77120210BR,Triagem no SC,2026-08-20T20:00:00.000Z,RS NSR,,,
LT77120210BR,Saida do SC (Transferencia),2026-08-21T13:00:00.000Z,RS NSR,,,
LT77120210BR,Chegada a Base,2026-08-22T10:00:00.000Z,CXJ-RS,,,
LT77120210BR,Triagem na Base,2026-08-22T13:00:00.000Z,CXJ-RS,,,
LT77120211BR,Etiqueta Gerada,2026-08-09T09:00:00.000Z,,,,Pedido postado pelo embarcador.
LT77120211BR,Coleta Realizada,2026-08-10T02:00:00.000Z,,,,Coleta realizada.
LT77120211BR,Chegada ao SC,2026-08-11T01:00:00.000Z,RS NSR,,,
LT77120211BR,Triagem no SC,2026-08-11T03:00:00.000Z,RS NSR,,,
LT77120211BR,Saida do SC (Transferencia),2026-08-11T08:00:00.000Z,RS NSR,,,
LT77120211BR,Chegada a Base,2026-08-11T14:00:00.000Z,F PET-RS,,,
LT77120211BR,Triagem na Base,2026-08-11T17:00:00.000Z,F PET-RS,,,
LT77120211BR,Bipado para Rota,2026-08-12T01:30:00.000Z,F PET-RS,a0Fg8000006qKowEAE,,
LT77120211BR,Saiu para Entrega,2026-08-12T02:00:00.000Z,,a0Fg8000006qKowEAE,Caxias do Sul,
LT77120211BR,Entregue,2026-08-12T07:00:00.000Z,,a0Fg8000006qKowEAE,Caxias do Sul,Entregue ao destinatario.
LT77120212BR,Etiqueta Gerada,2026-07-27T19:00:00.000Z,,,,Pedido postado pelo embarcador.
LT77120212BR,Coleta Realizada,2026-07-28T22:00:00.000Z,,,,Coleta realizada.
LT77120212BR,Chegada ao SC,2026-07-30T12:00:00.000Z,RS NSR,,,
LT77120212BR,Triagem no SC,2026-07-30T14:00:00.000Z,RS NSR,,,
LT77120212BR,Saida do SC (Transferencia),2026-07-31T01:00:00.000Z,RS NSR,,,
LT77120212BR,Chegada a Base,2026-07-31T12:00:00.000Z,F CNS-RS,,,
LT77120212BR,Triagem na Base,2026-07-31T15:00:00.000Z,F CNS-RS,,,
LT77120212BR,Bipado para Rota,2026-07-31T19:30:00.000Z,F CNS-RS,a0Fg8000006qKpKEAU,,
LT77120212BR,Saiu para Entrega,2026-07-31T20:00:00.000Z,,a0Fg8000006qKpKEAU,Alvorada,
LT77120212BR,Entregue,2026-08-01T04:00:00.000Z,,a0Fg8000006qKpKEAU,Alvorada,Entregue ao destinatario.
LT77120213BR,Etiqueta Gerada,2026-08-19T09:00:00.000Z,,,,Pedido postado pelo embarcador.
LT77120213BR,Coleta Realizada,2026-08-19T21:00:00.000Z,,,,Coleta realizada.
LT77120213BR,Chegada ao SC,2026-08-21T10:00:00.000Z,SC BNU,,,
LT77120213BR,Triagem no SC,2026-08-21T12:00:00.000Z,SC BNU,,,
LT77120213BR,Saida do SC (Transferencia),2026-08-21T13:00:00.000Z,SC BNU,,,
LT77120213BR,Chegada a Base,2026-08-21T20:00:00.000Z,TUB-SC,,,
LT77120213BR,Triagem na Base,2026-08-21T23:00:00.000Z,TUB-SC,,,
LT77120213BR,Bipado para Rota,2026-08-22T08:30:00.000Z,TUB-SC,a0Fg8000006qKp3EAE,,
LT77120213BR,Saiu para Entrega,2026-08-22T09:00:00.000Z,,a0Fg8000006qKp3EAE,Criciuma,
LT77120213BR,Entregue,2026-08-22T16:00:00.000Z,,a0Fg8000006qKp3EAE,Criciuma,Entregue ao destinatario.
LT77120214BR,Etiqueta Gerada,2026-08-16T18:00:00.000Z,,,,Pedido postado pelo embarcador.
LT77120214BR,Coleta Realizada,2026-08-17T02:00:00.000Z,,,,Coleta realizada.
LT77120214BR,Chegada ao SC,2026-08-18T12:00:00.000Z,SC BNU,,,
LT77120214BR,Triagem no SC,2026-08-18T14:00:00.000Z,SC BNU,,,
LT77120214BR,Saida do SC (Transferencia),2026-08-19T00:00:00.000Z,SC BNU,,,
LT77120214BR,Chegada a Base,2026-08-19T09:00:00.000Z,CCM-SC,,,
LT77120214BR,Triagem na Base,2026-08-19T12:00:00.000Z,CCM-SC,,,
LT77120214BR,Bipado para Rota,2026-08-19T10:30:00.000Z,CCM-SC,a0Fg8000006qKpIEAU,,
LT77120214BR,Saiu para Entrega,2026-08-19T11:00:00.000Z,,a0Fg8000006qKpIEAU,Jaragua do Sul,
LT77120214BR,Entregue,2026-08-19T14:00:00.000Z,,a0Fg8000006qKpIEAU,Jaragua do Sul,Entregue ao destinatario.
LT77120215BR,Etiqueta Gerada,2026-09-01T06:00:00.000Z,,,,Pedido postado pelo embarcador.
LT77120215BR,Coleta Realizada,2026-09-02T04:00:00.000Z,,,,Coleta realizada.
LT77120215BR,Chegada ao SC,2026-09-03T06:00:00.000Z,SC BNU,,,
LT77120215BR,Triagem no SC,2026-09-03T08:00:00.000Z,SC BNU,,,
LT77120215BR,Saida do SC (Transferencia),2026-09-03T14:00:00.000Z,SC BNU,,,
LT77120215BR,Chegada a Base,2026-09-04T10:00:00.000Z,TUB-SC,,,
LT77120215BR,Triagem na Base,2026-09-04T13:00:00.000Z,TUB-SC,,,
LT77120215BR,Bipado para Rota,2026-09-04T12:30:00.000Z,TUB-SC,a0Fg8000006qKp3EAE,,
LT77120215BR,Saiu para Entrega,2026-09-04T13:00:00.000Z,,a0Fg8000006qKp3EAE,Florianopolis,
LT77120215BR,Entregue,2026-09-04T22:00:00.000Z,,a0Fg8000006qKp3EAE,Florianopolis,Entregue ao destinatario.
LT77120216BR,Etiqueta Gerada,2026-08-25T12:00:00.000Z,,,,Pedido postado pelo embarcador.
LT77120216BR,Coleta Realizada,2026-08-26T08:00:00.000Z,,,,Coleta realizada.
LT77120216BR,Chegada ao SC,2026-08-27T07:00:00.000Z,SC BNU,,,
LT77120216BR,Triagem no SC,2026-08-27T09:00:00.000Z,SC BNU,,,
LT77120216BR,Saida do SC (Transferencia),2026-08-27T10:00:00.000Z,SC BNU,,,
LT77120217BR,Etiqueta Gerada,2026-09-02T02:00:00.000Z,,,,Pedido postado pelo embarcador.
LT77120217BR,Coleta Realizada,2026-09-03T08:00:00.000Z,,,,Coleta realizada.
LT77120217BR,Chegada ao SC,2026-09-03T16:00:00.000Z,SC BNU,,,
LT77120217BR,Triagem no SC,2026-09-03T18:00:00.000Z,SC BNU,,,
LT77120217BR,Saida do SC (Transferencia),2026-09-04T01:00:00.000Z,SC BNU,,,
LT77120217BR,Chegada a Base,2026-09-04T15:00:00.000Z,F JOI-SC,,,
LT77120217BR,Triagem na Base,2026-09-04T18:00:00.000Z,F JOI-SC,,,
LT77120217BR,Bipado para Rota,2026-09-04T19:30:00.000Z,F JOI-SC,a0Fg8000006qKp4EAE,,
LT77120217BR,Saiu para Entrega,2026-09-04T20:00:00.000Z,,a0Fg8000006qKp4EAE,Palhoca,
LT77120218BR,Etiqueta Gerada,2026-08-31T05:00:00.000Z,,,,Pedido postado pelo embarcador.
LT77120218BR,Coleta Realizada,2026-09-01T09:00:00.000Z,,,,Coleta realizada.
LT77120218BR,Chegada ao SC,2026-09-02T17:00:00.000Z,SC BNU,,,
LT77120218BR,Triagem no SC,2026-09-02T19:00:00.000Z,SC BNU,,,
LT77120218BR,Saida do SC (Transferencia),2026-09-03T10:00:00.000Z,SC BNU,,,
LT77120218BR,Chegada a Base,2026-09-04T10:00:00.000Z,TUB-SC,,,
LT77120218BR,Triagem na Base,2026-09-04T13:00:00.000Z,TUB-SC,,,
LT77120218BR,Bipado para Rota,2026-09-04T17:30:00.000Z,TUB-SC,a0Fg8000006qKp3EAE,,
LT77120218BR,Saiu para Entrega,2026-09-04T18:00:00.000Z,,a0Fg8000006qKp3EAE,Jaragua do Sul,
LT77120219BR,Etiqueta Gerada,2026-08-26T20:00:00.000Z,,,,Pedido postado pelo embarcador.
LT77120219BR,Coleta Realizada,2026-08-27T09:00:00.000Z,,,,Coleta realizada.
LT77120219BR,Chegada ao SC,2026-08-27T22:00:00.000Z,PR SJS,,,
LT77120219BR,Triagem no SC,2026-08-28T00:00:00.000Z,PR SJS,,,
LT77120219BR,Saida do SC (Transferencia),2026-08-28T05:00:00.000Z,PR SJS,,,
LT77120219BR,Chegada a Base,2026-08-28T22:00:00.000Z,ARP-PR,,,
LT77120219BR,Triagem na Base,2026-08-29T01:00:00.000Z,ARP-PR,,,
LT77120219BR,Bipado para Rota,2026-08-29T11:30:00.000Z,ARP-PR,a0Fg8000006qKooEAE,,
LT77120219BR,Saiu para Entrega,2026-08-29T12:00:00.000Z,,a0Fg8000006qKooEAE,Foz do Iguacu,
LT77120219BR,Extravio Registrado,2026-08-31T21:00:00.000Z,ARP-PR,,,Remessa nao localizada. Processo de extravio aberto.
LT77120220BR,Etiqueta Gerada,2026-09-02T04:00:00.000Z,,,,Pedido postado pelo embarcador.
LT77120220BR,Coleta Realizada,2026-09-02T08:00:00.000Z,,,,Coleta realizada.
LT77120220BR,Chegada ao SC,2026-09-03T22:00:00.000Z,PR SJS,,,
LT77120220BR,Triagem no SC,2026-09-04T00:00:00.000Z,PR SJS,,,
LT77120220BR,Saida do SC (Transferencia),2026-09-04T16:00:00.000Z,PR SJS,,,
LT77120220BR,Chegada a Base,2026-09-05T05:00:00.000Z,ALM-PR,,,
LT77120220BR,Triagem na Base,2026-09-05T08:00:00.000Z,ALM-PR,,,
LT77120220BR,Bipado para Rota,2026-09-05T07:30:00.000Z,ALM-PR,a0Fg8000006qKp5EAE,,
LT77120220BR,Saiu para Entrega,2026-09-05T08:00:00.000Z,,a0Fg8000006qKp5EAE,Curitiba,
LT77120220BR,Entregue,2026-09-05T17:00:00.000Z,,a0Fg8000006qKp5EAE,Curitiba,Entregue ao destinatario.
LT77120221BR,Etiqueta Gerada,2026-08-23T15:00:00.000Z,,,,Pedido postado pelo embarcador.
LT77120221BR,Coleta Realizada,2026-08-23T20:00:00.000Z,,,,Coleta realizada.
LT77120221BR,Chegada ao SC,2026-08-24T07:00:00.000Z,SC BNU,,,
LT77120221BR,Triagem no SC,2026-08-24T09:00:00.000Z,SC BNU,,,
LT77120221BR,Saida do SC (Transferencia),2026-08-24T11:00:00.000Z,SC BNU,,,
LT77120221BR,Chegada a Base,2026-08-25T11:00:00.000Z,F BLU-SC,,,
LT77120221BR,Triagem na Base,2026-08-25T14:00:00.000Z,F BLU-SC,,,
LT77120221BR,Bipado para Rota,2026-08-25T14:30:00.000Z,F BLU-SC,a0Fg8000006qKp6EAE,,
LT77120221BR,Saiu para Entrega,2026-08-25T15:00:00.000Z,,a0Fg8000006qKp6EAE,Florianopolis,
LT77120221BR,Endereco Nao Localizado,2026-08-25T16:00:00.000Z,,a0Fg8000006qKp6EAE,,Sem sucesso na entrega. Nova tentativa agendada.
LT77120222BR,Etiqueta Gerada,2026-08-22T23:00:00.000Z,,,,Pedido postado pelo embarcador.
LT77120222BR,Coleta Realizada,2026-08-23T17:00:00.000Z,,,,Coleta realizada.
LT77120222BR,Chegada ao SC,2026-08-25T03:00:00.000Z,PR SJS,,,
LT77120222BR,Triagem no SC,2026-08-25T05:00:00.000Z,PR SJS,,,
LT77120222BR,Saida do SC (Transferencia),2026-08-25T22:00:00.000Z,PR SJS,,,
LT77120222BR,Chegada a Base,2026-08-26T15:00:00.000Z,ARP-PR,,,
LT77120222BR,Triagem na Base,2026-08-26T18:00:00.000Z,ARP-PR,,,
LT77120222BR,Retido,2026-08-27T21:00:00.000Z,ARP-PR,,,Passou do prazo de entrega sem sucesso.
LT77120223BR,Etiqueta Gerada,2026-07-31T17:00:00.000Z,,,,Pedido postado pelo embarcador.
LT77120223BR,Coleta Realizada,2026-08-01T04:00:00.000Z,,,,Coleta realizada.
LT77120223BR,Chegada ao SC,2026-08-01T20:00:00.000Z,SC BNU,,,
LT77120223BR,Triagem no SC,2026-08-01T22:00:00.000Z,SC BNU,,,
LT77120223BR,Saida do SC (Transferencia),2026-08-02T09:00:00.000Z,SC BNU,,,
LT77120223BR,Chegada a Base,2026-08-03T06:00:00.000Z,SJE-SC,,,
LT77120223BR,Triagem na Base,2026-08-03T09:00:00.000Z,SJE-SC,,,
LT77120224BR,Etiqueta Gerada,2026-07-29T03:00:00.000Z,,,,Pedido postado pelo embarcador.
LT77120224BR,Coleta Realizada,2026-07-29T23:00:00.000Z,,,,Coleta realizada.
LT77120224BR,Chegada ao SC,2026-07-31T05:00:00.000Z,PR SJS,,,
LT77120224BR,Triagem no SC,2026-07-31T07:00:00.000Z,PR SJS,,,
LT77120224BR,Saida do SC (Transferencia),2026-07-31T16:00:00.000Z,PR SJS,,,
LT77120224BR,Chegada a Base,2026-08-01T02:00:00.000Z,ARP-PR,,,
LT77120224BR,Triagem na Base,2026-08-01T05:00:00.000Z,ARP-PR,,,
LT77120224BR,Bipado para Rota,2026-08-01T06:30:00.000Z,ARP-PR,a0Fg8000006qKonEAE,,
LT77120224BR,Saiu para Entrega,2026-08-01T07:00:00.000Z,,a0Fg8000006qKonEAE,Cascavel,
LT77120224BR,Entregue,2026-08-01T12:00:00.000Z,,a0Fg8000006qKonEAE,Cascavel,Entregue ao destinatario.
LT77120225BR,Etiqueta Gerada,2026-08-25T21:00:00.000Z,,,,Pedido postado pelo embarcador.
LT77120225BR,Coleta Realizada,2026-08-26T14:00:00.000Z,,,,Coleta realizada.
LT77120225BR,Chegada ao SC,2026-08-26T20:00:00.000Z,RS NSR,,,
LT77120225BR,Triagem no SC,2026-08-26T22:00:00.000Z,RS NSR,,,
LT77120225BR,Saida do SC (Transferencia),2026-08-27T16:00:00.000Z,RS NSR,,,
LT77120225BR,Chegada a Base,2026-08-28T11:00:00.000Z,POA-RS,,,
LT77120225BR,Triagem na Base,2026-08-28T14:00:00.000Z,POA-RS,,,
LT77120225BR,Bipado para Rota,2026-08-28T15:30:00.000Z,POA-RS,a0Fg8000006qKp7EAE,,
LT77120225BR,Saiu para Entrega,2026-08-28T16:00:00.000Z,,a0Fg8000006qKp7EAE,Passo Fundo,
LT77120225BR,Entregue,2026-08-28T17:00:00.000Z,,a0Fg8000006qKp7EAE,Passo Fundo,Entregue ao destinatario.
LT77120226BR,Etiqueta Gerada,2026-07-29T23:00:00.000Z,,,,Pedido postado pelo embarcador.
LT77120226BR,Coleta Realizada,2026-07-30T09:00:00.000Z,,,,Coleta realizada.
LT77120226BR,Chegada ao SC,2026-07-31T11:00:00.000Z,PR SJS,,,
LT77120226BR,Triagem no SC,2026-07-31T13:00:00.000Z,PR SJS,,,
LT77120226BR,Saida do SC (Transferencia),2026-07-31T17:00:00.000Z,PR SJS,,,
LT77120226BR,Chegada a Base,2026-08-01T00:00:00.000Z,CIC-PR,,,
LT77120226BR,Triagem na Base,2026-08-01T03:00:00.000Z,CIC-PR,,,
LT77120226BR,Bipado para Rota,2026-08-01T09:30:00.000Z,CIC-PR,a0Fg8000006qKp8EAE,,
LT77120226BR,Saiu para Entrega,2026-08-01T10:00:00.000Z,,a0Fg8000006qKp8EAE,Ponta Grossa,
LT77120226BR,Entregue,2026-08-01T16:00:00.000Z,,a0Fg8000006qKp8EAE,Ponta Grossa,Entregue ao destinatario.
LT77120227BR,Etiqueta Gerada,2026-07-28T22:00:00.000Z,,,,Pedido postado pelo embarcador.
LT77120227BR,Coleta Realizada,2026-07-29T05:00:00.000Z,,,,Coleta realizada.
LT77120227BR,Chegada ao SC,2026-07-30T06:00:00.000Z,PR SJS,,,
LT77120227BR,Triagem no SC,2026-07-30T08:00:00.000Z,PR SJS,,,
LT77120227BR,Saida do SC (Transferencia),2026-07-31T02:00:00.000Z,PR SJS,,,
LT77120227BR,Chegada a Base,2026-07-31T09:00:00.000Z,CIC-PR,,,
LT77120228BR,Etiqueta Gerada,2026-07-28T01:00:00.000Z,,,,Pedido postado pelo embarcador.
LT77120228BR,Coleta Realizada,2026-07-29T05:00:00.000Z,,,,Coleta realizada.
LT77120228BR,Chegada ao SC,2026-07-30T21:00:00.000Z,RS NSR,,,
LT77120228BR,Triagem no SC,2026-07-30T23:00:00.000Z,RS NSR,,,
LT77120228BR,Saida do SC (Transferencia),2026-07-31T07:00:00.000Z,RS NSR,,,
LT77120228BR,Chegada a Base,2026-07-31T18:00:00.000Z,CXJ-RS,,,
LT77120228BR,Triagem na Base,2026-07-31T21:00:00.000Z,CXJ-RS,,,
LT77120228BR,Retido,2026-08-02T07:00:00.000Z,CXJ-RS,,,Passou do prazo de entrega sem sucesso.
LT77120229BR,Etiqueta Gerada,2026-07-28T11:00:00.000Z,,,,Pedido postado pelo embarcador.
LT77120229BR,Coleta Realizada,2026-07-28T19:00:00.000Z,,,,Coleta realizada.
LT77120229BR,Chegada ao SC,2026-07-29T18:00:00.000Z,PR SJS,,,
LT77120229BR,Triagem no SC,2026-07-29T20:00:00.000Z,PR SJS,,,
LT77120229BR,Saida do SC (Transferencia),2026-07-30T10:00:00.000Z,PR SJS,,,
LT77120230BR,Etiqueta Gerada,2026-07-30T01:00:00.000Z,,,,Pedido postado pelo embarcador.
LT77120230BR,Coleta Realizada,2026-07-30T23:00:00.000Z,,,,Coleta realizada.
LT77120230BR,Chegada ao SC,2026-08-01T04:00:00.000Z,RS NSR,,,
LT77120230BR,Triagem no SC,2026-08-01T06:00:00.000Z,RS NSR,,,
LT77120230BR,Saida do SC (Transferencia),2026-08-01T18:00:00.000Z,RS NSR,,,
LT77120230BR,Chegada a Base,2026-08-02T05:00:00.000Z,POA-RS,,,
LT77120230BR,Triagem na Base,2026-08-02T08:00:00.000Z,POA-RS,,,
LT77120230BR,Bipado para Rota,2026-08-02T10:30:00.000Z,POA-RS,a0Fg8000006qKp7EAE,,
LT77120230BR,Saiu para Entrega,2026-08-02T11:00:00.000Z,,a0Fg8000006qKp7EAE,Rio Grande,
LT77120230BR,Entregue,2026-08-02T19:00:00.000Z,,a0Fg8000006qKp7EAE,Rio Grande,Entregue ao destinatario.
LT77120231BR,Etiqueta Gerada,2026-08-18T02:00:00.000Z,,,,Pedido postado pelo embarcador.
LT77120231BR,Coleta Realizada,2026-08-18T19:00:00.000Z,,,,Coleta realizada.
LT77120231BR,Chegada ao SC,2026-08-20T09:00:00.000Z,PR SJS,,,
LT77120231BR,Triagem no SC,2026-08-20T11:00:00.000Z,PR SJS,,,
LT77120231BR,Saida do SC (Transferencia),2026-08-20T22:00:00.000Z,PR SJS,,,
LT77120231BR,Chegada a Base,2026-08-21T14:00:00.000Z,CLB-PR,,,
LT77120231BR,Triagem na Base,2026-08-21T17:00:00.000Z,CLB-PR,,,
LT77120231BR,Bipado para Rota,2026-08-21T20:30:00.000Z,CLB-PR,a0Fg8000006qKp1EAE,,
LT77120231BR,Saiu para Entrega,2026-08-21T21:00:00.000Z,,a0Fg8000006qKp1EAE,Cascavel,
LT77120231BR,Entregue,2026-08-22T02:00:00.000Z,,a0Fg8000006qKp1EAE,Cascavel,Entregue ao destinatario.
LT77120232BR,Etiqueta Gerada,2026-08-10T14:00:00.000Z,,,,Pedido postado pelo embarcador.
LT77120232BR,Coleta Realizada,2026-08-10T18:00:00.000Z,,,,Coleta realizada.
LT77120232BR,Chegada ao SC,2026-08-12T10:00:00.000Z,SC BNU,,,
LT77120232BR,Triagem no SC,2026-08-12T12:00:00.000Z,SC BNU,,,
LT77120232BR,Saida do SC (Transferencia),2026-08-12T14:00:00.000Z,SC BNU,,,
LT77120232BR,Chegada a Base,2026-08-13T09:00:00.000Z,SJE-SC,,,
LT77120232BR,Triagem na Base,2026-08-13T12:00:00.000Z,SJE-SC,,,
LT77120232BR,Retido,2026-08-14T19:00:00.000Z,SJE-SC,,,Passou do prazo de entrega sem sucesso.
LT77120233BR,Etiqueta Gerada,2026-08-31T08:00:00.000Z,,,,Pedido postado pelo embarcador.
LT77120233BR,Coleta Realizada,2026-09-01T14:00:00.000Z,,,,Coleta realizada.
LT77120233BR,Chegada ao SC,2026-09-02T21:00:00.000Z,SC BNU,,,
LT77120233BR,Triagem no SC,2026-09-02T23:00:00.000Z,SC BNU,,,
LT77120233BR,Saida do SC (Transferencia),2026-09-03T10:00:00.000Z,SC BNU,,,
LT77120233BR,Chegada a Base,2026-09-04T10:00:00.000Z,TUB-SC,,,
LT77120233BR,Triagem na Base,2026-09-04T13:00:00.000Z,TUB-SC,,,
LT77120233BR,Bipado para Rota,2026-09-04T17:30:00.000Z,TUB-SC,a0Fg8000006qKp3EAE,,
LT77120233BR,Saiu para Entrega,2026-09-04T18:00:00.000Z,,a0Fg8000006qKp3EAE,Sao Jose,
LT77120233BR,Entregue,2026-09-05T01:00:00.000Z,,a0Fg8000006qKp3EAE,Sao Jose,Entregue ao destinatario.
LT77120234BR,Etiqueta Gerada,2026-08-03T22:00:00.000Z,,,,Pedido postado pelo embarcador.
LT77120234BR,Coleta Realizada,2026-08-05T00:00:00.000Z,,,,Coleta realizada.
LT77120234BR,Chegada ao SC,2026-08-06T16:00:00.000Z,SC BNU,,,
LT77120234BR,Triagem no SC,2026-08-06T18:00:00.000Z,SC BNU,,,
LT77120234BR,Saida do SC (Transferencia),2026-08-07T08:00:00.000Z,SC BNU,,,
LT77120234BR,Chegada a Base,2026-08-08T07:00:00.000Z,F JOI-SC,,,
LT77120234BR,Triagem na Base,2026-08-08T10:00:00.000Z,F JOI-SC,,,
LT77120234BR,Bipado para Rota,2026-08-08T16:30:00.000Z,F JOI-SC,a0Fg8000006qKp4EAE,,
LT77120234BR,Saiu para Entrega,2026-08-08T17:00:00.000Z,,a0Fg8000006qKp4EAE,Tubarao,
LT77120234BR,Entregue,2026-08-08T18:00:00.000Z,,a0Fg8000006qKp4EAE,Tubarao,Entregue ao destinatario.
LT77120235BR,Etiqueta Gerada,2026-09-03T07:00:00.000Z,,,,Pedido postado pelo embarcador.
LT77120235BR,Coleta Realizada,2026-09-04T07:00:00.000Z,,,,Coleta realizada.
LT77120235BR,Chegada ao SC,2026-09-05T22:00:00.000Z,RS NSR,,,
LT77120235BR,Triagem no SC,2026-09-06T00:00:00.000Z,RS NSR,,,
LT77120235BR,Saida do SC (Transferencia),2026-09-06T12:00:00.000Z,RS NSR,,,
LT77120235BR,Chegada a Base,2026-09-07T08:00:00.000Z,CXJ-RS,,,
LT77120235BR,Triagem na Base,2026-09-07T11:00:00.000Z,CXJ-RS,,,
LT77120235BR,Bipado para Rota,2026-09-07T09:30:00.000Z,CXJ-RS,a0Fg8000006qKosEAE,,
LT77120235BR,Saiu para Entrega,2026-09-07T10:00:00.000Z,,a0Fg8000006qKosEAE,Pelotas,
LT77120235BR,Entregue,2026-09-07T12:00:00.000Z,,a0Fg8000006qKosEAE,Pelotas,Entregue ao destinatario.
LT77120236BR,Etiqueta Gerada,2026-07-31T15:00:00.000Z,,,,Pedido postado pelo embarcador.
LT77120236BR,Coleta Realizada,2026-07-31T21:00:00.000Z,,,,Coleta realizada.
LT77120236BR,Chegada ao SC,2026-08-02T04:00:00.000Z,PR SJS,,,
LT77120236BR,Triagem no SC,2026-08-02T06:00:00.000Z,PR SJS,,,
LT77120236BR,Saida do SC (Transferencia),2026-08-02T21:00:00.000Z,PR SJS,,,
LT77120236BR,Chegada a Base,2026-08-03T04:00:00.000Z,ARP-PR,,,
LT77120236BR,Triagem na Base,2026-08-03T07:00:00.000Z,ARP-PR,,,
LT77120236BR,Bipado para Rota,2026-08-03T09:30:00.000Z,ARP-PR,a0Fg8000006qKpJEAU,,
LT77120236BR,Saiu para Entrega,2026-08-03T10:00:00.000Z,,a0Fg8000006qKpJEAU,Colombo,
LT77120236BR,Entregue,2026-08-03T18:00:00.000Z,,a0Fg8000006qKpJEAU,Colombo,Entregue ao destinatario.
LT77120237BR,Etiqueta Gerada,2026-07-29T20:00:00.000Z,,,,Pedido postado pelo embarcador.
LT77120237BR,Coleta Realizada,2026-07-30T00:00:00.000Z,,,,Coleta realizada.
LT77120237BR,Chegada ao SC,2026-07-31T01:00:00.000Z,PR SJS,,,
LT77120237BR,Triagem no SC,2026-07-31T03:00:00.000Z,PR SJS,,,
LT77120237BR,Saida do SC (Transferencia),2026-07-31T16:00:00.000Z,PR SJS,,,
LT77120237BR,Chegada a Base,2026-08-01T14:00:00.000Z,CLB-PR,,,
LT77120237BR,Triagem na Base,2026-08-01T17:00:00.000Z,CLB-PR,,,
LT77120237BR,Bipado para Rota,2026-08-01T23:30:00.000Z,CLB-PR,a0Fg8000006qKp1EAE,,
LT77120237BR,Saiu para Entrega,2026-08-02T00:00:00.000Z,,a0Fg8000006qKp1EAE,Sao Jose dos Pinhais,
LT77120238BR,Etiqueta Gerada,2026-08-05T21:00:00.000Z,,,,Pedido postado pelo embarcador.
LT77120238BR,Coleta Realizada,2026-08-06T19:00:00.000Z,,,,Coleta realizada.
LT77120238BR,Chegada ao SC,2026-08-07T08:00:00.000Z,PR SJS,,,
LT77120238BR,Triagem no SC,2026-08-07T10:00:00.000Z,PR SJS,,,
LT77120238BR,Saida do SC (Transferencia),2026-08-07T18:00:00.000Z,PR SJS,,,
LT77120238BR,Chegada a Base,2026-08-08T16:00:00.000Z,CIC-PR,,,
LT77120238BR,Triagem na Base,2026-08-08T19:00:00.000Z,CIC-PR,,,
LT77120238BR,Bipado para Rota,2026-08-08T21:30:00.000Z,CIC-PR,a0Fg8000006qKp8EAE,,
LT77120238BR,Saiu para Entrega,2026-08-08T22:00:00.000Z,,a0Fg8000006qKp8EAE,Colombo,
LT77120238BR,Entregue,2026-08-09T07:00:00.000Z,,a0Fg8000006qKp8EAE,Colombo,Entregue ao destinatario.
LT77120239BR,Etiqueta Gerada,2026-08-12T13:00:00.000Z,,,,Pedido postado pelo embarcador.
LT77120239BR,Coleta Realizada,2026-08-13T07:00:00.000Z,,,,Coleta realizada.
LT77120239BR,Chegada ao SC,2026-08-14T09:00:00.000Z,PR SJS,,,
LT77120239BR,Triagem no SC,2026-08-14T11:00:00.000Z,PR SJS,,,
LT77120239BR,Saida do SC (Transferencia),2026-08-14T16:00:00.000Z,PR SJS,,,
LT77120239BR,Chegada a Base,2026-08-15T02:00:00.000Z,CIC-PR,,,
LT77120239BR,Triagem na Base,2026-08-15T05:00:00.000Z,CIC-PR,,,
LT77120239BR,Bipado para Rota,2026-08-15T12:30:00.000Z,CIC-PR,a0Fg8000006qKp8EAE,,
LT77120239BR,Saiu para Entrega,2026-08-15T13:00:00.000Z,,a0Fg8000006qKp8EAE,Colombo,
LT77120239BR,Entregue,2026-08-15T21:00:00.000Z,,a0Fg8000006qKp8EAE,Colombo,Entregue ao destinatario.
LT77120240BR,Etiqueta Gerada,2026-08-07T03:00:00.000Z,,,,Pedido postado pelo embarcador.
LT77120240BR,Coleta Realizada,2026-08-08T04:00:00.000Z,,,,Coleta realizada.
LT77120240BR,Chegada ao SC,2026-08-08T19:00:00.000Z,PR SJS,,,
LT77120240BR,Triagem no SC,2026-08-08T21:00:00.000Z,PR SJS,,,
LT77120240BR,Saida do SC (Transferencia),2026-08-08T23:00:00.000Z,PR SJS,,,
LT77120240BR,Chegada a Base,2026-08-09T09:00:00.000Z,CLB-PR,,,
LT77120240BR,Triagem na Base,2026-08-09T12:00:00.000Z,CLB-PR,,,
LT77120240BR,Bipado para Rota,2026-08-09T18:30:00.000Z,CLB-PR,a0Fg8000006qKp1EAE,,
LT77120240BR,Saiu para Entrega,2026-08-09T19:00:00.000Z,,a0Fg8000006qKp1EAE,Guarapuava,
LT77120240BR,Entregue,2026-08-10T00:00:00.000Z,,a0Fg8000006qKp1EAE,Guarapuava,Entregue ao destinatario.
LT77120241BR,Etiqueta Gerada,2026-07-27T23:00:00.000Z,,,,Pedido postado pelo embarcador.
LT77120241BR,Coleta Realizada,2026-07-29T03:00:00.000Z,,,,Coleta realizada.
LT77120241BR,Chegada ao SC,2026-07-30T19:00:00.000Z,PR SJS,,,
LT77120241BR,Triagem no SC,2026-07-30T21:00:00.000Z,PR SJS,,,
LT77120242BR,Etiqueta Gerada,2026-08-19T22:00:00.000Z,,,,Pedido postado pelo embarcador.
LT77120242BR,Coleta Realizada,2026-08-20T10:00:00.000Z,,,,Coleta realizada.
LT77120242BR,Chegada ao SC,2026-08-20T23:00:00.000Z,RS NSR,,,
LT77120242BR,Triagem no SC,2026-08-21T01:00:00.000Z,RS NSR,,,
LT77120242BR,Saida do SC (Transferencia),2026-08-21T15:00:00.000Z,RS NSR,,,
LT77120242BR,Chegada a Base,2026-08-21T22:00:00.000Z,CXJ-RS,,,
LT77120242BR,Triagem na Base,2026-08-22T01:00:00.000Z,CXJ-RS,,,
LT77120242BR,Bipado para Rota,2026-08-22T02:30:00.000Z,CXJ-RS,a0Fg8000006qKosEAE,,
LT77120242BR,Saiu para Entrega,2026-08-22T03:00:00.000Z,,a0Fg8000006qKosEAE,Sapucaia do Sul,
LT77120242BR,Entregue,2026-08-22T09:00:00.000Z,,a0Fg8000006qKosEAE,Sapucaia do Sul,Entregue ao destinatario.
LT77120243BR,Etiqueta Gerada,2026-08-02T15:00:00.000Z,,,,Pedido postado pelo embarcador.
LT77120243BR,Coleta Realizada,2026-08-03T08:00:00.000Z,,,,Coleta realizada.
LT77120243BR,Chegada ao SC,2026-08-04T21:00:00.000Z,PR SJS,,,
LT77120243BR,Triagem no SC,2026-08-04T23:00:00.000Z,PR SJS,,,
LT77120243BR,Saida do SC (Transferencia),2026-08-05T04:00:00.000Z,PR SJS,,,
LT77120243BR,Chegada a Base,2026-08-05T10:00:00.000Z,ARP-PR,,,
LT77120243BR,Triagem na Base,2026-08-05T13:00:00.000Z,ARP-PR,,,
LT77120243BR,Bipado para Rota,2026-08-05T17:30:00.000Z,ARP-PR,a0Fg8000006qKpJEAU,,
LT77120243BR,Saiu para Entrega,2026-08-05T18:00:00.000Z,,a0Fg8000006qKpJEAU,Maringa,
LT77120243BR,Entregue,2026-08-05T23:00:00.000Z,,a0Fg8000006qKpJEAU,Maringa,Entregue ao destinatario.
LT77120244BR,Etiqueta Gerada,2026-08-09T03:00:00.000Z,,,,Pedido postado pelo embarcador.
LT77120244BR,Coleta Realizada,2026-08-10T06:00:00.000Z,,,,Coleta realizada.
LT77120244BR,Chegada ao SC,2026-08-10T18:00:00.000Z,RS NSR,,,
LT77120244BR,Triagem no SC,2026-08-10T20:00:00.000Z,RS NSR,,,
LT77120244BR,Saida do SC (Transferencia),2026-08-11T09:00:00.000Z,RS NSR,,,
LT77120244BR,Chegada a Base,2026-08-11T19:00:00.000Z,CXJ-RS,,,
LT77120244BR,Triagem na Base,2026-08-11T22:00:00.000Z,CXJ-RS,,,
LT77120244BR,Bipado para Rota,2026-08-11T20:30:00.000Z,CXJ-RS,a0Fg8000006qKosEAE,,
LT77120244BR,Saiu para Entrega,2026-08-11T21:00:00.000Z,,a0Fg8000006qKosEAE,Porto Alegre,
LT77120244BR,Entregue,2026-08-12T07:00:00.000Z,,a0Fg8000006qKosEAE,Porto Alegre,Entregue ao destinatario.
LT77120245BR,Etiqueta Gerada,2026-08-16T16:00:00.000Z,,,,Pedido postado pelo embarcador.
LT77120245BR,Coleta Realizada,2026-08-16T23:00:00.000Z,,,,Coleta realizada.
LT77120245BR,Chegada ao SC,2026-08-18T09:00:00.000Z,RS NSR,,,
LT77120245BR,Triagem no SC,2026-08-18T11:00:00.000Z,RS NSR,,,
LT77120245BR,Saida do SC (Transferencia),2026-08-18T18:00:00.000Z,RS NSR,,,
LT77120245BR,Chegada a Base,2026-08-19T08:00:00.000Z,CXJ-RS,,,
LT77120245BR,Triagem na Base,2026-08-19T11:00:00.000Z,CXJ-RS,,,
LT77120245BR,Bipado para Rota,2026-08-19T12:30:00.000Z,CXJ-RS,a0Fg8000006qKosEAE,,
LT77120245BR,Saiu para Entrega,2026-08-19T13:00:00.000Z,,a0Fg8000006qKosEAE,Rio Grande,
LT77120246BR,Etiqueta Gerada,2026-08-16T08:00:00.000Z,,,,Pedido postado pelo embarcador.
LT77120246BR,Coleta Realizada,2026-08-17T13:00:00.000Z,,,,Coleta realizada.
LT77120246BR,Chegada ao SC,2026-08-18T12:00:00.000Z,RS NSR,,,
LT77120246BR,Triagem no SC,2026-08-18T14:00:00.000Z,RS NSR,,,
LT77120246BR,Saida do SC (Transferencia),2026-08-19T03:00:00.000Z,RS NSR,,,
LT77120246BR,Chegada a Base,2026-08-19T08:00:00.000Z,POA-RS,,,
LT77120246BR,Triagem na Base,2026-08-19T11:00:00.000Z,POA-RS,,,
LT77120246BR,Bipado para Rota,2026-08-19T17:30:00.000Z,POA-RS,a0Fg8000006qKp7EAE,,
LT77120246BR,Saiu para Entrega,2026-08-19T18:00:00.000Z,,a0Fg8000006qKp7EAE,Caxias do Sul,
LT77120246BR,Entregue,2026-08-20T03:00:00.000Z,,a0Fg8000006qKp7EAE,Caxias do Sul,Entregue ao destinatario.
LT77120247BR,Etiqueta Gerada,2026-08-03T16:00:00.000Z,,,,Pedido postado pelo embarcador.
LT77120247BR,Coleta Realizada,2026-08-04T06:00:00.000Z,,,,Coleta realizada.
LT77120247BR,Chegada ao SC,2026-08-05T21:00:00.000Z,PR SJS,,,
LT77120247BR,Triagem no SC,2026-08-05T23:00:00.000Z,PR SJS,,,
LT77120247BR,Saida do SC (Transferencia),2026-08-06T01:00:00.000Z,PR SJS,,,
LT77120247BR,Chegada a Base,2026-08-07T01:00:00.000Z,ARP-PR,,,
LT77120247BR,Triagem na Base,2026-08-07T04:00:00.000Z,ARP-PR,,,
LT77120247BR,Bipado para Rota,2026-08-07T05:30:00.000Z,ARP-PR,a0Fg8000006qKonEAE,,
LT77120247BR,Saiu para Entrega,2026-08-07T06:00:00.000Z,,a0Fg8000006qKonEAE,Paranagua,
LT77120247BR,Entregue,2026-08-07T15:00:00.000Z,,a0Fg8000006qKonEAE,Paranagua,Entregue ao destinatario.
LT77120248BR,Etiqueta Gerada,2026-08-29T02:00:00.000Z,,,,Pedido postado pelo embarcador.
LT77120248BR,Coleta Realizada,2026-08-29T11:00:00.000Z,,,,Coleta realizada.
LT77120248BR,Chegada ao SC,2026-08-30T21:00:00.000Z,RS NSR,,,
LT77120248BR,Triagem no SC,2026-08-30T23:00:00.000Z,RS NSR,,,
LT77120248BR,Saida do SC (Transferencia),2026-08-31T09:00:00.000Z,RS NSR,,,
LT77120248BR,Chegada a Base,2026-09-01T04:00:00.000Z,F CNS-RS,,,
LT77120249BR,Etiqueta Gerada,2026-08-06T10:00:00.000Z,,,,Pedido postado pelo embarcador.
LT77120249BR,Coleta Realizada,2026-08-07T10:00:00.000Z,,,,Coleta realizada.
LT77120249BR,Chegada ao SC,2026-08-08T13:00:00.000Z,SC BNU,,,
LT77120249BR,Triagem no SC,2026-08-08T15:00:00.000Z,SC BNU,,,
LT77120249BR,Saida do SC (Transferencia),2026-08-09T05:00:00.000Z,SC BNU,,,
LT77120249BR,Chegada a Base,2026-08-09T16:00:00.000Z,CCM-SC,,,
LT77120249BR,Triagem na Base,2026-08-09T19:00:00.000Z,CCM-SC,,,
LT77120249BR,Bipado para Rota,2026-08-09T22:30:00.000Z,CCM-SC,a0Fg8000006qKpIEAU,,
LT77120249BR,Saiu para Entrega,2026-08-09T23:00:00.000Z,,a0Fg8000006qKpIEAU,Balneario Camboriu,
LT77120249BR,Entregue,2026-08-10T01:00:00.000Z,,a0Fg8000006qKpIEAU,Balneario Camboriu,Entregue ao destinatario.
LT77120250BR,Etiqueta Gerada,2026-08-19T03:00:00.000Z,,,,Pedido postado pelo embarcador.
LT77120250BR,Coleta Realizada,2026-08-20T04:00:00.000Z,,,,Coleta realizada.
LT77120250BR,Chegada ao SC,2026-08-21T13:00:00.000Z,SC BNU,,,
LT77120250BR,Triagem no SC,2026-08-21T15:00:00.000Z,SC BNU,,,
LT77120250BR,Saida do SC (Transferencia),2026-08-21T19:00:00.000Z,SC BNU,,,
LT77120250BR,Chegada a Base,2026-08-22T02:00:00.000Z,SJE-SC,,,
LT77120250BR,Triagem na Base,2026-08-22T05:00:00.000Z,SJE-SC,,,
LT77120250BR,Retido,2026-08-23T11:00:00.000Z,SJE-SC,,,Passou do prazo de entrega sem sucesso.
LT77120251BR,Etiqueta Gerada,2026-08-16T13:00:00.000Z,,,,Pedido postado pelo embarcador.
LT77120251BR,Coleta Realizada,2026-08-17T12:00:00.000Z,,,,Coleta realizada.
LT77120251BR,Chegada ao SC,2026-08-17T19:00:00.000Z,SC BNU,,,
LT77120251BR,Triagem no SC,2026-08-17T21:00:00.000Z,SC BNU,,,
LT77120251BR,Saida do SC (Transferencia),2026-08-18T02:00:00.000Z,SC BNU,,,
LT77120251BR,Chegada a Base,2026-08-18T18:00:00.000Z,CCM-SC,,,
LT77120251BR,Triagem na Base,2026-08-18T21:00:00.000Z,CCM-SC,,,
LT77120251BR,Sem Movimentacao Detectada,2026-09-05T02:00:00.000Z,CCM-SC,,,Sem atualizacao ha mais de 6 horas.
LT77120252BR,Etiqueta Gerada,2026-08-07T21:00:00.000Z,,,,Pedido postado pelo embarcador.
LT77120252BR,Coleta Realizada,2026-08-09T02:00:00.000Z,,,,Coleta realizada.
LT77120252BR,Chegada ao SC,2026-08-09T10:00:00.000Z,SC BNU,,,
LT77120252BR,Triagem no SC,2026-08-09T12:00:00.000Z,SC BNU,,,
LT77120252BR,Saida do SC (Transferencia),2026-08-09T16:00:00.000Z,SC BNU,,,
LT77120252BR,Chegada a Base,2026-08-10T06:00:00.000Z,CCM-SC,,,
LT77120252BR,Triagem na Base,2026-08-10T09:00:00.000Z,CCM-SC,,,
LT77120252BR,Bipado para Rota,2026-08-10T07:30:00.000Z,CCM-SC,a0Fg8000006qKorEAE,,
LT77120252BR,Saiu para Entrega,2026-08-10T08:00:00.000Z,,a0Fg8000006qKorEAE,Itajai,
LT77120252BR,Entregue,2026-08-10T10:00:00.000Z,,a0Fg8000006qKorEAE,Itajai,Entregue ao destinatario.
LT77120253BR,Etiqueta Gerada,2026-07-28T19:00:00.000Z,,,,Pedido postado pelo embarcador.
LT77120253BR,Coleta Realizada,2026-07-29T05:00:00.000Z,,,,Coleta realizada.
LT77120253BR,Chegada ao SC,2026-07-30T00:00:00.000Z,PR SJS,,,
LT77120253BR,Triagem no SC,2026-07-30T02:00:00.000Z,PR SJS,,,
LT77120253BR,Saida do SC (Transferencia),2026-07-30T04:00:00.000Z,PR SJS,,,
LT77120253BR,Chegada a Base,2026-07-30T10:00:00.000Z,ARP-PR,,,
LT77120253BR,Triagem na Base,2026-07-30T13:00:00.000Z,ARP-PR,,,
LT77120253BR,Bipado para Rota,2026-07-30T14:30:00.000Z,ARP-PR,a0Fg8000006qKpJEAU,,
LT77120253BR,Saiu para Entrega,2026-07-30T15:00:00.000Z,,a0Fg8000006qKpJEAU,Paranagua,
LT77120253BR,Entregue,2026-07-30T21:00:00.000Z,,a0Fg8000006qKpJEAU,Paranagua,Entregue ao destinatario.
LT77120254BR,Etiqueta Gerada,2026-09-03T14:00:00.000Z,,,,Pedido postado pelo embarcador.
LT77120254BR,Coleta Realizada,2026-09-04T17:00:00.000Z,,,,Coleta realizada.
LT77120254BR,Chegada ao SC,2026-09-05T02:00:00.000Z,RS NSR,,,
LT77120254BR,Triagem no SC,2026-09-05T04:00:00.000Z,RS NSR,,,
LT77120254BR,Saida do SC (Transferencia),2026-09-05T20:00:00.000Z,RS NSR,,,
LT77120254BR,Chegada a Base,2026-09-06T13:00:00.000Z,F CNS-RS,,,
LT77120254BR,Triagem na Base,2026-09-06T16:00:00.000Z,F CNS-RS,,,
LT77120254BR,Bipado para Rota,2026-09-06T17:30:00.000Z,F CNS-RS,a0Fg8000006qKpKEAU,,
LT77120254BR,Saiu para Entrega,2026-09-06T18:00:00.000Z,,a0Fg8000006qKpKEAU,Porto Alegre,
LT77120254BR,Entregue,2026-09-06T20:00:00.000Z,,a0Fg8000006qKpKEAU,Porto Alegre,Entregue ao destinatario.
LT77120255BR,Etiqueta Gerada,2026-08-09T15:00:00.000Z,,,,Pedido postado pelo embarcador.
LT77120255BR,Coleta Realizada,2026-08-10T12:00:00.000Z,,,,Coleta realizada.
LT77120255BR,Chegada ao SC,2026-08-12T03:00:00.000Z,RS NSR,,,
LT77120255BR,Triagem no SC,2026-08-12T05:00:00.000Z,RS NSR,,,
LT77120255BR,Saida do SC (Transferencia),2026-08-12T23:00:00.000Z,RS NSR,,,
LT77120255BR,Chegada a Base,2026-08-13T13:00:00.000Z,POA-RS,,,
LT77120255BR,Triagem na Base,2026-08-13T16:00:00.000Z,POA-RS,,,
LT77120255BR,Bipado para Rota,2026-08-14T01:30:00.000Z,POA-RS,a0Fg8000006qKp7EAE,,
LT77120255BR,Saiu para Entrega,2026-08-14T02:00:00.000Z,,a0Fg8000006qKp7EAE,Sao Leopoldo,
LT77120255BR,Entregue,2026-08-14T04:00:00.000Z,,a0Fg8000006qKp7EAE,Sao Leopoldo,Entregue ao destinatario.
LT77120256BR,Etiqueta Gerada,2026-09-05T09:00:00.000Z,,,,Pedido postado pelo embarcador.
LT77120256BR,Coleta Realizada,2026-09-05T16:00:00.000Z,,,,Coleta realizada.
LT77120256BR,Chegada ao SC,2026-09-06T09:00:00.000Z,PR SJS,,,
LT77120256BR,Triagem no SC,2026-09-06T11:00:00.000Z,PR SJS,,,
LT77120256BR,Saida do SC (Transferencia),2026-09-06T16:00:00.000Z,PR SJS,,,
LT77120256BR,Chegada a Base,2026-09-07T03:00:00.000Z,F LOD-PR,,,
LT77120256BR,Triagem na Base,2026-09-07T06:00:00.000Z,F LOD-PR,,,
LT77120256BR,Sem Movimentacao Detectada,2026-09-05T13:00:00.000Z,F LOD-PR,,,Sem atualizacao ha mais de 6 horas.
LT77120257BR,Etiqueta Gerada,2026-08-18T18:00:00.000Z,,,,Pedido postado pelo embarcador.
LT77120257BR,Coleta Realizada,2026-08-19T09:00:00.000Z,,,,Coleta realizada.
LT77120258BR,Etiqueta Gerada,2026-08-31T02:00:00.000Z,,,,Pedido postado pelo embarcador.
LT77120258BR,Coleta Realizada,2026-09-01T07:00:00.000Z,,,,Coleta realizada.
LT77120258BR,Chegada ao SC,2026-09-02T10:00:00.000Z,PR SJS,,,
LT77120258BR,Triagem no SC,2026-09-02T12:00:00.000Z,PR SJS,,,
LT77120258BR,Saida do SC (Transferencia),2026-09-02T14:00:00.000Z,PR SJS,,,
LT77120258BR,Chegada a Base,2026-09-03T11:00:00.000Z,F LOD-PR,,,
LT77120258BR,Triagem na Base,2026-09-03T14:00:00.000Z,F LOD-PR,,,
LT77120258BR,Bipado para Rota,2026-09-03T12:30:00.000Z,F LOD-PR,a0Fg8000006qKotEAE,,
LT77120258BR,Saiu para Entrega,2026-09-03T13:00:00.000Z,,a0Fg8000006qKotEAE,Curitiba,
LT77120258BR,Entregue,2026-09-03T20:00:00.000Z,,a0Fg8000006qKotEAE,Curitiba,Entregue ao destinatario.
LT77120259BR,Etiqueta Gerada,2026-08-25T09:00:00.000Z,,,,Pedido postado pelo embarcador.
LT77120259BR,Coleta Realizada,2026-08-25T14:00:00.000Z,,,,Coleta realizada.
LT77120259BR,Chegada ao SC,2026-08-25T22:00:00.000Z,RS NSR,,,
LT77120259BR,Triagem no SC,2026-08-26T00:00:00.000Z,RS NSR,,,
LT77120259BR,Saida do SC (Transferencia),2026-08-26T17:00:00.000Z,RS NSR,,,
LT77120259BR,Chegada a Base,2026-08-27T00:00:00.000Z,F CNS-RS,,,
LT77120259BR,Triagem na Base,2026-08-27T03:00:00.000Z,F CNS-RS,,,
LT77120259BR,Bipado para Rota,2026-08-27T11:30:00.000Z,F CNS-RS,a0Fg8000006qKpKEAU,,
LT77120259BR,Saiu para Entrega,2026-08-27T12:00:00.000Z,,a0Fg8000006qKpKEAU,Passo Fundo,
LT77120259BR,Entregue,2026-08-27T14:00:00.000Z,,a0Fg8000006qKpKEAU,Passo Fundo,Entregue ao destinatario.
LT77120260BR,Etiqueta Gerada,2026-08-30T23:00:00.000Z,,,,Pedido postado pelo embarcador.
LT77120260BR,Coleta Realizada,2026-09-01T00:00:00.000Z,,,,Coleta realizada.
LT77120260BR,Chegada ao SC,2026-09-02T01:00:00.000Z,SC BNU,,,
LT77120260BR,Triagem no SC,2026-09-02T03:00:00.000Z,SC BNU,,,
LT77120260BR,Saida do SC (Transferencia),2026-09-02T17:00:00.000Z,SC BNU,,,
LT77120260BR,Chegada a Base,2026-09-03T09:00:00.000Z,CCM-SC,,,
LT77120260BR,Triagem na Base,2026-09-03T12:00:00.000Z,CCM-SC,,,
LT77120260BR,Bipado para Rota,2026-09-03T17:30:00.000Z,CCM-SC,a0Fg8000006qKorEAE,,
LT77120260BR,Saiu para Entrega,2026-09-03T18:00:00.000Z,,a0Fg8000006qKorEAE,Jaragua do Sul,
LT77120260BR,Entregue,2026-09-03T19:00:00.000Z,,a0Fg8000006qKorEAE,Jaragua do Sul,Entregue ao destinatario.
LT77120261BR,Etiqueta Gerada,2026-08-12T12:00:00.000Z,,,,Pedido postado pelo embarcador.
LT77120261BR,Coleta Realizada,2026-08-13T14:00:00.000Z,,,,Coleta realizada.
LT77120261BR,Chegada ao SC,2026-08-13T23:00:00.000Z,RS NSR,,,
LT77120261BR,Triagem no SC,2026-08-14T01:00:00.000Z,RS NSR,,,
LT77120261BR,Saida do SC (Transferencia),2026-08-14T09:00:00.000Z,RS NSR,,,
LT77120261BR,Chegada a Base,2026-08-14T20:00:00.000Z,POA-RS,,,
LT77120261BR,Triagem na Base,2026-08-14T23:00:00.000Z,POA-RS,,,
LT77120261BR,Bipado para Rota,2026-08-15T06:30:00.000Z,POA-RS,a0Fg8000006qKp7EAE,,
LT77120261BR,Saiu para Entrega,2026-08-15T07:00:00.000Z,,a0Fg8000006qKp7EAE,Novo Hamburgo,
LT77120261BR,Entregue,2026-08-15T17:00:00.000Z,,a0Fg8000006qKp7EAE,Novo Hamburgo,Entregue ao destinatario.
LT77120262BR,Etiqueta Gerada,2026-08-25T08:00:00.000Z,,,,Pedido postado pelo embarcador.
LT77120262BR,Coleta Realizada,2026-08-25T18:00:00.000Z,,,,Coleta realizada.
LT77120262BR,Chegada ao SC,2026-08-26T03:00:00.000Z,SC BNU,,,
LT77120262BR,Triagem no SC,2026-08-26T05:00:00.000Z,SC BNU,,,
LT77120262BR,Saida do SC (Transferencia),2026-08-26T21:00:00.000Z,SC BNU,,,
LT77120262BR,Chegada a Base,2026-08-27T03:00:00.000Z,CCM-SC,,,
LT77120262BR,Triagem na Base,2026-08-27T06:00:00.000Z,CCM-SC,,,
LT77120262BR,Bipado para Rota,2026-08-27T06:30:00.000Z,CCM-SC,a0Fg8000006qKpIEAU,,
LT77120262BR,Saiu para Entrega,2026-08-27T07:00:00.000Z,,a0Fg8000006qKpIEAU,Florianopolis,
LT77120262BR,Entregue,2026-08-27T08:00:00.000Z,,a0Fg8000006qKpIEAU,Florianopolis,Entregue ao destinatario.
LT77120263BR,Etiqueta Gerada,2026-08-08T12:00:00.000Z,,,,Pedido postado pelo embarcador.
LT77120263BR,Coleta Realizada,2026-08-08T18:00:00.000Z,,,,Coleta realizada.
LT77120263BR,Chegada ao SC,2026-08-09T12:00:00.000Z,SC BNU,,,
LT77120263BR,Triagem no SC,2026-08-09T14:00:00.000Z,SC BNU,,,
LT77120263BR,Saida do SC (Transferencia),2026-08-10T06:00:00.000Z,SC BNU,,,
LT77120263BR,Chegada a Base,2026-08-10T14:00:00.000Z,CCM-SC,,,
LT77120263BR,Triagem na Base,2026-08-10T17:00:00.000Z,CCM-SC,,,
LT77120263BR,Bipado para Rota,2026-08-10T19:30:00.000Z,CCM-SC,a0Fg8000006qKpIEAU,,
LT77120263BR,Saiu para Entrega,2026-08-10T20:00:00.000Z,,a0Fg8000006qKpIEAU,Lages,
LT77120263BR,Entregue,2026-08-11T00:00:00.000Z,,a0Fg8000006qKpIEAU,Lages,Entregue ao destinatario.
LT77120264BR,Etiqueta Gerada,2026-08-02T23:00:00.000Z,,,,Pedido postado pelo embarcador.
LT77120264BR,Coleta Realizada,2026-08-03T12:00:00.000Z,,,,Coleta realizada.
LT77120264BR,Chegada ao SC,2026-08-03T20:00:00.000Z,RS NSR,,,
LT77120264BR,Triagem no SC,2026-08-03T22:00:00.000Z,RS NSR,,,
LT77120264BR,Saida do SC (Transferencia),2026-08-04T13:00:00.000Z,RS NSR,,,
LT77120264BR,Chegada a Base,2026-08-05T04:00:00.000Z,POA-RS,,,
LT77120264BR,Triagem na Base,2026-08-05T07:00:00.000Z,POA-RS,,,
LT77120264BR,Bipado para Rota,2026-08-05T16:30:00.000Z,POA-RS,a0Fg8000006qKp7EAE,,
LT77120264BR,Saiu para Entrega,2026-08-05T17:00:00.000Z,,a0Fg8000006qKp7EAE,Canoas,
LT77120264BR,Entregue,2026-08-06T00:00:00.000Z,,a0Fg8000006qKp7EAE,Canoas,Entregue ao destinatario.
LT77120265BR,Etiqueta Gerada,2026-08-10T19:00:00.000Z,,,,Pedido postado pelo embarcador.
LT77120265BR,Coleta Realizada,2026-08-12T01:00:00.000Z,,,,Coleta realizada.
LT77120265BR,Chegada ao SC,2026-08-12T15:00:00.000Z,SC BNU,,,
LT77120265BR,Triagem no SC,2026-08-12T17:00:00.000Z,SC BNU,,,
LT77120265BR,Saida do SC (Transferencia),2026-08-13T08:00:00.000Z,SC BNU,,,
LT77120265BR,Chegada a Base,2026-08-13T22:00:00.000Z,CCM-SC,,,
LT77120265BR,Triagem na Base,2026-08-14T01:00:00.000Z,CCM-SC,,,
LT77120265BR,Bipado para Rota,2026-08-14T05:30:00.000Z,CCM-SC,a0Fg8000006qKorEAE,,
LT77120265BR,Saiu para Entrega,2026-08-14T06:00:00.000Z,,a0Fg8000006qKorEAE,Joinville,
LT77120265BR,Entregue,2026-08-14T07:00:00.000Z,,a0Fg8000006qKorEAE,Joinville,Entregue ao destinatario.
LT77120266BR,Etiqueta Gerada,2026-07-29T17:00:00.000Z,,,,Pedido postado pelo embarcador.
LT77120266BR,Coleta Realizada,2026-07-30T18:00:00.000Z,,,,Coleta realizada.
LT77120266BR,Chegada ao SC,2026-08-01T04:00:00.000Z,PR SJS,,,
LT77120266BR,Triagem no SC,2026-08-01T06:00:00.000Z,PR SJS,,,
LT77120266BR,Saida do SC (Transferencia),2026-08-02T00:00:00.000Z,PR SJS,,,
LT77120266BR,Chegada a Base,2026-08-02T20:00:00.000Z,ARP-PR,,,
LT77120266BR,Triagem na Base,2026-08-02T23:00:00.000Z,ARP-PR,,,
LT77120266BR,Bipado para Rota,2026-08-02T23:30:00.000Z,ARP-PR,a0Fg8000006qKpJEAU,,
LT77120266BR,Saiu para Entrega,2026-08-03T00:00:00.000Z,,a0Fg8000006qKpJEAU,Maringa,
LT77120266BR,Destinatario Ausente,2026-08-03T08:00:00.000Z,,a0Fg8000006qKpJEAU,,Sem sucesso na entrega. Nova tentativa agendada.
LT77120267BR,Etiqueta Gerada,2026-07-29T07:00:00.000Z,,,,Pedido postado pelo embarcador.
LT77120267BR,Coleta Realizada,2026-07-30T11:00:00.000Z,,,,Coleta realizada.
LT77120267BR,Chegada ao SC,2026-07-31T13:00:00.000Z,RS NSR,,,
LT77120267BR,Triagem no SC,2026-07-31T15:00:00.000Z,RS NSR,,,
LT77120267BR,Saida do SC (Transferencia),2026-07-31T19:00:00.000Z,RS NSR,,,
LT77120268BR,Etiqueta Gerada,2026-08-02T23:00:00.000Z,,,,Pedido postado pelo embarcador.
LT77120268BR,Coleta Realizada,2026-08-03T14:00:00.000Z,,,,Coleta realizada.
LT77120268BR,Chegada ao SC,2026-08-04T02:00:00.000Z,SC BNU,,,
LT77120268BR,Triagem no SC,2026-08-04T04:00:00.000Z,SC BNU,,,
LT77120268BR,Saida do SC (Transferencia),2026-08-04T20:00:00.000Z,SC BNU,,,
LT77120268BR,Chegada a Base,2026-08-05T10:00:00.000Z,CCM-SC,,,
LT77120268BR,Triagem na Base,2026-08-05T13:00:00.000Z,CCM-SC,,,
LT77120268BR,Bipado para Rota,2026-08-05T14:30:00.000Z,CCM-SC,a0Fg8000006qKpIEAU,,
LT77120268BR,Saiu para Entrega,2026-08-05T15:00:00.000Z,,a0Fg8000006qKpIEAU,Lages,
LT77120268BR,Entregue,2026-08-05T19:00:00.000Z,,a0Fg8000006qKpIEAU,Lages,Entregue ao destinatario.
LT77120269BR,Etiqueta Gerada,2026-08-14T17:00:00.000Z,,,,Pedido postado pelo embarcador.
LT77120269BR,Coleta Realizada,2026-08-15T14:00:00.000Z,,,,Coleta realizada.
LT77120269BR,Chegada ao SC,2026-08-16T08:00:00.000Z,PR SJS,,,
LT77120269BR,Triagem no SC,2026-08-16T10:00:00.000Z,PR SJS,,,
LT77120269BR,Saida do SC (Transferencia),2026-08-16T18:00:00.000Z,PR SJS,,,
LT77120269BR,Chegada a Base,2026-08-17T02:00:00.000Z,CIC-PR,,,
LT77120269BR,Triagem na Base,2026-08-17T05:00:00.000Z,CIC-PR,,,
LT77120269BR,Bipado para Rota,2026-08-17T10:30:00.000Z,CIC-PR,a0Fg8000006qKp8EAE,,
LT77120269BR,Saiu para Entrega,2026-08-17T11:00:00.000Z,,a0Fg8000006qKp8EAE,Londrina,
LT77120269BR,Entregue,2026-08-17T21:00:00.000Z,,a0Fg8000006qKp8EAE,Londrina,Entregue ao destinatario.
LT77120270BR,Etiqueta Gerada,2026-08-05T06:00:00.000Z,,,,Pedido postado pelo embarcador.
LT77120270BR,Coleta Realizada,2026-08-06T01:00:00.000Z,,,,Coleta realizada.
LT77120270BR,Chegada ao SC,2026-08-06T19:00:00.000Z,SC BNU,,,
LT77120270BR,Triagem no SC,2026-08-06T21:00:00.000Z,SC BNU,,,
LT77120270BR,Saida do SC (Transferencia),2026-08-07T12:00:00.000Z,SC BNU,,,
LT77120270BR,Chegada a Base,2026-08-08T05:00:00.000Z,TUB-SC,,,
LT77120271BR,Etiqueta Gerada,2026-07-28T15:00:00.000Z,,,,Pedido postado pelo embarcador.
LT77120271BR,Coleta Realizada,2026-07-29T14:00:00.000Z,,,,Coleta realizada.
LT77120271BR,Chegada ao SC,2026-07-31T00:00:00.000Z,RS NSR,,,
LT77120271BR,Triagem no SC,2026-07-31T02:00:00.000Z,RS NSR,,,
LT77120271BR,Saida do SC (Transferencia),2026-07-31T04:00:00.000Z,RS NSR,,,
LT77120271BR,Chegada a Base,2026-07-31T21:00:00.000Z,CXJ-RS,,,
LT77120271BR,Triagem na Base,2026-08-01T00:00:00.000Z,CXJ-RS,,,
LT77120272BR,Etiqueta Gerada,2026-08-20T12:00:00.000Z,,,,Pedido postado pelo embarcador.
LT77120272BR,Coleta Realizada,2026-08-21T09:00:00.000Z,,,,Coleta realizada.
LT77120273BR,Etiqueta Gerada,2026-09-04T10:00:00.000Z,,,,Pedido postado pelo embarcador.
LT77120273BR,Coleta Realizada,2026-09-05T10:00:00.000Z,,,,Coleta realizada.
LT77120273BR,Chegada ao SC,2026-09-07T00:00:00.000Z,PR SJS,,,
LT77120273BR,Triagem no SC,2026-09-07T02:00:00.000Z,PR SJS,,,
LT77120273BR,Saida do SC (Transferencia),2026-09-07T07:00:00.000Z,PR SJS,,,
LT77120273BR,Chegada a Base,2026-09-07T19:00:00.000Z,F LOD-PR,,,
LT77120273BR,Triagem na Base,2026-09-07T22:00:00.000Z,F LOD-PR,,,
LT77120273BR,Bipado para Rota,2026-09-08T02:30:00.000Z,F LOD-PR,a0Fg8000006qKotEAE,,
LT77120273BR,Saiu para Entrega,2026-09-08T03:00:00.000Z,,a0Fg8000006qKotEAE,Toledo,
LT77120273BR,Endereco Nao Localizado,2026-09-08T07:00:00.000Z,,a0Fg8000006qKotEAE,,Sem sucesso na entrega. Nova tentativa agendada.
LT77120274BR,Etiqueta Gerada,2026-08-31T05:00:00.000Z,,,,Pedido postado pelo embarcador.
LT77120274BR,Coleta Realizada,2026-08-31T21:00:00.000Z,,,,Coleta realizada.
LT77120274BR,Chegada ao SC,2026-09-02T03:00:00.000Z,RS NSR,,,
LT77120274BR,Triagem no SC,2026-09-02T05:00:00.000Z,RS NSR,,,
LT77120274BR,Saida do SC (Transferencia),2026-09-02T14:00:00.000Z,RS NSR,,,
LT77120274BR,Chegada a Base,2026-09-02T20:00:00.000Z,CXJ-RS,,,
LT77120274BR,Triagem na Base,2026-09-02T23:00:00.000Z,CXJ-RS,,,
LT77120274BR,Bipado para Rota,2026-09-02T22:30:00.000Z,CXJ-RS,a0Fg8000006qKosEAE,,
LT77120274BR,Saiu para Entrega,2026-09-02T23:00:00.000Z,,a0Fg8000006qKosEAE,Santa Maria,
LT77120275BR,Etiqueta Gerada,2026-08-13T07:00:00.000Z,,,,Pedido postado pelo embarcador.
LT77120275BR,Coleta Realizada,2026-08-14T02:00:00.000Z,,,,Coleta realizada.
LT77120275BR,Chegada ao SC,2026-08-15T08:00:00.000Z,RS NSR,,,
LT77120275BR,Triagem no SC,2026-08-15T10:00:00.000Z,RS NSR,,,
LT77120275BR,Saida do SC (Transferencia),2026-08-15T19:00:00.000Z,RS NSR,,,
LT77120275BR,Chegada a Base,2026-08-16T16:00:00.000Z,POA-RS,,,
LT77120275BR,Triagem na Base,2026-08-16T19:00:00.000Z,POA-RS,,,
LT77120275BR,Retido,2026-08-18T11:00:00.000Z,POA-RS,,,Passou do prazo de entrega sem sucesso.
LT77120276BR,Etiqueta Gerada,2026-08-19T07:00:00.000Z,,,,Pedido postado pelo embarcador.
LT77120276BR,Coleta Realizada,2026-08-19T17:00:00.000Z,,,,Coleta realizada.
LT77120276BR,Chegada ao SC,2026-08-20T08:00:00.000Z,PR SJS,,,
LT77120276BR,Triagem no SC,2026-08-20T10:00:00.000Z,PR SJS,,,
LT77120276BR,Saida do SC (Transferencia),2026-08-20T16:00:00.000Z,PR SJS,,,
LT77120276BR,Chegada a Base,2026-08-21T12:00:00.000Z,F LOD-PR,,,
LT77120276BR,Triagem na Base,2026-08-21T15:00:00.000Z,F LOD-PR,,,
LT77120276BR,Bipado para Rota,2026-08-22T01:30:00.000Z,F LOD-PR,a0Fg8000006qKotEAE,,
LT77120276BR,Saiu para Entrega,2026-08-22T02:00:00.000Z,,a0Fg8000006qKotEAE,Curitiba,
LT77120276BR,Entregue,2026-08-22T04:00:00.000Z,,a0Fg8000006qKotEAE,Curitiba,Entregue ao destinatario.
LT77120277BR,Etiqueta Gerada,2026-08-19T04:00:00.000Z,,,,Pedido postado pelo embarcador.
LT77120277BR,Coleta Realizada,2026-08-19T13:00:00.000Z,,,,Coleta realizada.
LT77120277BR,Chegada ao SC,2026-08-19T19:00:00.000Z,PR SJS,,,
LT77120277BR,Triagem no SC,2026-08-19T21:00:00.000Z,PR SJS,,,
LT77120277BR,Saida do SC (Transferencia),2026-08-20T14:00:00.000Z,PR SJS,,,
LT77120277BR,Chegada a Base,2026-08-21T08:00:00.000Z,ARP-PR,,,
LT77120277BR,Triagem na Base,2026-08-21T11:00:00.000Z,ARP-PR,,,
LT77120277BR,Bipado para Rota,2026-08-21T18:30:00.000Z,ARP-PR,a0Fg8000006qKooEAE,,
LT77120277BR,Saiu para Entrega,2026-08-21T19:00:00.000Z,,a0Fg8000006qKooEAE,Sao Jose dos Pinhais,
LT77120277BR,Entregue,2026-08-21T21:00:00.000Z,,a0Fg8000006qKooEAE,Sao Jose dos Pinhais,Entregue ao destinatario.
LT77120278BR,Etiqueta Gerada,2026-07-29T21:00:00.000Z,,,,Pedido postado pelo embarcador.
LT77120278BR,Coleta Realizada,2026-07-30T18:00:00.000Z,,,,Coleta realizada.
LT77120278BR,Chegada ao SC,2026-07-31T02:00:00.000Z,RS NSR,,,
LT77120278BR,Triagem no SC,2026-07-31T04:00:00.000Z,RS NSR,,,
LT77120278BR,Saida do SC (Transferencia),2026-07-31T08:00:00.000Z,RS NSR,,,
LT77120278BR,Chegada a Base,2026-08-01T00:00:00.000Z,POA-RS,,,
LT77120278BR,Triagem na Base,2026-08-01T03:00:00.000Z,POA-RS,,,
LT77120278BR,Sem Movimentacao Detectada,2026-09-04T20:00:00.000Z,POA-RS,,,Sem atualizacao ha mais de 6 horas.
LT77120279BR,Etiqueta Gerada,2026-08-29T07:00:00.000Z,,,,Pedido postado pelo embarcador.
LT77120279BR,Coleta Realizada,2026-08-30T07:00:00.000Z,,,,Coleta realizada.
LT77120279BR,Chegada ao SC,2026-08-30T14:00:00.000Z,PR SJS,,,
LT77120279BR,Triagem no SC,2026-08-30T16:00:00.000Z,PR SJS,,,
LT77120279BR,Saida do SC (Transferencia),2026-08-30T22:00:00.000Z,PR SJS,,,
LT77120279BR,Chegada a Base,2026-08-31T09:00:00.000Z,ARP-PR,,,
LT77120279BR,Triagem na Base,2026-08-31T12:00:00.000Z,ARP-PR,,,
LT77120279BR,Bipado para Rota,2026-08-31T16:30:00.000Z,ARP-PR,a0Fg8000006qKooEAE,,
LT77120279BR,Saiu para Entrega,2026-08-31T17:00:00.000Z,,a0Fg8000006qKooEAE,Colombo,
LT77120279BR,Recusado pelo Destinatario,2026-08-31T22:00:00.000Z,,a0Fg8000006qKooEAE,,
LT77120279BR,Devolucao Iniciada,2026-09-01T22:00:00.000Z,ARP-PR,,,
LT77120280BR,Etiqueta Gerada,2026-08-04T06:00:00.000Z,,,,Pedido postado pelo embarcador.
LT77120280BR,Coleta Realizada,2026-08-04T19:00:00.000Z,,,,Coleta realizada.
LT77120280BR,Chegada ao SC,2026-08-06T04:00:00.000Z,PR SJS,,,
LT77120280BR,Triagem no SC,2026-08-06T06:00:00.000Z,PR SJS,,,
LT77120281BR,Etiqueta Gerada,2026-07-27T20:00:00.000Z,,,,Pedido postado pelo embarcador.
LT77120281BR,Coleta Realizada,2026-07-28T06:00:00.000Z,,,,Coleta realizada.
LT77120281BR,Chegada ao SC,2026-07-28T17:00:00.000Z,SC BNU,,,
LT77120281BR,Triagem no SC,2026-07-28T19:00:00.000Z,SC BNU,,,
LT77120281BR,Saida do SC (Transferencia),2026-07-29T09:00:00.000Z,SC BNU,,,
LT77120281BR,Chegada a Base,2026-07-30T07:00:00.000Z,CCM-SC,,,
LT77120281BR,Triagem na Base,2026-07-30T10:00:00.000Z,CCM-SC,,,
LT77120281BR,Bipado para Rota,2026-07-30T09:30:00.000Z,CCM-SC,a0Fg8000006qKorEAE,,
LT77120281BR,Saiu para Entrega,2026-07-30T10:00:00.000Z,,a0Fg8000006qKorEAE,Itajai,
LT77120281BR,Entregue,2026-07-30T18:00:00.000Z,,a0Fg8000006qKorEAE,Itajai,Entregue ao destinatario.
LT77120282BR,Etiqueta Gerada,2026-08-01T23:00:00.000Z,,,,Pedido postado pelo embarcador.
LT77120282BR,Coleta Realizada,2026-08-02T11:00:00.000Z,,,,Coleta realizada.
LT77120282BR,Chegada ao SC,2026-08-02T19:00:00.000Z,RS NSR,,,
LT77120282BR,Triagem no SC,2026-08-02T21:00:00.000Z,RS NSR,,,
LT77120282BR,Saida do SC (Transferencia),2026-08-03T13:00:00.000Z,RS NSR,,,
LT77120282BR,Chegada a Base,2026-08-04T03:00:00.000Z,F CNS-RS,,,
LT77120282BR,Triagem na Base,2026-08-04T06:00:00.000Z,F CNS-RS,,,
LT77120282BR,Bipado para Rota,2026-08-04T08:30:00.000Z,F CNS-RS,a0Fg8000006qKpKEAU,,
LT77120282BR,Saiu para Entrega,2026-08-04T09:00:00.000Z,,a0Fg8000006qKpKEAU,Novo Hamburgo,
LT77120282BR,Entregue,2026-08-04T12:00:00.000Z,,a0Fg8000006qKpKEAU,Novo Hamburgo,Entregue ao destinatario.
LT77120283BR,Etiqueta Gerada,2026-09-01T19:00:00.000Z,,,,Pedido postado pelo embarcador.
LT77120283BR,Coleta Realizada,2026-09-02T20:00:00.000Z,,,,Coleta realizada.
LT77120283BR,Chegada ao SC,2026-09-03T23:00:00.000Z,RS NSR,,,
LT77120283BR,Triagem no SC,2026-09-04T01:00:00.000Z,RS NSR,,,
LT77120283BR,Saida do SC (Transferencia),2026-09-04T09:00:00.000Z,RS NSR,,,
LT77120283BR,Chegada a Base,2026-09-05T03:00:00.000Z,CXJ-RS,,,
LT77120283BR,Triagem na Base,2026-09-05T06:00:00.000Z,CXJ-RS,,,
LT77120283BR,Bipado para Rota,2026-09-05T10:30:00.000Z,CXJ-RS,a0Fg8000006qKosEAE,,
LT77120283BR,Saiu para Entrega,2026-09-05T11:00:00.000Z,,a0Fg8000006qKosEAE,Pelotas,
LT77120283BR,Entregue,2026-09-05T20:00:00.000Z,,a0Fg8000006qKosEAE,Pelotas,Entregue ao destinatario.
LT77120284BR,Etiqueta Gerada,2026-08-19T02:00:00.000Z,,,,Pedido postado pelo embarcador.
LT77120284BR,Coleta Realizada,2026-08-19T21:00:00.000Z,,,,Coleta realizada.
LT77120285BR,Etiqueta Gerada,2026-08-20T15:00:00.000Z,,,,Pedido postado pelo embarcador.
LT77120285BR,Coleta Realizada,2026-08-21T19:00:00.000Z,,,,Coleta realizada.
LT77120285BR,Chegada ao SC,2026-08-22T16:00:00.000Z,PR SJS,,,
LT77120285BR,Triagem no SC,2026-08-22T18:00:00.000Z,PR SJS,,,
LT77120285BR,Saida do SC (Transferencia),2026-08-23T12:00:00.000Z,PR SJS,,,
LT77120285BR,Chegada a Base,2026-08-24T06:00:00.000Z,ALM-PR,,,
LT77120285BR,Triagem na Base,2026-08-24T09:00:00.000Z,ALM-PR,,,
LT77120286BR,Etiqueta Gerada,2026-08-10T06:00:00.000Z,,,,Pedido postado pelo embarcador.
LT77120286BR,Coleta Realizada,2026-08-11T08:00:00.000Z,,,,Coleta realizada.
LT77120286BR,Chegada ao SC,2026-08-11T17:00:00.000Z,RS NSR,,,
LT77120286BR,Triagem no SC,2026-08-11T19:00:00.000Z,RS NSR,,,
LT77120286BR,Saida do SC (Transferencia),2026-08-12T04:00:00.000Z,RS NSR,,,
LT77120286BR,Chegada a Base,2026-08-13T00:00:00.000Z,POA-RS,,,
LT77120286BR,Triagem na Base,2026-08-13T03:00:00.000Z,POA-RS,,,
LT77120286BR,Bipado para Rota,2026-08-13T03:30:00.000Z,POA-RS,a0Fg8000006qKp7EAE,,
LT77120286BR,Saiu para Entrega,2026-08-13T04:00:00.000Z,,a0Fg8000006qKp7EAE,Caxias do Sul,
LT77120287BR,Etiqueta Gerada,2026-09-02T00:00:00.000Z,,,,Pedido postado pelo embarcador.
LT77120287BR,Coleta Realizada,2026-09-02T07:00:00.000Z,,,,Coleta realizada.
LT77120287BR,Chegada ao SC,2026-09-03T02:00:00.000Z,PR SJS,,,
LT77120287BR,Triagem no SC,2026-09-03T04:00:00.000Z,PR SJS,,,
LT77120287BR,Saida do SC (Transferencia),2026-09-03T21:00:00.000Z,PR SJS,,,
LT77120287BR,Chegada a Base,2026-09-04T13:00:00.000Z,CIC-PR,,,
LT77120287BR,Triagem na Base,2026-09-04T16:00:00.000Z,CIC-PR,,,
LT77120287BR,Bipado para Rota,2026-09-04T23:30:00.000Z,CIC-PR,a0Fg8000006qKp8EAE,,
LT77120287BR,Saiu para Entrega,2026-09-05T00:00:00.000Z,,a0Fg8000006qKp8EAE,Maringa,
LT77120287BR,Entregue,2026-09-05T09:00:00.000Z,,a0Fg8000006qKp8EAE,Maringa,Entregue ao destinatario.
LT77120288BR,Etiqueta Gerada,2026-08-20T21:00:00.000Z,,,,Pedido postado pelo embarcador.
LT77120288BR,Coleta Realizada,2026-08-21T05:00:00.000Z,,,,Coleta realizada.
LT77120288BR,Chegada ao SC,2026-08-22T13:00:00.000Z,PR SJS,,,
LT77120288BR,Triagem no SC,2026-08-22T15:00:00.000Z,PR SJS,,,
LT77120288BR,Saida do SC (Transferencia),2026-08-22T19:00:00.000Z,PR SJS,,,
LT77120288BR,Chegada a Base,2026-08-23T05:00:00.000Z,ARP-PR,,,
LT77120288BR,Triagem na Base,2026-08-23T08:00:00.000Z,ARP-PR,,,
LT77120288BR,Bipado para Rota,2026-08-23T07:30:00.000Z,ARP-PR,a0Fg8000006qKooEAE,,
LT77120288BR,Saiu para Entrega,2026-08-23T08:00:00.000Z,,a0Fg8000006qKooEAE,Curitiba,
LT77120288BR,Entregue,2026-08-23T16:00:00.000Z,,a0Fg8000006qKooEAE,Curitiba,Entregue ao destinatario.
LT77120289BR,Etiqueta Gerada,2026-08-07T08:00:00.000Z,,,,Pedido postado pelo embarcador.
LT77120289BR,Coleta Realizada,2026-08-07T20:00:00.000Z,,,,Coleta realizada.
LT77120289BR,Chegada ao SC,2026-08-08T21:00:00.000Z,SC BNU,,,
LT77120289BR,Triagem no SC,2026-08-08T23:00:00.000Z,SC BNU,,,
LT77120289BR,Saida do SC (Transferencia),2026-08-09T01:00:00.000Z,SC BNU,,,
LT77120289BR,Chegada a Base,2026-08-09T15:00:00.000Z,F JOI-SC,,,
LT77120289BR,Triagem na Base,2026-08-09T18:00:00.000Z,F JOI-SC,,,
LT77120289BR,Bipado para Rota,2026-08-10T01:30:00.000Z,F JOI-SC,a0Fg8000006qKp4EAE,,
LT77120289BR,Saiu para Entrega,2026-08-10T02:00:00.000Z,,a0Fg8000006qKp4EAE,Criciuma,
LT77120289BR,Endereco Nao Localizado,2026-08-10T10:00:00.000Z,,a0Fg8000006qKp4EAE,,Sem sucesso na entrega. Nova tentativa agendada.
LT77120290BR,Etiqueta Gerada,2026-07-28T11:00:00.000Z,,,,Pedido postado pelo embarcador.
LT77120290BR,Coleta Realizada,2026-07-28T16:00:00.000Z,,,,Coleta realizada.
LT77120290BR,Chegada ao SC,2026-07-30T03:00:00.000Z,RS NSR,,,
LT77120290BR,Triagem no SC,2026-07-30T05:00:00.000Z,RS NSR,,,
LT77120290BR,Saida do SC (Transferencia),2026-07-30T09:00:00.000Z,RS NSR,,,
LT77120290BR,Chegada a Base,2026-07-30T17:00:00.000Z,POA-RS,,,
LT77120290BR,Triagem na Base,2026-07-30T20:00:00.000Z,POA-RS,,,
LT77120290BR,Bipado para Rota,2026-07-31T05:30:00.000Z,POA-RS,a0Fg8000006qKp7EAE,,
LT77120290BR,Saiu para Entrega,2026-07-31T06:00:00.000Z,,a0Fg8000006qKp7EAE,Porto Alegre,
LT77120290BR,Entregue,2026-07-31T10:00:00.000Z,,a0Fg8000006qKp7EAE,Porto Alegre,Entregue ao destinatario.
LT77120291BR,Etiqueta Gerada,2026-09-05T05:00:00.000Z,,,,Pedido postado pelo embarcador.
LT77120291BR,Coleta Realizada,2026-09-06T06:00:00.000Z,,,,Coleta realizada.
LT77120291BR,Chegada ao SC,2026-09-06T16:00:00.000Z,RS NSR,,,
LT77120291BR,Triagem no SC,2026-09-06T18:00:00.000Z,RS NSR,,,
LT77120291BR,Saida do SC (Transferencia),2026-09-07T10:00:00.000Z,RS NSR,,,
LT77120292BR,Etiqueta Gerada,2026-08-17T18:00:00.000Z,,,,Pedido postado pelo embarcador.
LT77120292BR,Coleta Realizada,2026-08-18T11:00:00.000Z,,,,Coleta realizada.
LT77120292BR,Chegada ao SC,2026-08-19T12:00:00.000Z,RS NSR,,,
LT77120292BR,Triagem no SC,2026-08-19T14:00:00.000Z,RS NSR,,,
LT77120292BR,Saida do SC (Transferencia),2026-08-19T19:00:00.000Z,RS NSR,,,
LT77120292BR,Chegada a Base,2026-08-20T10:00:00.000Z,F CNS-RS,,,
LT77120292BR,Triagem na Base,2026-08-20T13:00:00.000Z,F CNS-RS,,,
LT77120292BR,Retido,2026-08-22T02:00:00.000Z,F CNS-RS,,,Passou do prazo de entrega sem sucesso.
LT77120293BR,Etiqueta Gerada,2026-08-08T01:00:00.000Z,,,,Pedido postado pelo embarcador.
LT77120293BR,Coleta Realizada,2026-08-08T20:00:00.000Z,,,,Coleta realizada.
LT77120293BR,Chegada ao SC,2026-08-09T21:00:00.000Z,SC BNU,,,
LT77120293BR,Triagem no SC,2026-08-09T23:00:00.000Z,SC BNU,,,
LT77120293BR,Saida do SC (Transferencia),2026-08-10T08:00:00.000Z,SC BNU,,,
LT77120293BR,Chegada a Base,2026-08-10T12:00:00.000Z,SJE-SC,,,
LT77120293BR,Triagem na Base,2026-08-10T15:00:00.000Z,SJE-SC,,,
LT77120293BR,Bipado para Rota,2026-08-10T14:30:00.000Z,SJE-SC,a0Fg8000006qKpHEAU,,
LT77120293BR,Saiu para Entrega,2026-08-10T15:00:00.000Z,,a0Fg8000006qKpHEAU,Blumenau,
LT77120293BR,Entregue,2026-08-10T17:00:00.000Z,,a0Fg8000006qKpHEAU,Blumenau,Entregue ao destinatario.
LT77120294BR,Etiqueta Gerada,2026-08-20T23:00:00.000Z,,,,Pedido postado pelo embarcador.
LT77120294BR,Coleta Realizada,2026-08-21T19:00:00.000Z,,,,Coleta realizada.
LT77120294BR,Chegada ao SC,2026-08-23T04:00:00.000Z,RS NSR,,,
LT77120294BR,Triagem no SC,2026-08-23T06:00:00.000Z,RS NSR,,,
LT77120294BR,Saida do SC (Transferencia),2026-08-23T17:00:00.000Z,RS NSR,,,
LT77120294BR,Chegada a Base,2026-08-24T05:00:00.000Z,F CNS-RS,,,
LT77120294BR,Triagem na Base,2026-08-24T08:00:00.000Z,F CNS-RS,,,
LT77120294BR,Retido,2026-08-25T20:00:00.000Z,F CNS-RS,,,Passou do prazo de entrega sem sucesso.
LT77120295BR,Etiqueta Gerada,2026-08-06T18:00:00.000Z,,,,Pedido postado pelo embarcador.
LT77120295BR,Coleta Realizada,2026-08-07T11:00:00.000Z,,,,Coleta realizada.
LT77120295BR,Chegada ao SC,2026-08-08T04:00:00.000Z,RS NSR,,,
LT77120295BR,Triagem no SC,2026-08-08T06:00:00.000Z,RS NSR,,,
LT77120295BR,Saida do SC (Transferencia),2026-08-08T15:00:00.000Z,RS NSR,,,
LT77120296BR,Etiqueta Gerada,2026-08-20T01:00:00.000Z,,,,Pedido postado pelo embarcador.
LT77120296BR,Coleta Realizada,2026-08-21T01:00:00.000Z,,,,Coleta realizada.
LT77120296BR,Chegada ao SC,2026-08-22T08:00:00.000Z,RS NSR,,,
LT77120296BR,Triagem no SC,2026-08-22T10:00:00.000Z,RS NSR,,,
LT77120296BR,Saida do SC (Transferencia),2026-08-23T03:00:00.000Z,RS NSR,,,
LT77120296BR,Chegada a Base,2026-08-24T02:00:00.000Z,F PET-RS,,,
LT77120296BR,Triagem na Base,2026-08-24T05:00:00.000Z,F PET-RS,,,
LT77120296BR,Bipado para Rota,2026-08-24T14:30:00.000Z,F PET-RS,a0Fg8000006qKowEAE,,
LT77120296BR,Saiu para Entrega,2026-08-24T15:00:00.000Z,,a0Fg8000006qKowEAE,Porto Alegre,
LT77120296BR,Entregue,2026-08-24T16:00:00.000Z,,a0Fg8000006qKowEAE,Porto Alegre,Entregue ao destinatario.
LT77120297BR,Etiqueta Gerada,2026-08-26T21:00:00.000Z,,,,Pedido postado pelo embarcador.
LT77120297BR,Coleta Realizada,2026-08-27T18:00:00.000Z,,,,Coleta realizada.
LT77120297BR,Chegada ao SC,2026-08-28T12:00:00.000Z,PR SJS,,,
LT77120297BR,Triagem no SC,2026-08-28T14:00:00.000Z,PR SJS,,,
LT77120297BR,Saida do SC (Transferencia),2026-08-29T06:00:00.000Z,PR SJS,,,
LT77120297BR,Chegada a Base,2026-08-29T10:00:00.000Z,F ARP-PR,,,
LT77120297BR,Triagem na Base,2026-08-29T13:00:00.000Z,F ARP-PR,,,
LT77120297BR,Bipado para Rota,2026-08-29T23:30:00.000Z,F ARP-PR,a0Fg8000006qKpEEAU,,
LT77120297BR,Saiu para Entrega,2026-08-30T00:00:00.000Z,,a0Fg8000006qKpEEAU,Londrina,
LT77120297BR,Entregue,2026-08-30T03:00:00.000Z,,a0Fg8000006qKpEEAU,Londrina,Entregue ao destinatario.
LT77120298BR,Etiqueta Gerada,2026-08-21T10:00:00.000Z,,,,Pedido postado pelo embarcador.
LT77120298BR,Coleta Realizada,2026-08-22T02:00:00.000Z,,,,Coleta realizada.
LT77120298BR,Chegada ao SC,2026-08-22T16:00:00.000Z,PR SJS,,,
LT77120298BR,Triagem no SC,2026-08-22T18:00:00.000Z,PR SJS,,,
LT77120298BR,Saida do SC (Transferencia),2026-08-23T10:00:00.000Z,PR SJS,,,
LT77120298BR,Chegada a Base,2026-08-24T04:00:00.000Z,ARP-PR,,,
LT77120298BR,Triagem na Base,2026-08-24T07:00:00.000Z,ARP-PR,,,
LT77120299BR,Etiqueta Gerada,2026-08-01T20:00:00.000Z,,,,Pedido postado pelo embarcador.
LT77120299BR,Coleta Realizada,2026-08-02T23:00:00.000Z,,,,Coleta realizada.
LT77120299BR,Chegada ao SC,2026-08-04T02:00:00.000Z,RS NSR,,,
LT77120299BR,Triagem no SC,2026-08-04T04:00:00.000Z,RS NSR,,,
LT77120299BR,Saida do SC (Transferencia),2026-08-04T07:00:00.000Z,RS NSR,,,
LT77120299BR,Chegada a Base,2026-08-05T03:00:00.000Z,F PET-RS,,,
LT77120299BR,Triagem na Base,2026-08-05T06:00:00.000Z,F PET-RS,,,
LT77120299BR,Bipado para Rota,2026-08-05T06:30:00.000Z,F PET-RS,a0Fg8000006qKowEAE,,
LT77120299BR,Saiu para Entrega,2026-08-05T07:00:00.000Z,,a0Fg8000006qKowEAE,Sao Leopoldo,
LT77120299BR,Entregue,2026-08-05T13:00:00.000Z,,a0Fg8000006qKowEAE,Sao Leopoldo,Entregue ao destinatario.
LT77120300BR,Etiqueta Gerada,2026-07-30T14:00:00.000Z,,,,Pedido postado pelo embarcador.
LT77120300BR,Coleta Realizada,2026-07-30T23:00:00.000Z,,,,Coleta realizada.
LT77120300BR,Chegada ao SC,2026-08-01T10:00:00.000Z,PR SJS,,,
LT77120300BR,Triagem no SC,2026-08-01T12:00:00.000Z,PR SJS,,,
LT77120300BR,Saida do SC (Transferencia),2026-08-01T13:00:00.000Z,PR SJS,,,
LT77120300BR,Chegada a Base,2026-08-02T06:00:00.000Z,ALM-PR,,,
LT77120300BR,Triagem na Base,2026-08-02T09:00:00.000Z,ALM-PR,,,
LT77120300BR,Bipado para Rota,2026-08-02T18:30:00.000Z,ALM-PR,a0Fg8000006qKp5EAE,,
LT77120300BR,Saiu para Entrega,2026-08-02T19:00:00.000Z,,a0Fg8000006qKp5EAE,Sao Jose dos Pinhais,
LT77120300BR,Entregue,2026-08-03T03:00:00.000Z,,a0Fg8000006qKp5EAE,Sao Jose dos Pinhais,Entregue ao destinatario.
LT77120301BR,Etiqueta Gerada,2026-08-08T01:00:00.000Z,,,,Pedido postado pelo embarcador.
LT77120301BR,Coleta Realizada,2026-08-08T23:00:00.000Z,,,,Coleta realizada.
LT77120301BR,Chegada ao SC,2026-08-10T07:00:00.000Z,SC BNU,,,
LT77120301BR,Triagem no SC,2026-08-10T09:00:00.000Z,SC BNU,,,
LT77120301BR,Saida do SC (Transferencia),2026-08-10T23:00:00.000Z,SC BNU,,,
LT77120301BR,Chegada a Base,2026-08-11T12:00:00.000Z,TUB-SC,,,
LT77120301BR,Triagem na Base,2026-08-11T15:00:00.000Z,TUB-SC,,,
LT77120301BR,Sem Movimentacao Detectada,2026-09-06T06:00:00.000Z,TUB-SC,,,Sem atualizacao ha mais de 6 horas.
LT77120302BR,Etiqueta Gerada,2026-08-31T14:00:00.000Z,,,,Pedido postado pelo embarcador.
LT77120302BR,Coleta Realizada,2026-09-01T13:00:00.000Z,,,,Coleta realizada.
LT77120302BR,Chegada ao SC,2026-09-02T02:00:00.000Z,SC BNU,,,
LT77120302BR,Triagem no SC,2026-09-02T04:00:00.000Z,SC BNU,,,
LT77120302BR,Saida do SC (Transferencia),2026-09-02T13:00:00.000Z,SC BNU,,,
LT77120302BR,Chegada a Base,2026-09-03T00:00:00.000Z,TUB-SC,,,
LT77120302BR,Triagem na Base,2026-09-03T03:00:00.000Z,TUB-SC,,,
LT77120302BR,Bipado para Rota,2026-09-03T04:30:00.000Z,TUB-SC,a0Fg8000006qKp3EAE,,
LT77120302BR,Saiu para Entrega,2026-09-03T05:00:00.000Z,,a0Fg8000006qKp3EAE,Blumenau,
LT77120302BR,Recusado pelo Destinatario,2026-09-03T06:00:00.000Z,,a0Fg8000006qKp3EAE,,
LT77120302BR,Devolucao Iniciada,2026-09-04T06:00:00.000Z,TUB-SC,,,
LT77120303BR,Etiqueta Gerada,2026-08-05T00:00:00.000Z,,,,Pedido postado pelo embarcador.
LT77120303BR,Coleta Realizada,2026-08-05T10:00:00.000Z,,,,Coleta realizada.
LT77120303BR,Chegada ao SC,2026-08-07T01:00:00.000Z,PR SJS,,,
LT77120303BR,Triagem no SC,2026-08-07T03:00:00.000Z,PR SJS,,,
LT77120303BR,Saida do SC (Transferencia),2026-08-07T12:00:00.000Z,PR SJS,,,
LT77120303BR,Chegada a Base,2026-08-07T18:00:00.000Z,CIC-PR,,,
LT77120303BR,Triagem na Base,2026-08-07T21:00:00.000Z,CIC-PR,,,
LT77120303BR,Retido,2026-08-09T11:00:00.000Z,CIC-PR,,,Passou do prazo de entrega sem sucesso.
LT77120304BR,Etiqueta Gerada,2026-09-01T00:00:00.000Z,,,,Pedido postado pelo embarcador.
LT77120304BR,Coleta Realizada,2026-09-02T05:00:00.000Z,,,,Coleta realizada.
LT77120304BR,Chegada ao SC,2026-09-03T12:00:00.000Z,SC BNU,,,
LT77120304BR,Triagem no SC,2026-09-03T14:00:00.000Z,SC BNU,,,
LT77120304BR,Saida do SC (Transferencia),2026-09-04T00:00:00.000Z,SC BNU,,,
LT77120304BR,Chegada a Base,2026-09-04T12:00:00.000Z,SJE-SC,,,
LT77120304BR,Triagem na Base,2026-09-04T15:00:00.000Z,SJE-SC,,,
LT77120304BR,Bipado para Rota,2026-09-04T18:30:00.000Z,SJE-SC,a0Fg8000006qKpHEAU,,
LT77120304BR,Saiu para Entrega,2026-09-04T19:00:00.000Z,,a0Fg8000006qKpHEAU,Chapeco,
LT77120305BR,Etiqueta Gerada,2026-08-30T16:00:00.000Z,,,,Pedido postado pelo embarcador.
LT77120305BR,Coleta Realizada,2026-08-31T07:00:00.000Z,,,,Coleta realizada.
LT77120305BR,Chegada ao SC,2026-08-31T20:00:00.000Z,RS NSR,,,
LT77120305BR,Triagem no SC,2026-08-31T22:00:00.000Z,RS NSR,,,
LT77120305BR,Saida do SC (Transferencia),2026-09-01T15:00:00.000Z,RS NSR,,,
LT77120305BR,Chegada a Base,2026-09-02T04:00:00.000Z,CXJ-RS,,,
LT77120305BR,Triagem na Base,2026-09-02T07:00:00.000Z,CXJ-RS,,,
LT77120305BR,Bipado para Rota,2026-09-02T13:30:00.000Z,CXJ-RS,a0Fg8000006qKosEAE,,
LT77120305BR,Saiu para Entrega,2026-09-02T14:00:00.000Z,,a0Fg8000006qKosEAE,Passo Fundo,
LT77120305BR,Entregue,2026-09-02T23:00:00.000Z,,a0Fg8000006qKosEAE,Passo Fundo,Entregue ao destinatario.
LT77120306BR,Etiqueta Gerada,2026-08-08T11:00:00.000Z,,,,Pedido postado pelo embarcador.
LT77120306BR,Coleta Realizada,2026-08-09T09:00:00.000Z,,,,Coleta realizada.
LT77120306BR,Chegada ao SC,2026-08-10T15:00:00.000Z,RS NSR,,,
LT77120306BR,Triagem no SC,2026-08-10T17:00:00.000Z,RS NSR,,,
LT77120306BR,Saida do SC (Transferencia),2026-08-11T08:00:00.000Z,RS NSR,,,
LT77120306BR,Chegada a Base,2026-08-11T17:00:00.000Z,CXJ-RS,,,
LT77120306BR,Triagem na Base,2026-08-11T20:00:00.000Z,CXJ-RS,,,
LT77120306BR,Bipado para Rota,2026-08-11T21:30:00.000Z,CXJ-RS,a0Fg8000006qKosEAE,,
LT77120306BR,Saiu para Entrega,2026-08-11T22:00:00.000Z,,a0Fg8000006qKosEAE,Novo Hamburgo,
LT77120306BR,Entregue,2026-08-12T02:00:00.000Z,,a0Fg8000006qKosEAE,Novo Hamburgo,Entregue ao destinatario.
LT77120307BR,Etiqueta Gerada,2026-08-07T14:00:00.000Z,,,,Pedido postado pelo embarcador.
LT77120307BR,Coleta Realizada,2026-08-08T00:00:00.000Z,,,,Coleta realizada.
LT77120307BR,Chegada ao SC,2026-08-08T18:00:00.000Z,SC BNU,,,
LT77120307BR,Triagem no SC,2026-08-08T20:00:00.000Z,SC BNU,,,
LT77120307BR,Saida do SC (Transferencia),2026-08-09T13:00:00.000Z,SC BNU,,,
LT77120307BR,Chegada a Base,2026-08-09T23:00:00.000Z,F JOI-SC,,,
LT77120307BR,Triagem na Base,2026-08-10T02:00:00.000Z,F JOI-SC,,,
LT77120307BR,Bipado para Rota,2026-08-10T09:30:00.000Z,F JOI-SC,a0Fg8000006qKp4EAE,,
LT77120307BR,Saiu para Entrega,2026-08-10T10:00:00.000Z,,a0Fg8000006qKp4EAE,Palhoca,
LT77120307BR,Entregue,2026-08-10T13:00:00.000Z,,a0Fg8000006qKp4EAE,Palhoca,Entregue ao destinatario.
LT77120308BR,Etiqueta Gerada,2026-08-23T13:00:00.000Z,,,,Pedido postado pelo embarcador.
LT77120308BR,Coleta Realizada,2026-08-24T13:00:00.000Z,,,,Coleta realizada.
LT77120308BR,Chegada ao SC,2026-08-25T21:00:00.000Z,RS NSR,,,
LT77120308BR,Triagem no SC,2026-08-25T23:00:00.000Z,RS NSR,,,
LT77120308BR,Saida do SC (Transferencia),2026-08-26T16:00:00.000Z,RS NSR,,,
LT77120308BR,Chegada a Base,2026-08-26T22:00:00.000Z,CXJ-RS,,,
LT77120308BR,Triagem na Base,2026-08-27T01:00:00.000Z,CXJ-RS,,,
LT77120308BR,Bipado para Rota,2026-08-27T05:30:00.000Z,CXJ-RS,a0Fg8000006qKosEAE,,
LT77120308BR,Saiu para Entrega,2026-08-27T06:00:00.000Z,,a0Fg8000006qKosEAE,Santa Maria,
LT77120308BR,Entregue,2026-08-27T16:00:00.000Z,,a0Fg8000006qKosEAE,Santa Maria,Entregue ao destinatario.
LT77120309BR,Etiqueta Gerada,2026-09-03T05:00:00.000Z,,,,Pedido postado pelo embarcador.
LT77120309BR,Coleta Realizada,2026-09-04T03:00:00.000Z,,,,Coleta realizada.
LT77120309BR,Chegada ao SC,2026-09-04T18:00:00.000Z,RS NSR,,,
LT77120309BR,Triagem no SC,2026-09-04T20:00:00.000Z,RS NSR,,,
LT77120309BR,Saida do SC (Transferencia),2026-09-05T10:00:00.000Z,RS NSR,,,
LT77120309BR,Chegada a Base,2026-09-06T10:00:00.000Z,F CNS-RS,,,
LT77120309BR,Triagem na Base,2026-09-06T13:00:00.000Z,F CNS-RS,,,
LT77120309BR,Bipado para Rota,2026-09-06T16:30:00.000Z,F CNS-RS,a0Fg8000006qKpKEAU,,
LT77120309BR,Saiu para Entrega,2026-09-06T17:00:00.000Z,,a0Fg8000006qKpKEAU,Alvorada,
LT77120309BR,Entregue,2026-09-07T03:00:00.000Z,,a0Fg8000006qKpKEAU,Alvorada,Entregue ao destinatario.
LT77120310BR,Etiqueta Gerada,2026-08-02T09:00:00.000Z,,,,Pedido postado pelo embarcador.
LT77120310BR,Coleta Realizada,2026-08-03T07:00:00.000Z,,,,Coleta realizada.
LT77120310BR,Chegada ao SC,2026-08-04T08:00:00.000Z,PR SJS,,,
LT77120310BR,Triagem no SC,2026-08-04T10:00:00.000Z,PR SJS,,,
LT77120310BR,Saida do SC (Transferencia),2026-08-05T03:00:00.000Z,PR SJS,,,
LT77120310BR,Chegada a Base,2026-08-05T21:00:00.000Z,ARP-PR,,,
LT77120310BR,Triagem na Base,2026-08-06T00:00:00.000Z,ARP-PR,,,
LT77120310BR,Bipado para Rota,2026-08-06T10:30:00.000Z,ARP-PR,a0Fg8000006qKonEAE,,
LT77120310BR,Saiu para Entrega,2026-08-06T11:00:00.000Z,,a0Fg8000006qKonEAE,Guarapuava,
LT77120310BR,Entregue,2026-08-06T12:00:00.000Z,,a0Fg8000006qKonEAE,Guarapuava,Entregue ao destinatario.
LT77120311BR,Etiqueta Gerada,2026-08-04T17:00:00.000Z,,,,Pedido postado pelo embarcador.
LT77120311BR,Coleta Realizada,2026-08-04T21:00:00.000Z,,,,Coleta realizada.
LT77120311BR,Chegada ao SC,2026-08-05T20:00:00.000Z,PR SJS,,,
LT77120311BR,Triagem no SC,2026-08-05T22:00:00.000Z,PR SJS,,,
LT77120311BR,Saida do SC (Transferencia),2026-08-06T13:00:00.000Z,PR SJS,,,
LT77120311BR,Chegada a Base,2026-08-07T01:00:00.000Z,F ARP-PR,,,
LT77120311BR,Triagem na Base,2026-08-07T04:00:00.000Z,F ARP-PR,,,
LT77120311BR,Bipado para Rota,2026-08-07T02:30:00.000Z,F ARP-PR,a0Fg8000006qKpEEAU,,
LT77120311BR,Saiu para Entrega,2026-08-07T03:00:00.000Z,,a0Fg8000006qKpEEAU,Paranagua,
LT77120311BR,Tentativa de Entrega,2026-08-07T06:00:00.000Z,,a0Fg8000006qKpEEAU,Paranagua,Sem sucesso na entrega. Nova tentativa agendada.
LT77120312BR,Etiqueta Gerada,2026-07-30T03:00:00.000Z,,,,Pedido postado pelo embarcador.
LT77120312BR,Coleta Realizada,2026-07-30T13:00:00.000Z,,,,Coleta realizada.
LT77120312BR,Chegada ao SC,2026-07-31T23:00:00.000Z,PR SJS,,,
LT77120312BR,Triagem no SC,2026-08-01T01:00:00.000Z,PR SJS,,,
LT77120312BR,Saida do SC (Transferencia),2026-08-01T17:00:00.000Z,PR SJS,,,
LT77120312BR,Chegada a Base,2026-08-02T13:00:00.000Z,F LOD-PR,,,
LT77120313BR,Etiqueta Gerada,2026-08-15T22:00:00.000Z,,,,Pedido postado pelo embarcador.
LT77120313BR,Coleta Realizada,2026-08-17T00:00:00.000Z,,,,Coleta realizada.
LT77120313BR,Chegada ao SC,2026-08-17T14:00:00.000Z,SC BNU,,,
LT77120313BR,Triagem no SC,2026-08-17T16:00:00.000Z,SC BNU,,,
LT77120313BR,Saida do SC (Transferencia),2026-08-17T17:00:00.000Z,SC BNU,,,
LT77120313BR,Chegada a Base,2026-08-18T16:00:00.000Z,SJE-SC,,,
LT77120313BR,Triagem na Base,2026-08-18T19:00:00.000Z,SJE-SC,,,
LT77120313BR,Bipado para Rota,2026-08-19T04:30:00.000Z,SJE-SC,a0Fg8000006qKpHEAU,,
LT77120313BR,Saiu para Entrega,2026-08-19T05:00:00.000Z,,a0Fg8000006qKpHEAU,Chapeco,
LT77120313BR,Extravio Registrado,2026-08-27T10:00:00.000Z,SJE-SC,,,Remessa nao localizada. Processo de extravio aberto.
LT77120314BR,Etiqueta Gerada,2026-08-12T17:00:00.000Z,,,,Pedido postado pelo embarcador.
LT77120314BR,Coleta Realizada,2026-08-13T13:00:00.000Z,,,,Coleta realizada.
LT77120314BR,Chegada ao SC,2026-08-14T19:00:00.000Z,RS NSR,,,
LT77120314BR,Triagem no SC,2026-08-14T21:00:00.000Z,RS NSR,,,
LT77120314BR,Saida do SC (Transferencia),2026-08-14T22:00:00.000Z,RS NSR,,,
LT77120314BR,Chegada a Base,2026-08-15T06:00:00.000Z,POA-RS,,,
LT77120314BR,Triagem na Base,2026-08-15T09:00:00.000Z,POA-RS,,,
LT77120314BR,Bipado para Rota,2026-08-15T11:30:00.000Z,POA-RS,a0Fg8000006qKp7EAE,,
LT77120314BR,Saiu para Entrega,2026-08-15T12:00:00.000Z,,a0Fg8000006qKp7EAE,Porto Alegre,
LT77120314BR,Entregue,2026-08-15T17:00:00.000Z,,a0Fg8000006qKp7EAE,Porto Alegre,Entregue ao destinatario.
LT77120315BR,Etiqueta Gerada,2026-08-20T01:00:00.000Z,,,,Pedido postado pelo embarcador.
LT77120315BR,Coleta Realizada,2026-08-20T11:00:00.000Z,,,,Coleta realizada.
LT77120315BR,Chegada ao SC,2026-08-21T05:00:00.000Z,SC BNU,,,
LT77120315BR,Triagem no SC,2026-08-21T07:00:00.000Z,SC BNU,,,
LT77120315BR,Saida do SC (Transferencia),2026-08-21T17:00:00.000Z,SC BNU,,,
LT77120315BR,Chegada a Base,2026-08-22T00:00:00.000Z,TUB-SC,,,
LT77120315BR,Triagem na Base,2026-08-22T03:00:00.000Z,TUB-SC,,,
LT77120315BR,Bipado para Rota,2026-08-22T06:30:00.000Z,TUB-SC,a0Fg8000006qKopEAE,,
LT77120315BR,Saiu para Entrega,2026-08-22T07:00:00.000Z,,a0Fg8000006qKopEAE,Chapeco,
LT77120315BR,Entregue,2026-08-22T11:00:00.000Z,,a0Fg8000006qKopEAE,Chapeco,Entregue ao destinatario.
LT77120316BR,Etiqueta Gerada,2026-08-06T15:00:00.000Z,,,,Pedido postado pelo embarcador.
LT77120316BR,Coleta Realizada,2026-08-06T23:00:00.000Z,,,,Coleta realizada.
LT77120316BR,Chegada ao SC,2026-08-08T10:00:00.000Z,PR SJS,,,
LT77120316BR,Triagem no SC,2026-08-08T12:00:00.000Z,PR SJS,,,
LT77120316BR,Saida do SC (Transferencia),2026-08-08T21:00:00.000Z,PR SJS,,,
LT77120316BR,Chegada a Base,2026-08-09T06:00:00.000Z,F ARP-PR,,,
LT77120317BR,Etiqueta Gerada,2026-08-01T09:00:00.000Z,,,,Pedido postado pelo embarcador.
LT77120317BR,Coleta Realizada,2026-08-01T18:00:00.000Z,,,,Coleta realizada.
LT77120317BR,Chegada ao SC,2026-08-02T17:00:00.000Z,PR SJS,,,
LT77120317BR,Triagem no SC,2026-08-02T19:00:00.000Z,PR SJS,,,
LT77120318BR,Etiqueta Gerada,2026-09-04T11:00:00.000Z,,,,Pedido postado pelo embarcador.
LT77120318BR,Coleta Realizada,2026-09-05T11:00:00.000Z,,,,Coleta realizada.
LT77120318BR,Chegada ao SC,2026-09-06T04:00:00.000Z,PR SJS,,,
LT77120318BR,Triagem no SC,2026-09-06T06:00:00.000Z,PR SJS,,,
LT77120318BR,Saida do SC (Transferencia),2026-09-06T19:00:00.000Z,PR SJS,,,
LT77120318BR,Chegada a Base,2026-09-07T16:00:00.000Z,CIC-PR,,,
LT77120318BR,Triagem na Base,2026-09-07T19:00:00.000Z,CIC-PR,,,
LT77120318BR,Bipado para Rota,2026-09-07T20:30:00.000Z,CIC-PR,a0Fg8000006qKp8EAE,,
LT77120318BR,Saiu para Entrega,2026-09-07T21:00:00.000Z,,a0Fg8000006qKp8EAE,Foz do Iguacu,
LT77120318BR,Extravio Registrado,2026-09-13T07:00:00.000Z,CIC-PR,,,Remessa nao localizada. Processo de extravio aberto.
LT77120319BR,Etiqueta Gerada,2026-08-08T17:00:00.000Z,,,,Pedido postado pelo embarcador.
LT77120319BR,Coleta Realizada,2026-08-09T03:00:00.000Z,,,,Coleta realizada.
LT77120319BR,Chegada ao SC,2026-08-10T13:00:00.000Z,SC BNU,,,
LT77120319BR,Triagem no SC,2026-08-10T15:00:00.000Z,SC BNU,,,
LT77120319BR,Saida do SC (Transferencia),2026-08-10T16:00:00.000Z,SC BNU,,,
LT77120319BR,Chegada a Base,2026-08-11T07:00:00.000Z,SJE-SC,,,
LT77120319BR,Triagem na Base,2026-08-11T10:00:00.000Z,SJE-SC,,,
LT77120319BR,Bipado para Rota,2026-08-11T15:30:00.000Z,SJE-SC,a0Fg8000006qKpHEAU,,
LT77120319BR,Saiu para Entrega,2026-08-11T16:00:00.000Z,,a0Fg8000006qKpHEAU,Jaragua do Sul,
LT77120319BR,Entregue,2026-08-11T22:00:00.000Z,,a0Fg8000006qKpHEAU,Jaragua do Sul,Entregue ao destinatario.
LT77120320BR,Etiqueta Gerada,2026-09-02T20:00:00.000Z,,,,Pedido postado pelo embarcador.
LT77120320BR,Coleta Realizada,2026-09-03T02:00:00.000Z,,,,Coleta realizada.
LT77120320BR,Chegada ao SC,2026-09-04T17:00:00.000Z,SC BNU,,,
LT77120320BR,Triagem no SC,2026-09-04T19:00:00.000Z,SC BNU,,,
LT77120320BR,Saida do SC (Transferencia),2026-09-05T02:00:00.000Z,SC BNU,,,
LT77120320BR,Chegada a Base,2026-09-05T18:00:00.000Z,SJE-SC,,,
LT77120320BR,Triagem na Base,2026-09-05T21:00:00.000Z,SJE-SC,,,
LT77120320BR,Bipado para Rota,2026-09-06T03:30:00.000Z,SJE-SC,a0Fg8000006qKpHEAU,,
LT77120320BR,Saiu para Entrega,2026-09-06T04:00:00.000Z,,a0Fg8000006qKpHEAU,Joinville,
LT77120320BR,Entregue,2026-09-06T06:00:00.000Z,,a0Fg8000006qKpHEAU,Joinville,Entregue ao destinatario.
LT77120321BR,Etiqueta Gerada,2026-08-24T01:00:00.000Z,,,,Pedido postado pelo embarcador.
LT77120321BR,Coleta Realizada,2026-08-24T12:00:00.000Z,,,,Coleta realizada.
LT77120321BR,Chegada ao SC,2026-08-25T15:00:00.000Z,RS NSR,,,
LT77120321BR,Triagem no SC,2026-08-25T17:00:00.000Z,RS NSR,,,
LT77120321BR,Saida do SC (Transferencia),2026-08-26T00:00:00.000Z,RS NSR,,,
LT77120321BR,Chegada a Base,2026-08-27T00:00:00.000Z,F CNS-RS,,,
LT77120321BR,Triagem na Base,2026-08-27T03:00:00.000Z,F CNS-RS,,,
LT77120321BR,Retido,2026-08-28T05:00:00.000Z,F CNS-RS,,,Passou do prazo de entrega sem sucesso.
LT77120322BR,Etiqueta Gerada,2026-08-29T05:00:00.000Z,,,,Pedido postado pelo embarcador.
LT77120322BR,Coleta Realizada,2026-08-29T11:00:00.000Z,,,,Coleta realizada.
LT77120322BR,Chegada ao SC,2026-08-31T02:00:00.000Z,RS NSR,,,
LT77120322BR,Triagem no SC,2026-08-31T04:00:00.000Z,RS NSR,,,
LT77120322BR,Saida do SC (Transferencia),2026-08-31T14:00:00.000Z,RS NSR,,,
LT77120322BR,Chegada a Base,2026-09-01T05:00:00.000Z,CXJ-RS,,,
LT77120322BR,Triagem na Base,2026-09-01T08:00:00.000Z,CXJ-RS,,,
LT77120322BR,Bipado para Rota,2026-09-01T07:30:00.000Z,CXJ-RS,a0Fg8000006qKosEAE,,
LT77120322BR,Saiu para Entrega,2026-09-01T08:00:00.000Z,,a0Fg8000006qKosEAE,Novo Hamburgo,
LT77120322BR,Entregue,2026-09-01T14:00:00.000Z,,a0Fg8000006qKosEAE,Novo Hamburgo,Entregue ao destinatario.
LT77120323BR,Etiqueta Gerada,2026-08-29T00:00:00.000Z,,,,Pedido postado pelo embarcador.
LT77120323BR,Coleta Realizada,2026-08-29T18:00:00.000Z,,,,Coleta realizada.
LT77120323BR,Chegada ao SC,2026-08-30T11:00:00.000Z,SC BNU,,,
LT77120323BR,Triagem no SC,2026-08-30T13:00:00.000Z,SC BNU,,,
LT77120323BR,Saida do SC (Transferencia),2026-08-31T01:00:00.000Z,SC BNU,,,
LT77120323BR,Chegada a Base,2026-08-31T16:00:00.000Z,CCM-SC,,,
LT77120323BR,Triagem na Base,2026-08-31T19:00:00.000Z,CCM-SC,,,
LT77120323BR,Bipado para Rota,2026-09-01T04:30:00.000Z,CCM-SC,a0Fg8000006qKpIEAU,,
LT77120323BR,Saiu para Entrega,2026-09-01T05:00:00.000Z,,a0Fg8000006qKpIEAU,Itajai,
LT77120323BR,Recusado pelo Destinatario,2026-09-01T13:00:00.000Z,,a0Fg8000006qKpIEAU,,
LT77120323BR,Devolucao Iniciada,2026-09-02T13:00:00.000Z,CCM-SC,,,
LT77120324BR,Etiqueta Gerada,2026-08-15T07:00:00.000Z,,,,Pedido postado pelo embarcador.
LT77120324BR,Coleta Realizada,2026-08-15T20:00:00.000Z,,,,Coleta realizada.
LT77120324BR,Chegada ao SC,2026-08-17T07:00:00.000Z,PR SJS,,,
LT77120324BR,Triagem no SC,2026-08-17T09:00:00.000Z,PR SJS,,,
LT77120324BR,Saida do SC (Transferencia),2026-08-18T01:00:00.000Z,PR SJS,,,
LT77120324BR,Chegada a Base,2026-08-18T14:00:00.000Z,CIC-PR,,,
LT77120324BR,Triagem na Base,2026-08-18T17:00:00.000Z,CIC-PR,,,
LT77120324BR,Retido,2026-08-20T03:00:00.000Z,CIC-PR,,,Passou do prazo de entrega sem sucesso.
LT77120325BR,Etiqueta Gerada,2026-08-09T03:00:00.000Z,,,,Pedido postado pelo embarcador.
LT77120325BR,Coleta Realizada,2026-08-09T12:00:00.000Z,,,,Coleta realizada.
LT77120325BR,Chegada ao SC,2026-08-11T04:00:00.000Z,SC BNU,,,
LT77120325BR,Triagem no SC,2026-08-11T06:00:00.000Z,SC BNU,,,
LT77120325BR,Saida do SC (Transferencia),2026-08-11T16:00:00.000Z,SC BNU,,,
LT77120325BR,Chegada a Base,2026-08-12T15:00:00.000Z,F BLU-SC,,,
LT77120325BR,Triagem na Base,2026-08-12T18:00:00.000Z,F BLU-SC,,,
LT77120325BR,Bipado para Rota,2026-08-12T23:30:00.000Z,F BLU-SC,a0Fg8000006qKp6EAE,,
LT77120325BR,Saiu para Entrega,2026-08-13T00:00:00.000Z,,a0Fg8000006qKp6EAE,Balneario Camboriu,
LT77120325BR,Entregue,2026-08-13T01:00:00.000Z,,a0Fg8000006qKp6EAE,Balneario Camboriu,Entregue ao destinatario.
LT77120326BR,Etiqueta Gerada,2026-08-24T13:00:00.000Z,,,,Pedido postado pelo embarcador.
LT77120326BR,Coleta Realizada,2026-08-25T03:00:00.000Z,,,,Coleta realizada.
LT77120326BR,Chegada ao SC,2026-08-25T23:00:00.000Z,SC BNU,,,
LT77120326BR,Triagem no SC,2026-08-26T01:00:00.000Z,SC BNU,,,
LT77120326BR,Saida do SC (Transferencia),2026-08-26T17:00:00.000Z,SC BNU,,,
LT77120326BR,Chegada a Base,2026-08-27T00:00:00.000Z,SJE-SC,,,
LT77120326BR,Triagem na Base,2026-08-27T03:00:00.000Z,SJE-SC,,,
LT77120326BR,Bipado para Rota,2026-08-27T13:30:00.000Z,SJE-SC,a0Fg8000006qKpHEAU,,
LT77120326BR,Saiu para Entrega,2026-08-27T14:00:00.000Z,,a0Fg8000006qKpHEAU,Criciuma,
LT77120326BR,Entregue,2026-08-27T17:00:00.000Z,,a0Fg8000006qKpHEAU,Criciuma,Entregue ao destinatario.
LT77120327BR,Etiqueta Gerada,2026-08-19T11:00:00.000Z,,,,Pedido postado pelo embarcador.
LT77120327BR,Coleta Realizada,2026-08-19T23:00:00.000Z,,,,Coleta realizada.
LT77120327BR,Chegada ao SC,2026-08-20T14:00:00.000Z,PR SJS,,,
LT77120327BR,Triagem no SC,2026-08-20T16:00:00.000Z,PR SJS,,,
LT77120327BR,Saida do SC (Transferencia),2026-08-20T23:00:00.000Z,PR SJS,,,
LT77120327BR,Chegada a Base,2026-08-21T12:00:00.000Z,ARP-PR,,,
LT77120327BR,Triagem na Base,2026-08-21T15:00:00.000Z,ARP-PR,,,
LT77120327BR,Sem Movimentacao Detectada,2026-09-04T02:00:00.000Z,ARP-PR,,,Sem atualizacao ha mais de 6 horas.
LT77120328BR,Etiqueta Gerada,2026-08-12T21:00:00.000Z,,,,Pedido postado pelo embarcador.
LT77120328BR,Coleta Realizada,2026-08-13T01:00:00.000Z,,,,Coleta realizada.
LT77120328BR,Chegada ao SC,2026-08-14T06:00:00.000Z,SC BNU,,,
LT77120328BR,Triagem no SC,2026-08-14T08:00:00.000Z,SC BNU,,,
LT77120328BR,Saida do SC (Transferencia),2026-08-14T14:00:00.000Z,SC BNU,,,
LT77120328BR,Chegada a Base,2026-08-15T12:00:00.000Z,F JOI-SC,,,
LT77120328BR,Triagem na Base,2026-08-15T15:00:00.000Z,F JOI-SC,,,
LT77120328BR,Retido,2026-08-16T20:00:00.000Z,F JOI-SC,,,Passou do prazo de entrega sem sucesso.
LT77120329BR,Etiqueta Gerada,2026-08-06T12:00:00.000Z,,,,Pedido postado pelo embarcador.
LT77120329BR,Coleta Realizada,2026-08-07T06:00:00.000Z,,,,Coleta realizada.
LT77120329BR,Chegada ao SC,2026-08-08T22:00:00.000Z,SC BNU,,,
LT77120329BR,Triagem no SC,2026-08-09T00:00:00.000Z,SC BNU,,,
LT77120329BR,Saida do SC (Transferencia),2026-08-09T04:00:00.000Z,SC BNU,,,
LT77120329BR,Chegada a Base,2026-08-09T15:00:00.000Z,F BLU-SC,,,
LT77120329BR,Triagem na Base,2026-08-09T18:00:00.000Z,F BLU-SC,,,
LT77120329BR,Bipado para Rota,2026-08-09T17:30:00.000Z,F BLU-SC,a0Fg8000006qKp6EAE,,
LT77120329BR,Saiu para Entrega,2026-08-09T18:00:00.000Z,,a0Fg8000006qKp6EAE,Itajai,
LT77120329BR,Destinatario Ausente,2026-08-09T23:00:00.000Z,,a0Fg8000006qKp6EAE,,Sem sucesso na entrega. Nova tentativa agendada.
LT77120330BR,Etiqueta Gerada,2026-08-20T20:00:00.000Z,,,,Pedido postado pelo embarcador.
LT77120330BR,Coleta Realizada,2026-08-21T08:00:00.000Z,,,,Coleta realizada.
LT77120330BR,Chegada ao SC,2026-08-22T08:00:00.000Z,PR SJS,,,
LT77120330BR,Triagem no SC,2026-08-22T10:00:00.000Z,PR SJS,,,
LT77120330BR,Saida do SC (Transferencia),2026-08-22T22:00:00.000Z,PR SJS,,,
LT77120330BR,Chegada a Base,2026-08-23T19:00:00.000Z,CIC-PR,,,
LT77120330BR,Triagem na Base,2026-08-23T22:00:00.000Z,CIC-PR,,,
LT77120330BR,Bipado para Rota,2026-08-24T00:30:00.000Z,CIC-PR,a0Fg8000006qKp8EAE,,
LT77120330BR,Saiu para Entrega,2026-08-24T01:00:00.000Z,,a0Fg8000006qKp8EAE,Londrina,
LT77120330BR,Entregue,2026-08-24T08:00:00.000Z,,a0Fg8000006qKp8EAE,Londrina,Entregue ao destinatario.
LT77120331BR,Etiqueta Gerada,2026-08-20T00:00:00.000Z,,,,Pedido postado pelo embarcador.
LT77120331BR,Coleta Realizada,2026-08-20T04:00:00.000Z,,,,Coleta realizada.
LT77120331BR,Chegada ao SC,2026-08-21T13:00:00.000Z,RS NSR,,,
LT77120331BR,Triagem no SC,2026-08-21T15:00:00.000Z,RS NSR,,,
LT77120331BR,Saida do SC (Transferencia),2026-08-21T17:00:00.000Z,RS NSR,,,
LT77120331BR,Chegada a Base,2026-08-22T08:00:00.000Z,CXJ-RS,,,
LT77120331BR,Triagem na Base,2026-08-22T11:00:00.000Z,CXJ-RS,,,
LT77120331BR,Bipado para Rota,2026-08-22T14:30:00.000Z,CXJ-RS,a0Fg8000006qKosEAE,,
LT77120331BR,Saiu para Entrega,2026-08-22T15:00:00.000Z,,a0Fg8000006qKosEAE,Gravatai,
LT77120331BR,Entregue,2026-08-22T19:00:00.000Z,,a0Fg8000006qKosEAE,Gravatai,Entregue ao destinatario.
LT77120332BR,Etiqueta Gerada,2026-08-27T06:00:00.000Z,,,,Pedido postado pelo embarcador.
LT77120332BR,Coleta Realizada,2026-08-27T18:00:00.000Z,,,,Coleta realizada.
LT77120332BR,Chegada ao SC,2026-08-28T00:00:00.000Z,RS NSR,,,
LT77120332BR,Triagem no SC,2026-08-28T02:00:00.000Z,RS NSR,,,
LT77120332BR,Saida do SC (Transferencia),2026-08-28T09:00:00.000Z,RS NSR,,,
LT77120332BR,Chegada a Base,2026-08-28T20:00:00.000Z,CXJ-RS,,,
LT77120332BR,Triagem na Base,2026-08-28T23:00:00.000Z,CXJ-RS,,,
LT77120332BR,Bipado para Rota,2026-08-28T22:30:00.000Z,CXJ-RS,a0Fg8000006qKosEAE,,
LT77120332BR,Saiu para Entrega,2026-08-28T23:00:00.000Z,,a0Fg8000006qKosEAE,Sao Leopoldo,
LT77120333BR,Etiqueta Gerada,2026-08-30T20:00:00.000Z,,,,Pedido postado pelo embarcador.
LT77120333BR,Coleta Realizada,2026-08-31T07:00:00.000Z,,,,Coleta realizada.
LT77120333BR,Chegada ao SC,2026-08-31T15:00:00.000Z,PR SJS,,,
LT77120333BR,Triagem no SC,2026-08-31T17:00:00.000Z,PR SJS,,,
LT77120333BR,Saida do SC (Transferencia),2026-09-01T09:00:00.000Z,PR SJS,,,
LT77120333BR,Chegada a Base,2026-09-01T19:00:00.000Z,CIC-PR,,,
LT77120333BR,Triagem na Base,2026-09-01T22:00:00.000Z,CIC-PR,,,
LT77120333BR,Bipado para Rota,2026-09-02T00:30:00.000Z,CIC-PR,a0Fg8000006qKp8EAE,,
LT77120333BR,Saiu para Entrega,2026-09-02T01:00:00.000Z,,a0Fg8000006qKp8EAE,Maringa,
LT77120333BR,Entregue,2026-09-02T05:00:00.000Z,,a0Fg8000006qKp8EAE,Maringa,Entregue ao destinatario.
LT77120334BR,Etiqueta Gerada,2026-08-29T10:00:00.000Z,,,,Pedido postado pelo embarcador.
LT77120334BR,Coleta Realizada,2026-08-29T22:00:00.000Z,,,,Coleta realizada.
LT77120334BR,Chegada ao SC,2026-08-31T13:00:00.000Z,SC BNU,,,
LT77120334BR,Triagem no SC,2026-08-31T15:00:00.000Z,SC BNU,,,
LT77120334BR,Saida do SC (Transferencia),2026-08-31T23:00:00.000Z,SC BNU,,,
LT77120334BR,Chegada a Base,2026-09-01T22:00:00.000Z,CCM-SC,,,
LT77120334BR,Triagem na Base,2026-09-02T01:00:00.000Z,CCM-SC,,,
LT77120334BR,Bipado para Rota,2026-09-02T02:30:00.000Z,CCM-SC,a0Fg8000006qKorEAE,,
LT77120334BR,Saiu para Entrega,2026-09-02T03:00:00.000Z,,a0Fg8000006qKorEAE,Palhoca,
LT77120335BR,Etiqueta Gerada,2026-08-29T11:00:00.000Z,,,,Pedido postado pelo embarcador.
LT77120335BR,Coleta Realizada,2026-08-30T11:00:00.000Z,,,,Coleta realizada.
LT77120335BR,Chegada ao SC,2026-08-31T23:00:00.000Z,PR SJS,,,
LT77120335BR,Triagem no SC,2026-09-01T01:00:00.000Z,PR SJS,,,
LT77120335BR,Saida do SC (Transferencia),2026-09-01T17:00:00.000Z,PR SJS,,,
LT77120335BR,Chegada a Base,2026-09-02T12:00:00.000Z,ARP-PR,,,
LT77120335BR,Triagem na Base,2026-09-02T15:00:00.000Z,ARP-PR,,,
LT77120335BR,Bipado para Rota,2026-09-02T13:30:00.000Z,ARP-PR,a0Fg8000006qKooEAE,,
LT77120335BR,Saiu para Entrega,2026-09-02T14:00:00.000Z,,a0Fg8000006qKooEAE,Ponta Grossa,
LT77120335BR,Entregue,2026-09-02T21:00:00.000Z,,a0Fg8000006qKooEAE,Ponta Grossa,Entregue ao destinatario.
LT77120336BR,Etiqueta Gerada,2026-08-16T12:00:00.000Z,,,,Pedido postado pelo embarcador.
LT77120336BR,Coleta Realizada,2026-08-17T09:00:00.000Z,,,,Coleta realizada.
LT77120336BR,Chegada ao SC,2026-08-18T08:00:00.000Z,RS NSR,,,
LT77120336BR,Triagem no SC,2026-08-18T10:00:00.000Z,RS NSR,,,
LT77120336BR,Saida do SC (Transferencia),2026-08-18T19:00:00.000Z,RS NSR,,,
LT77120336BR,Chegada a Base,2026-08-19T10:00:00.000Z,F CNS-RS,,,
LT77120336BR,Triagem na Base,2026-08-19T13:00:00.000Z,F CNS-RS,,,
LT77120336BR,Bipado para Rota,2026-08-19T23:30:00.000Z,F CNS-RS,a0Fg8000006qKpKEAU,,
LT77120336BR,Saiu para Entrega,2026-08-20T00:00:00.000Z,,a0Fg8000006qKpKEAU,Canoas,
LT77120336BR,Entregue,2026-08-20T08:00:00.000Z,,a0Fg8000006qKpKEAU,Canoas,Entregue ao destinatario.
LT77120337BR,Etiqueta Gerada,2026-08-31T09:00:00.000Z,,,,Pedido postado pelo embarcador.
LT77120337BR,Coleta Realizada,2026-09-01T13:00:00.000Z,,,,Coleta realizada.
LT77120337BR,Chegada ao SC,2026-09-02T18:00:00.000Z,RS NSR,,,
LT77120337BR,Triagem no SC,2026-09-02T20:00:00.000Z,RS NSR,,,
LT77120337BR,Saida do SC (Transferencia),2026-09-03T00:00:00.000Z,RS NSR,,,
LT77120337BR,Chegada a Base,2026-09-03T22:00:00.000Z,POA-RS,,,
LT77120337BR,Triagem na Base,2026-09-04T01:00:00.000Z,POA-RS,,,
LT77120337BR,Retido,2026-09-05T15:00:00.000Z,POA-RS,,,Passou do prazo de entrega sem sucesso.
LT77120338BR,Etiqueta Gerada,2026-08-24T11:00:00.000Z,,,,Pedido postado pelo embarcador.
LT77120338BR,Coleta Realizada,2026-08-25T13:00:00.000Z,,,,Coleta realizada.
LT77120338BR,Chegada ao SC,2026-08-26T08:00:00.000Z,SC BNU,,,
LT77120338BR,Triagem no SC,2026-08-26T10:00:00.000Z,SC BNU,,,
LT77120338BR,Saida do SC (Transferencia),2026-08-26T19:00:00.000Z,SC BNU,,,
LT77120338BR,Chegada a Base,2026-08-27T16:00:00.000Z,TUB-SC,,,
LT77120338BR,Triagem na Base,2026-08-27T19:00:00.000Z,TUB-SC,,,
LT77120338BR,Bipado para Rota,2026-08-27T19:30:00.000Z,TUB-SC,a0Fg8000006qKp3EAE,,
LT77120338BR,Saiu para Entrega,2026-08-27T20:00:00.000Z,,a0Fg8000006qKp3EAE,Sao Jose,
LT77120338BR,Entregue,2026-08-28T00:00:00.000Z,,a0Fg8000006qKp3EAE,Sao Jose,Entregue ao destinatario.
LT77120339BR,Etiqueta Gerada,2026-07-31T19:00:00.000Z,,,,Pedido postado pelo embarcador.
LT77120339BR,Coleta Realizada,2026-08-01T03:00:00.000Z,,,,Coleta realizada.
LT77120339BR,Chegada ao SC,2026-08-02T02:00:00.000Z,SC BNU,,,
LT77120339BR,Triagem no SC,2026-08-02T04:00:00.000Z,SC BNU,,,
LT77120339BR,Saida do SC (Transferencia),2026-08-02T07:00:00.000Z,SC BNU,,,
LT77120339BR,Chegada a Base,2026-08-02T20:00:00.000Z,SJE-SC,,,
LT77120339BR,Triagem na Base,2026-08-02T23:00:00.000Z,SJE-SC,,,
LT77120339BR,Bipado para Rota,2026-08-03T00:30:00.000Z,SJE-SC,a0Fg8000006qKpHEAU,,
LT77120339BR,Saiu para Entrega,2026-08-03T01:00:00.000Z,,a0Fg8000006qKpHEAU,Itajai,
LT77120339BR,Entregue,2026-08-03T06:00:00.000Z,,a0Fg8000006qKpHEAU,Itajai,Entregue ao destinatario.
LT77120340BR,Etiqueta Gerada,2026-09-02T08:00:00.000Z,,,,Pedido postado pelo embarcador.
LT77120340BR,Coleta Realizada,2026-09-03T11:00:00.000Z,,,,Coleta realizada.
LT77120340BR,Chegada ao SC,2026-09-04T18:00:00.000Z,SC BNU,,,
LT77120340BR,Triagem no SC,2026-09-04T20:00:00.000Z,SC BNU,,,
LT77120340BR,Saida do SC (Transferencia),2026-09-05T01:00:00.000Z,SC BNU,,,
LT77120340BR,Chegada a Base,2026-09-06T01:00:00.000Z,TUB-SC,,,
LT77120340BR,Triagem na Base,2026-09-06T04:00:00.000Z,TUB-SC,,,
LT77120340BR,Bipado para Rota,2026-09-06T14:30:00.000Z,TUB-SC,a0Fg8000006qKp3EAE,,
LT77120340BR,Saiu para Entrega,2026-09-06T15:00:00.000Z,,a0Fg8000006qKp3EAE,Blumenau,
LT77120340BR,Entregue,2026-09-07T01:00:00.000Z,,a0Fg8000006qKp3EAE,Blumenau,Entregue ao destinatario.
LT77120341BR,Etiqueta Gerada,2026-09-03T05:00:00.000Z,,,,Pedido postado pelo embarcador.
LT77120341BR,Coleta Realizada,2026-09-03T10:00:00.000Z,,,,Coleta realizada.
LT77120341BR,Chegada ao SC,2026-09-04T08:00:00.000Z,PR SJS,,,
LT77120341BR,Triagem no SC,2026-09-04T10:00:00.000Z,PR SJS,,,
LT77120341BR,Saida do SC (Transferencia),2026-09-04T20:00:00.000Z,PR SJS,,,
LT77120341BR,Chegada a Base,2026-09-05T07:00:00.000Z,CIC-PR,,,
LT77120341BR,Triagem na Base,2026-09-05T10:00:00.000Z,CIC-PR,,,
LT77120341BR,Bipado para Rota,2026-09-05T19:30:00.000Z,CIC-PR,a0Fg8000006qKp8EAE,,
LT77120341BR,Saiu para Entrega,2026-09-05T20:00:00.000Z,,a0Fg8000006qKp8EAE,Foz do Iguacu,
LT77120341BR,Recusado pelo Destinatario,2026-09-06T05:00:00.000Z,,a0Fg8000006qKp8EAE,,
LT77120341BR,Devolucao Iniciada,2026-09-07T05:00:00.000Z,CIC-PR,,,
LT77120342BR,Etiqueta Gerada,2026-08-21T04:00:00.000Z,,,,Pedido postado pelo embarcador.
LT77120342BR,Coleta Realizada,2026-08-22T01:00:00.000Z,,,,Coleta realizada.
LT77120342BR,Chegada ao SC,2026-08-22T14:00:00.000Z,SC BNU,,,
LT77120342BR,Triagem no SC,2026-08-22T16:00:00.000Z,SC BNU,,,
LT77120342BR,Saida do SC (Transferencia),2026-08-22T22:00:00.000Z,SC BNU,,,
LT77120342BR,Chegada a Base,2026-08-23T06:00:00.000Z,TUB-SC,,,
LT77120342BR,Triagem na Base,2026-08-23T09:00:00.000Z,TUB-SC,,,
LT77120342BR,Bipado para Rota,2026-08-23T18:30:00.000Z,TUB-SC,a0Fg8000006qKp3EAE,,
LT77120342BR,Saiu para Entrega,2026-08-23T19:00:00.000Z,,a0Fg8000006qKp3EAE,Balneario Camboriu,
LT77120342BR,Entregue,2026-08-24T01:00:00.000Z,,a0Fg8000006qKp3EAE,Balneario Camboriu,Entregue ao destinatario.
LT77120343BR,Etiqueta Gerada,2026-08-02T14:00:00.000Z,,,,Pedido postado pelo embarcador.
LT77120343BR,Coleta Realizada,2026-08-02T19:00:00.000Z,,,,Coleta realizada.
LT77120343BR,Chegada ao SC,2026-08-03T21:00:00.000Z,PR SJS,,,
LT77120343BR,Triagem no SC,2026-08-03T23:00:00.000Z,PR SJS,,,
LT77120343BR,Saida do SC (Transferencia),2026-08-04T16:00:00.000Z,PR SJS,,,
LT77120343BR,Chegada a Base,2026-08-05T04:00:00.000Z,CIC-PR,,,
LT77120343BR,Triagem na Base,2026-08-05T07:00:00.000Z,CIC-PR,,,
LT77120343BR,Bipado para Rota,2026-08-05T13:30:00.000Z,CIC-PR,a0Fg8000006qKp8EAE,,
LT77120343BR,Saiu para Entrega,2026-08-05T14:00:00.000Z,,a0Fg8000006qKp8EAE,Guarapuava,
LT77120343BR,Entregue,2026-08-05T20:00:00.000Z,,a0Fg8000006qKp8EAE,Guarapuava,Entregue ao destinatario.
LT77120344BR,Etiqueta Gerada,2026-08-25T21:00:00.000Z,,,,Pedido postado pelo embarcador.
LT77120344BR,Coleta Realizada,2026-08-27T02:00:00.000Z,,,,Coleta realizada.
LT77120344BR,Chegada ao SC,2026-08-28T16:00:00.000Z,RS NSR,,,
LT77120344BR,Triagem no SC,2026-08-28T18:00:00.000Z,RS NSR,,,
LT77120344BR,Saida do SC (Transferencia),2026-08-29T08:00:00.000Z,RS NSR,,,
LT77120344BR,Chegada a Base,2026-08-30T08:00:00.000Z,POA-RS,,,
LT77120344BR,Triagem na Base,2026-08-30T11:00:00.000Z,POA-RS,,,
LT77120344BR,Bipado para Rota,2026-08-30T09:30:00.000Z,POA-RS,a0Fg8000006qKp7EAE,,
LT77120344BR,Saiu para Entrega,2026-08-30T10:00:00.000Z,,a0Fg8000006qKp7EAE,Alvorada,
LT77120344BR,Entregue,2026-08-30T18:00:00.000Z,,a0Fg8000006qKp7EAE,Alvorada,Entregue ao destinatario.
LT77120345BR,Etiqueta Gerada,2026-09-03T18:00:00.000Z,,,,Pedido postado pelo embarcador.
LT77120345BR,Coleta Realizada,2026-09-04T23:00:00.000Z,,,,Coleta realizada.
LT77120345BR,Chegada ao SC,2026-09-05T22:00:00.000Z,SC BNU,,,
LT77120345BR,Triagem no SC,2026-09-06T00:00:00.000Z,SC BNU,,,
LT77120345BR,Saida do SC (Transferencia),2026-09-06T13:00:00.000Z,SC BNU,,,
LT77120345BR,Chegada a Base,2026-09-07T11:00:00.000Z,CCM-SC,,,
LT77120345BR,Triagem na Base,2026-09-07T14:00:00.000Z,CCM-SC,,,
LT77120345BR,Bipado para Rota,2026-09-07T19:30:00.000Z,CCM-SC,a0Fg8000006qKorEAE,,
LT77120345BR,Saiu para Entrega,2026-09-07T20:00:00.000Z,,a0Fg8000006qKorEAE,Blumenau,
LT77120345BR,Entregue,2026-09-08T00:00:00.000Z,,a0Fg8000006qKorEAE,Blumenau,Entregue ao destinatario.
LT77120346BR,Etiqueta Gerada,2026-08-03T08:00:00.000Z,,,,Pedido postado pelo embarcador.
LT77120346BR,Coleta Realizada,2026-08-03T17:00:00.000Z,,,,Coleta realizada.
LT77120346BR,Chegada ao SC,2026-08-05T04:00:00.000Z,RS NSR,,,
LT77120346BR,Triagem no SC,2026-08-05T06:00:00.000Z,RS NSR,,,
LT77120346BR,Saida do SC (Transferencia),2026-08-05T12:00:00.000Z,RS NSR,,,
LT77120346BR,Chegada a Base,2026-08-05T21:00:00.000Z,F PET-RS,,,
LT77120346BR,Triagem na Base,2026-08-06T00:00:00.000Z,F PET-RS,,,
LT77120346BR,Bipado para Rota,2026-08-06T09:30:00.000Z,F PET-RS,a0Fg8000006qKowEAE,,
LT77120346BR,Saiu para Entrega,2026-08-06T10:00:00.000Z,,a0Fg8000006qKowEAE,Santa Maria,
LT77120346BR,Entregue,2026-08-06T20:00:00.000Z,,a0Fg8000006qKowEAE,Santa Maria,Entregue ao destinatario.
LT77120347BR,Etiqueta Gerada,2026-08-26T03:00:00.000Z,,,,Pedido postado pelo embarcador.
LT77120347BR,Coleta Realizada,2026-08-27T05:00:00.000Z,,,,Coleta realizada.
LT77120347BR,Chegada ao SC,2026-08-28T09:00:00.000Z,PR SJS,,,
LT77120347BR,Triagem no SC,2026-08-28T11:00:00.000Z,PR SJS,,,
LT77120347BR,Saida do SC (Transferencia),2026-08-29T01:00:00.000Z,PR SJS,,,
LT77120347BR,Chegada a Base,2026-08-30T00:00:00.000Z,ARP-PR,,,
LT77120347BR,Triagem na Base,2026-08-30T03:00:00.000Z,ARP-PR,,,
LT77120347BR,Bipado para Rota,2026-08-30T08:30:00.000Z,ARP-PR,a0Fg8000006qKooEAE,,
LT77120347BR,Saiu para Entrega,2026-08-30T09:00:00.000Z,,a0Fg8000006qKooEAE,Toledo,
LT77120347BR,Entregue,2026-08-30T11:00:00.000Z,,a0Fg8000006qKooEAE,Toledo,Entregue ao destinatario.
LT77120348BR,Etiqueta Gerada,2026-09-04T09:00:00.000Z,,,,Pedido postado pelo embarcador.
LT77120348BR,Coleta Realizada,2026-09-05T00:00:00.000Z,,,,Coleta realizada.
LT77120348BR,Chegada ao SC,2026-09-06T04:00:00.000Z,PR SJS,,,
LT77120348BR,Triagem no SC,2026-09-06T06:00:00.000Z,PR SJS,,,
LT77120348BR,Saida do SC (Transferencia),2026-09-06T20:00:00.000Z,PR SJS,,,
LT77120348BR,Chegada a Base,2026-09-07T05:00:00.000Z,F LOD-PR,,,
LT77120348BR,Triagem na Base,2026-09-07T08:00:00.000Z,F LOD-PR,,,
LT77120348BR,Bipado para Rota,2026-09-07T09:30:00.000Z,F LOD-PR,a0Fg8000006qKotEAE,,
LT77120348BR,Saiu para Entrega,2026-09-07T10:00:00.000Z,,a0Fg8000006qKotEAE,Ponta Grossa,
LT77120348BR,Entregue,2026-09-07T11:00:00.000Z,,a0Fg8000006qKotEAE,Ponta Grossa,Entregue ao destinatario.
LT77120349BR,Etiqueta Gerada,2026-08-06T01:00:00.000Z,,,,Pedido postado pelo embarcador.
LT77120349BR,Coleta Realizada,2026-08-07T02:00:00.000Z,,,,Coleta realizada.
LT77120349BR,Chegada ao SC,2026-08-08T11:00:00.000Z,RS NSR,,,
LT77120349BR,Triagem no SC,2026-08-08T13:00:00.000Z,RS NSR,,,
LT77120349BR,Saida do SC (Transferencia),2026-08-08T21:00:00.000Z,RS NSR,,,
LT77120349BR,Chegada a Base,2026-08-09T21:00:00.000Z,F PET-RS,,,
LT77120349BR,Triagem na Base,2026-08-10T00:00:00.000Z,F PET-RS,,,
LT77120349BR,Sem Movimentacao Detectada,2026-09-04T14:00:00.000Z,F PET-RS,,,Sem atualizacao ha mais de 6 horas.
LT77120350BR,Etiqueta Gerada,2026-08-02T19:00:00.000Z,,,,Pedido postado pelo embarcador.
LT77120350BR,Coleta Realizada,2026-08-03T23:00:00.000Z,,,,Coleta realizada.
LT77120350BR,Chegada ao SC,2026-08-05T12:00:00.000Z,SC BNU,,,
LT77120350BR,Triagem no SC,2026-08-05T14:00:00.000Z,SC BNU,,,
LT77120351BR,Etiqueta Gerada,2026-08-06T13:00:00.000Z,,,,Pedido postado pelo embarcador.
LT77120351BR,Coleta Realizada,2026-08-07T14:00:00.000Z,,,,Coleta realizada.
LT77120351BR,Chegada ao SC,2026-08-08T19:00:00.000Z,SC BNU,,,
LT77120351BR,Triagem no SC,2026-08-08T21:00:00.000Z,SC BNU,,,
LT77120351BR,Saida do SC (Transferencia),2026-08-09T04:00:00.000Z,SC BNU,,,
LT77120351BR,Chegada a Base,2026-08-09T08:00:00.000Z,TUB-SC,,,
LT77120351BR,Triagem na Base,2026-08-09T11:00:00.000Z,TUB-SC,,,
LT77120351BR,Bipado para Rota,2026-08-09T13:30:00.000Z,TUB-SC,a0Fg8000006qKp3EAE,,
LT77120351BR,Saiu para Entrega,2026-08-09T14:00:00.000Z,,a0Fg8000006qKp3EAE,Tubarao,
LT77120351BR,Entregue,2026-08-09T17:00:00.000Z,,a0Fg8000006qKp3EAE,Tubarao,Entregue ao destinatario.
LT77120352BR,Etiqueta Gerada,2026-09-04T08:00:00.000Z,,,,Pedido postado pelo embarcador.
LT77120352BR,Coleta Realizada,2026-09-04T20:00:00.000Z,,,,Coleta realizada.
LT77120352BR,Chegada ao SC,2026-09-05T03:00:00.000Z,RS NSR,,,
LT77120352BR,Triagem no SC,2026-09-05T05:00:00.000Z,RS NSR,,,
LT77120352BR,Saida do SC (Transferencia),2026-09-05T17:00:00.000Z,RS NSR,,,
LT77120352BR,Chegada a Base,2026-09-06T05:00:00.000Z,F PET-RS,,,
LT77120352BR,Triagem na Base,2026-09-06T08:00:00.000Z,F PET-RS,,,
LT77120352BR,Bipado para Rota,2026-09-06T11:30:00.000Z,F PET-RS,a0Fg8000006qKowEAE,,
LT77120352BR,Saiu para Entrega,2026-09-06T12:00:00.000Z,,a0Fg8000006qKowEAE,Passo Fundo,
LT77120352BR,Entregue,2026-09-06T20:00:00.000Z,,a0Fg8000006qKowEAE,Passo Fundo,Entregue ao destinatario.
LT77120353BR,Etiqueta Gerada,2026-08-04T04:00:00.000Z,,,,Pedido postado pelo embarcador.
LT77120353BR,Coleta Realizada,2026-08-04T18:00:00.000Z,,,,Coleta realizada.
LT77120353BR,Chegada ao SC,2026-08-06T05:00:00.000Z,RS NSR,,,
LT77120353BR,Triagem no SC,2026-08-06T07:00:00.000Z,RS NSR,,,
LT77120353BR,Saida do SC (Transferencia),2026-08-06T08:00:00.000Z,RS NSR,,,
LT77120354BR,Etiqueta Gerada,2026-08-11T03:00:00.000Z,,,,Pedido postado pelo embarcador.
LT77120354BR,Coleta Realizada,2026-08-12T09:00:00.000Z,,,,Coleta realizada.
LT77120354BR,Chegada ao SC,2026-08-12T17:00:00.000Z,RS NSR,,,
LT77120354BR,Triagem no SC,2026-08-12T19:00:00.000Z,RS NSR,,,
LT77120354BR,Saida do SC (Transferencia),2026-08-12T21:00:00.000Z,RS NSR,,,
LT77120354BR,Chegada a Base,2026-08-13T20:00:00.000Z,POA-RS,,,
LT77120354BR,Triagem na Base,2026-08-13T23:00:00.000Z,POA-RS,,,
LT77120354BR,Retido,2026-08-15T12:00:00.000Z,POA-RS,,,Passou do prazo de entrega sem sucesso.
LT77120355BR,Etiqueta Gerada,2026-08-09T19:00:00.000Z,,,,Pedido postado pelo embarcador.
LT77120355BR,Coleta Realizada,2026-08-10T15:00:00.000Z,,,,Coleta realizada.
LT77120355BR,Chegada ao SC,2026-08-12T02:00:00.000Z,PR SJS,,,
LT77120355BR,Triagem no SC,2026-08-12T04:00:00.000Z,PR SJS,,,
LT77120355BR,Saida do SC (Transferencia),2026-08-12T08:00:00.000Z,PR SJS,,,
LT77120355BR,Chegada a Base,2026-08-12T18:00:00.000Z,ARP-PR,,,
LT77120355BR,Triagem na Base,2026-08-12T21:00:00.000Z,ARP-PR,,,
LT77120355BR,Bipado para Rota,2026-08-13T00:30:00.000Z,ARP-PR,a0Fg8000006qKonEAE,,
LT77120355BR,Saiu para Entrega,2026-08-13T01:00:00.000Z,,a0Fg8000006qKonEAE,Cascavel,
LT77120355BR,Entregue,2026-08-13T11:00:00.000Z,,a0Fg8000006qKonEAE,Cascavel,Entregue ao destinatario.
LT77120356BR,Etiqueta Gerada,2026-09-02T08:00:00.000Z,,,,Pedido postado pelo embarcador.
LT77120356BR,Coleta Realizada,2026-09-02T21:00:00.000Z,,,,Coleta realizada.
LT77120356BR,Chegada ao SC,2026-09-03T11:00:00.000Z,SC BNU,,,
LT77120356BR,Triagem no SC,2026-09-03T13:00:00.000Z,SC BNU,,,
LT77120356BR,Saida do SC (Transferencia),2026-09-03T14:00:00.000Z,SC BNU,,,
LT77120356BR,Chegada a Base,2026-09-04T01:00:00.000Z,F JOI-SC,,,
LT77120356BR,Triagem na Base,2026-09-04T04:00:00.000Z,F JOI-SC,,,
LT77120356BR,Retido,2026-09-05T16:00:00.000Z,F JOI-SC,,,Passou do prazo de entrega sem sucesso.
LT77120357BR,Etiqueta Gerada,2026-08-11T18:00:00.000Z,,,,Pedido postado pelo embarcador.
LT77120357BR,Coleta Realizada,2026-08-12T09:00:00.000Z,,,,Coleta realizada.
LT77120357BR,Chegada ao SC,2026-08-13T00:00:00.000Z,RS NSR,,,
LT77120357BR,Triagem no SC,2026-08-13T02:00:00.000Z,RS NSR,,,
LT77120357BR,Saida do SC (Transferencia),2026-08-13T08:00:00.000Z,RS NSR,,,
LT77120357BR,Chegada a Base,2026-08-13T16:00:00.000Z,CXJ-RS,,,
LT77120357BR,Triagem na Base,2026-08-13T19:00:00.000Z,CXJ-RS,,,
LT77120357BR,Bipado para Rota,2026-08-13T18:30:00.000Z,CXJ-RS,a0Fg8000006qKosEAE,,
LT77120357BR,Saiu para Entrega,2026-08-13T19:00:00.000Z,,a0Fg8000006qKosEAE,Novo Hamburgo,
LT77120357BR,Tentativa de Entrega,2026-08-14T05:00:00.000Z,,a0Fg8000006qKosEAE,Novo Hamburgo,Sem sucesso na entrega. Nova tentativa agendada.
LT77120358BR,Etiqueta Gerada,2026-08-01T22:00:00.000Z,,,,Pedido postado pelo embarcador.
LT77120358BR,Coleta Realizada,2026-08-03T03:00:00.000Z,,,,Coleta realizada.
LT77120358BR,Chegada ao SC,2026-08-04T06:00:00.000Z,SC BNU,,,
LT77120358BR,Triagem no SC,2026-08-04T08:00:00.000Z,SC BNU,,,
LT77120358BR,Saida do SC (Transferencia),2026-08-04T12:00:00.000Z,SC BNU,,,
LT77120358BR,Chegada a Base,2026-08-04T21:00:00.000Z,SJE-SC,,,
LT77120358BR,Triagem na Base,2026-08-05T00:00:00.000Z,SJE-SC,,,
LT77120358BR,Bipado para Rota,2026-08-05T10:30:00.000Z,SJE-SC,a0Fg8000006qKpHEAU,,
LT77120358BR,Saiu para Entrega,2026-08-05T11:00:00.000Z,,a0Fg8000006qKpHEAU,Sao Jose,
LT77120358BR,Destinatario Ausente,2026-08-05T18:00:00.000Z,,a0Fg8000006qKpHEAU,,Sem sucesso na entrega. Nova tentativa agendada.
LT77120359BR,Etiqueta Gerada,2026-08-11T10:00:00.000Z,,,,Pedido postado pelo embarcador.
LT77120359BR,Coleta Realizada,2026-08-12T14:00:00.000Z,,,,Coleta realizada.
LT77120359BR,Chegada ao SC,2026-08-13T17:00:00.000Z,PR SJS,,,
LT77120359BR,Triagem no SC,2026-08-13T19:00:00.000Z,PR SJS,,,
LT77120359BR,Saida do SC (Transferencia),2026-08-14T09:00:00.000Z,PR SJS,,,
LT77120359BR,Chegada a Base,2026-08-14T22:00:00.000Z,CIC-PR,,,
LT77120359BR,Triagem na Base,2026-08-15T01:00:00.000Z,CIC-PR,,,
LT77120359BR,Bipado para Rota,2026-08-15T09:30:00.000Z,CIC-PR,a0Fg8000006qKp8EAE,,
LT77120359BR,Saiu para Entrega,2026-08-15T10:00:00.000Z,,a0Fg8000006qKp8EAE,Apucarana,
LT77120359BR,Entregue,2026-08-15T20:00:00.000Z,,a0Fg8000006qKp8EAE,Apucarana,Entregue ao destinatario.
LT77120360BR,Etiqueta Gerada,2026-08-10T15:00:00.000Z,,,,Pedido postado pelo embarcador.
LT77120360BR,Coleta Realizada,2026-08-11T11:00:00.000Z,,,,Coleta realizada.
LT77120360BR,Chegada ao SC,2026-08-12T07:00:00.000Z,RS NSR,,,
LT77120360BR,Triagem no SC,2026-08-12T09:00:00.000Z,RS NSR,,,
LT77120360BR,Saida do SC (Transferencia),2026-08-12T12:00:00.000Z,RS NSR,,,
LT77120360BR,Chegada a Base,2026-08-12T17:00:00.000Z,F PET-RS,,,
LT77120360BR,Triagem na Base,2026-08-12T20:00:00.000Z,F PET-RS,,,
LT77120360BR,Bipado para Rota,2026-08-12T20:30:00.000Z,F PET-RS,a0Fg8000006qKowEAE,,
LT77120360BR,Saiu para Entrega,2026-08-12T21:00:00.000Z,,a0Fg8000006qKowEAE,Passo Fundo,
LT77120360BR,Entregue,2026-08-13T06:00:00.000Z,,a0Fg8000006qKowEAE,Passo Fundo,Entregue ao destinatario.
LT77120361BR,Etiqueta Gerada,2026-08-27T05:00:00.000Z,,,,Pedido postado pelo embarcador.
LT77120361BR,Coleta Realizada,2026-08-28T10:00:00.000Z,,,,Coleta realizada.
LT77120361BR,Chegada ao SC,2026-08-30T00:00:00.000Z,PR SJS,,,
LT77120361BR,Triagem no SC,2026-08-30T02:00:00.000Z,PR SJS,,,
LT77120361BR,Saida do SC (Transferencia),2026-08-30T14:00:00.000Z,PR SJS,,,
LT77120361BR,Chegada a Base,2026-08-31T00:00:00.000Z,F ARP-PR,,,
LT77120361BR,Triagem na Base,2026-08-31T03:00:00.000Z,F ARP-PR,,,
LT77120361BR,Sem Movimentacao Detectada,2026-09-05T13:00:00.000Z,F ARP-PR,,,Sem atualizacao ha mais de 6 horas.
LT77120362BR,Etiqueta Gerada,2026-08-27T21:00:00.000Z,,,,Pedido postado pelo embarcador.
LT77120362BR,Coleta Realizada,2026-08-28T16:00:00.000Z,,,,Coleta realizada.
LT77120362BR,Chegada ao SC,2026-08-29T03:00:00.000Z,PR SJS,,,
LT77120362BR,Triagem no SC,2026-08-29T05:00:00.000Z,PR SJS,,,
LT77120363BR,Etiqueta Gerada,2026-08-10T02:00:00.000Z,,,,Pedido postado pelo embarcador.
LT77120363BR,Coleta Realizada,2026-08-10T20:00:00.000Z,,,,Coleta realizada.
LT77120363BR,Chegada ao SC,2026-08-12T12:00:00.000Z,PR SJS,,,
LT77120363BR,Triagem no SC,2026-08-12T14:00:00.000Z,PR SJS,,,
LT77120363BR,Saida do SC (Transferencia),2026-08-13T03:00:00.000Z,PR SJS,,,
LT77120363BR,Chegada a Base,2026-08-13T22:00:00.000Z,F ARP-PR,,,
LT77120363BR,Triagem na Base,2026-08-14T01:00:00.000Z,F ARP-PR,,,
LT77120363BR,Bipado para Rota,2026-08-14T11:30:00.000Z,F ARP-PR,a0Fg8000006qKpEEAU,,
LT77120363BR,Saiu para Entrega,2026-08-14T12:00:00.000Z,,a0Fg8000006qKpEEAU,Toledo,
LT77120363BR,Entregue,2026-08-14T21:00:00.000Z,,a0Fg8000006qKpEEAU,Toledo,Entregue ao destinatario.
LT77120364BR,Etiqueta Gerada,2026-07-29T03:00:00.000Z,,,,Pedido postado pelo embarcador.
LT77120364BR,Coleta Realizada,2026-07-29T09:00:00.000Z,,,,Coleta realizada.
LT77120364BR,Chegada ao SC,2026-07-30T14:00:00.000Z,RS NSR,,,
LT77120364BR,Triagem no SC,2026-07-30T16:00:00.000Z,RS NSR,,,
LT77120364BR,Saida do SC (Transferencia),2026-07-31T03:00:00.000Z,RS NSR,,,
LT77120364BR,Chegada a Base,2026-07-31T20:00:00.000Z,CXJ-RS,,,
LT77120364BR,Triagem na Base,2026-07-31T23:00:00.000Z,CXJ-RS,,,
LT77120364BR,Bipado para Rota,2026-08-01T08:30:00.000Z,CXJ-RS,a0Fg8000006qKosEAE,,
LT77120364BR,Saiu para Entrega,2026-08-01T09:00:00.000Z,,a0Fg8000006qKosEAE,Canoas,
LT77120364BR,Entregue,2026-08-01T14:00:00.000Z,,a0Fg8000006qKosEAE,Canoas,Entregue ao destinatario.
LT77120365BR,Etiqueta Gerada,2026-08-15T09:00:00.000Z,,,,Pedido postado pelo embarcador.
LT77120365BR,Coleta Realizada,2026-08-15T14:00:00.000Z,,,,Coleta realizada.
LT77120365BR,Chegada ao SC,2026-08-16T17:00:00.000Z,SC BNU,,,
LT77120365BR,Triagem no SC,2026-08-16T19:00:00.000Z,SC BNU,,,
LT77120365BR,Saida do SC (Transferencia),2026-08-17T07:00:00.000Z,SC BNU,,,
LT77120365BR,Chegada a Base,2026-08-17T20:00:00.000Z,CCM-SC,,,
LT77120365BR,Triagem na Base,2026-08-17T23:00:00.000Z,CCM-SC,,,
LT77120365BR,Bipado para Rota,2026-08-18T04:30:00.000Z,CCM-SC,a0Fg8000006qKpIEAU,,
LT77120365BR,Saiu para Entrega,2026-08-18T05:00:00.000Z,,a0Fg8000006qKpIEAU,Joinville,
LT77120365BR,Entregue,2026-08-18T15:00:00.000Z,,a0Fg8000006qKpIEAU,Joinville,Entregue ao destinatario.
LT77120366BR,Etiqueta Gerada,2026-07-28T23:00:00.000Z,,,,Pedido postado pelo embarcador.
LT77120366BR,Coleta Realizada,2026-07-29T11:00:00.000Z,,,,Coleta realizada.
LT77120366BR,Chegada ao SC,2026-07-29T18:00:00.000Z,SC BNU,,,
LT77120366BR,Triagem no SC,2026-07-29T20:00:00.000Z,SC BNU,,,
LT77120366BR,Saida do SC (Transferencia),2026-07-30T00:00:00.000Z,SC BNU,,,
LT77120366BR,Chegada a Base,2026-07-30T19:00:00.000Z,F BLU-SC,,,
LT77120366BR,Triagem na Base,2026-07-30T22:00:00.000Z,F BLU-SC,,,
LT77120366BR,Bipado para Rota,2026-07-30T22:30:00.000Z,F BLU-SC,a0Fg8000006qKp6EAE,,
LT77120366BR,Saiu para Entrega,2026-07-30T23:00:00.000Z,,a0Fg8000006qKp6EAE,Chapeco,
LT77120366BR,Entregue,2026-07-31T04:00:00.000Z,,a0Fg8000006qKp6EAE,Chapeco,Entregue ao destinatario.
LT77120367BR,Etiqueta Gerada,2026-08-29T21:00:00.000Z,,,,Pedido postado pelo embarcador.
LT77120367BR,Coleta Realizada,2026-08-30T17:00:00.000Z,,,,Coleta realizada.
LT77120367BR,Chegada ao SC,2026-08-31T13:00:00.000Z,RS NSR,,,
LT77120367BR,Triagem no SC,2026-08-31T15:00:00.000Z,RS NSR,,,
LT77120367BR,Saida do SC (Transferencia),2026-08-31T17:00:00.000Z,RS NSR,,,
LT77120367BR,Chegada a Base,2026-09-01T06:00:00.000Z,POA-RS,,,
LT77120367BR,Triagem na Base,2026-09-01T09:00:00.000Z,POA-RS,,,
LT77120367BR,Bipado para Rota,2026-09-01T08:30:00.000Z,POA-RS,a0Fg8000006qKp7EAE,,
LT77120367BR,Saiu para Entrega,2026-09-01T09:00:00.000Z,,a0Fg8000006qKp7EAE,Sapucaia do Sul,
LT77120367BR,Entregue,2026-09-01T16:00:00.000Z,,a0Fg8000006qKp7EAE,Sapucaia do Sul,Entregue ao destinatario.
LT77120368BR,Etiqueta Gerada,2026-08-20T02:00:00.000Z,,,,Pedido postado pelo embarcador.
LT77120368BR,Coleta Realizada,2026-08-20T14:00:00.000Z,,,,Coleta realizada.
LT77120368BR,Chegada ao SC,2026-08-21T12:00:00.000Z,SC BNU,,,
LT77120368BR,Triagem no SC,2026-08-21T14:00:00.000Z,SC BNU,,,
LT77120368BR,Saida do SC (Transferencia),2026-08-21T16:00:00.000Z,SC BNU,,,
LT77120368BR,Chegada a Base,2026-08-22T15:00:00.000Z,TUB-SC,,,
LT77120368BR,Triagem na Base,2026-08-22T18:00:00.000Z,TUB-SC,,,
LT77120368BR,Bipado para Rota,2026-08-23T01:30:00.000Z,TUB-SC,a0Fg8000006qKp3EAE,,
LT77120368BR,Saiu para Entrega,2026-08-23T02:00:00.000Z,,a0Fg8000006qKp3EAE,Itajai,
LT77120368BR,Entregue,2026-08-23T12:00:00.000Z,,a0Fg8000006qKp3EAE,Itajai,Entregue ao destinatario.
LT77120369BR,Etiqueta Gerada,2026-08-19T04:00:00.000Z,,,,Pedido postado pelo embarcador.
LT77120369BR,Coleta Realizada,2026-08-20T09:00:00.000Z,,,,Coleta realizada.
LT77120369BR,Chegada ao SC,2026-08-21T06:00:00.000Z,SC BNU,,,
LT77120369BR,Triagem no SC,2026-08-21T08:00:00.000Z,SC BNU,,,
LT77120369BR,Saida do SC (Transferencia),2026-08-21T15:00:00.000Z,SC BNU,,,
LT77120369BR,Chegada a Base,2026-08-21T21:00:00.000Z,TUB-SC,,,
LT77120369BR,Triagem na Base,2026-08-22T00:00:00.000Z,TUB-SC,,,
LT77120369BR,Bipado para Rota,2026-08-22T08:30:00.000Z,TUB-SC,a0Fg8000006qKp3EAE,,
LT77120369BR,Saiu para Entrega,2026-08-22T09:00:00.000Z,,a0Fg8000006qKp3EAE,Joinville,
LT77120369BR,Entregue,2026-08-22T17:00:00.000Z,,a0Fg8000006qKp3EAE,Joinville,Entregue ao destinatario.
LT77120370BR,Etiqueta Gerada,2026-07-31T22:00:00.000Z,,,,Pedido postado pelo embarcador.
LT77120370BR,Coleta Realizada,2026-08-02T01:00:00.000Z,,,,Coleta realizada.
LT77120370BR,Chegada ao SC,2026-08-02T18:00:00.000Z,PR SJS,,,
LT77120370BR,Triagem no SC,2026-08-02T20:00:00.000Z,PR SJS,,,
LT77120370BR,Saida do SC (Transferencia),2026-08-03T02:00:00.000Z,PR SJS,,,
LT77120370BR,Chegada a Base,2026-08-03T20:00:00.000Z,F ARP-PR,,,
LT77120370BR,Triagem na Base,2026-08-03T23:00:00.000Z,F ARP-PR,,,
LT77120370BR,Bipado para Rota,2026-08-04T06:30:00.000Z,F ARP-PR,a0Fg8000006qKpEEAU,,
LT77120370BR,Saiu para Entrega,2026-08-04T07:00:00.000Z,,a0Fg8000006qKpEEAU,Paranagua,
LT77120370BR,Entregue,2026-08-04T13:00:00.000Z,,a0Fg8000006qKpEEAU,Paranagua,Entregue ao destinatario.
LT77120371BR,Etiqueta Gerada,2026-08-15T00:00:00.000Z,,,,Pedido postado pelo embarcador.
LT77120371BR,Coleta Realizada,2026-08-15T15:00:00.000Z,,,,Coleta realizada.
LT77120371BR,Chegada ao SC,2026-08-16T17:00:00.000Z,RS NSR,,,
LT77120371BR,Triagem no SC,2026-08-16T19:00:00.000Z,RS NSR,,,
LT77120371BR,Saida do SC (Transferencia),2026-08-17T01:00:00.000Z,RS NSR,,,
LT77120371BR,Chegada a Base,2026-08-17T14:00:00.000Z,F PET-RS,,,
LT77120371BR,Triagem na Base,2026-08-17T17:00:00.000Z,F PET-RS,,,
LT77120371BR,Bipado para Rota,2026-08-18T03:30:00.000Z,F PET-RS,a0Fg8000006qKowEAE,,
LT77120371BR,Saiu para Entrega,2026-08-18T04:00:00.000Z,,a0Fg8000006qKowEAE,Canoas,
LT77120371BR,Entregue,2026-08-18T11:00:00.000Z,,a0Fg8000006qKowEAE,Canoas,Entregue ao destinatario.
LT77120372BR,Etiqueta Gerada,2026-08-30T19:00:00.000Z,,,,Pedido postado pelo embarcador.
LT77120372BR,Coleta Realizada,2026-08-31T09:00:00.000Z,,,,Coleta realizada.
LT77120372BR,Chegada ao SC,2026-08-31T22:00:00.000Z,RS NSR,,,
LT77120372BR,Triagem no SC,2026-09-01T00:00:00.000Z,RS NSR,,,
LT77120372BR,Saida do SC (Transferencia),2026-09-01T12:00:00.000Z,RS NSR,,,
LT77120372BR,Chegada a Base,2026-09-02T00:00:00.000Z,POA-RS,,,
LT77120372BR,Triagem na Base,2026-09-02T03:00:00.000Z,POA-RS,,,
LT77120372BR,Bipado para Rota,2026-09-02T11:30:00.000Z,POA-RS,a0Fg8000006qKp7EAE,,
LT77120372BR,Saiu para Entrega,2026-09-02T12:00:00.000Z,,a0Fg8000006qKp7EAE,Caxias do Sul,
LT77120372BR,Entregue,2026-09-02T14:00:00.000Z,,a0Fg8000006qKp7EAE,Caxias do Sul,Entregue ao destinatario.
LT77120373BR,Etiqueta Gerada,2026-08-20T16:00:00.000Z,,,,Pedido postado pelo embarcador.
LT77120373BR,Coleta Realizada,2026-08-21T07:00:00.000Z,,,,Coleta realizada.
LT77120373BR,Chegada ao SC,2026-08-22T02:00:00.000Z,RS NSR,,,
LT77120373BR,Triagem no SC,2026-08-22T04:00:00.000Z,RS NSR,,,
LT77120373BR,Saida do SC (Transferencia),2026-08-22T06:00:00.000Z,RS NSR,,,
LT77120373BR,Chegada a Base,2026-08-22T16:00:00.000Z,F CNS-RS,,,
LT77120373BR,Triagem na Base,2026-08-22T19:00:00.000Z,F CNS-RS,,,
LT77120373BR,Bipado para Rota,2026-08-22T20:30:00.000Z,F CNS-RS,a0Fg8000006qKpKEAU,,
LT77120373BR,Saiu para Entrega,2026-08-22T21:00:00.000Z,,a0Fg8000006qKpKEAU,Passo Fundo,
LT77120373BR,Entregue,2026-08-23T07:00:00.000Z,,a0Fg8000006qKpKEAU,Passo Fundo,Entregue ao destinatario.
LT77120374BR,Etiqueta Gerada,2026-08-04T02:00:00.000Z,,,,Pedido postado pelo embarcador.
LT77120374BR,Coleta Realizada,2026-08-05T06:00:00.000Z,,,,Coleta realizada.
LT77120374BR,Chegada ao SC,2026-08-06T07:00:00.000Z,PR SJS,,,
LT77120374BR,Triagem no SC,2026-08-06T09:00:00.000Z,PR SJS,,,
LT77120374BR,Saida do SC (Transferencia),2026-08-07T02:00:00.000Z,PR SJS,,,
LT77120374BR,Chegada a Base,2026-08-08T02:00:00.000Z,ALM-PR,,,
LT77120374BR,Triagem na Base,2026-08-08T05:00:00.000Z,ALM-PR,,,
LT77120374BR,Bipado para Rota,2026-08-08T07:30:00.000Z,ALM-PR,a0Fg8000006qKp5EAE,,
LT77120374BR,Saiu para Entrega,2026-08-08T08:00:00.000Z,,a0Fg8000006qKp5EAE,Guarapuava,
LT77120374BR,Entregue,2026-08-08T10:00:00.000Z,,a0Fg8000006qKp5EAE,Guarapuava,Entregue ao destinatario.
LT77120375BR,Etiqueta Gerada,2026-08-06T12:00:00.000Z,,,,Pedido postado pelo embarcador.
LT77120375BR,Coleta Realizada,2026-08-07T12:00:00.000Z,,,,Coleta realizada.
LT77120375BR,Chegada ao SC,2026-08-07T19:00:00.000Z,PR SJS,,,
LT77120375BR,Triagem no SC,2026-08-07T21:00:00.000Z,PR SJS,,,
LT77120375BR,Saida do SC (Transferencia),2026-08-08T07:00:00.000Z,PR SJS,,,
LT77120375BR,Chegada a Base,2026-08-08T13:00:00.000Z,F LOD-PR,,,
LT77120375BR,Triagem na Base,2026-08-08T16:00:00.000Z,F LOD-PR,,,
LT77120376BR,Etiqueta Gerada,2026-08-06T06:00:00.000Z,,,,Pedido postado pelo embarcador.
LT77120376BR,Coleta Realizada,2026-08-07T02:00:00.000Z,,,,Coleta realizada.
LT77120376BR,Chegada ao SC,2026-08-08T05:00:00.000Z,SC BNU,,,
LT77120376BR,Triagem no SC,2026-08-08T07:00:00.000Z,SC BNU,,,
LT77120376BR,Saida do SC (Transferencia),2026-08-08T16:00:00.000Z,SC BNU,,,
LT77120376BR,Chegada a Base,2026-08-09T07:00:00.000Z,CCM-SC,,,
LT77120376BR,Triagem na Base,2026-08-09T10:00:00.000Z,CCM-SC,,,
LT77120376BR,Bipado para Rota,2026-08-09T13:30:00.000Z,CCM-SC,a0Fg8000006qKorEAE,,
LT77120376BR,Saiu para Entrega,2026-08-09T14:00:00.000Z,,a0Fg8000006qKorEAE,Itajai,
LT77120376BR,Extravio Registrado,2026-08-13T16:00:00.000Z,CCM-SC,,,Remessa nao localizada. Processo de extravio aberto.
LT77120377BR,Etiqueta Gerada,2026-08-27T11:00:00.000Z,,,,Pedido postado pelo embarcador.
LT77120377BR,Coleta Realizada,2026-08-28T08:00:00.000Z,,,,Coleta realizada.
LT77120377BR,Chegada ao SC,2026-08-29T02:00:00.000Z,RS NSR,,,
LT77120377BR,Triagem no SC,2026-08-29T04:00:00.000Z,RS NSR,,,
LT77120377BR,Saida do SC (Transferencia),2026-08-29T13:00:00.000Z,RS NSR,,,
LT77120377BR,Chegada a Base,2026-08-30T07:00:00.000Z,POA-RS,,,
LT77120377BR,Triagem na Base,2026-08-30T10:00:00.000Z,POA-RS,,,
LT77120378BR,Etiqueta Gerada,2026-08-16T20:00:00.000Z,,,,Pedido postado pelo embarcador.
LT77120378BR,Coleta Realizada,2026-08-17T23:00:00.000Z,,,,Coleta realizada.
LT77120378BR,Chegada ao SC,2026-08-19T04:00:00.000Z,SC BNU,,,
LT77120378BR,Triagem no SC,2026-08-19T06:00:00.000Z,SC BNU,,,
LT77120378BR,Saida do SC (Transferencia),2026-08-19T23:00:00.000Z,SC BNU,,,
LT77120378BR,Chegada a Base,2026-08-20T18:00:00.000Z,SJE-SC,,,
LT77120378BR,Triagem na Base,2026-08-20T21:00:00.000Z,SJE-SC,,,
LT77120378BR,Bipado para Rota,2026-08-20T22:30:00.000Z,SJE-SC,a0Fg8000006qKpHEAU,,
LT77120378BR,Saiu para Entrega,2026-08-20T23:00:00.000Z,,a0Fg8000006qKpHEAU,Tubarao,
LT77120378BR,Entregue,2026-08-21T00:00:00.000Z,,a0Fg8000006qKpHEAU,Tubarao,Entregue ao destinatario.
LT77120379BR,Etiqueta Gerada,2026-08-28T21:00:00.000Z,,,,Pedido postado pelo embarcador.
LT77120379BR,Coleta Realizada,2026-08-29T07:00:00.000Z,,,,Coleta realizada.
LT77120379BR,Chegada ao SC,2026-08-29T18:00:00.000Z,PR SJS,,,
LT77120379BR,Triagem no SC,2026-08-29T20:00:00.000Z,PR SJS,,,
LT77120379BR,Saida do SC (Transferencia),2026-08-30T06:00:00.000Z,PR SJS,,,
LT77120380BR,Etiqueta Gerada,2026-08-28T15:00:00.000Z,,,,Pedido postado pelo embarcador.
LT77120380BR,Coleta Realizada,2026-08-28T22:00:00.000Z,,,,Coleta realizada.
LT77120380BR,Chegada ao SC,2026-08-29T06:00:00.000Z,SC BNU,,,
LT77120380BR,Triagem no SC,2026-08-29T08:00:00.000Z,SC BNU,,,
LT77120380BR,Saida do SC (Transferencia),2026-08-29T22:00:00.000Z,SC BNU,,,
LT77120380BR,Chegada a Base,2026-08-30T16:00:00.000Z,CCM-SC,,,
LT77120380BR,Triagem na Base,2026-08-30T19:00:00.000Z,CCM-SC,,,
LT77120380BR,Bipado para Rota,2026-08-30T19:30:00.000Z,CCM-SC,a0Fg8000006qKorEAE,,
LT77120380BR,Saiu para Entrega,2026-08-30T20:00:00.000Z,,a0Fg8000006qKorEAE,Chapeco,
LT77120380BR,Entregue,2026-08-31T06:00:00.000Z,,a0Fg8000006qKorEAE,Chapeco,Entregue ao destinatario.
LT77120381BR,Etiqueta Gerada,2026-08-20T22:00:00.000Z,,,,Pedido postado pelo embarcador.
LT77120381BR,Coleta Realizada,2026-08-21T12:00:00.000Z,,,,Coleta realizada.
LT77120381BR,Chegada ao SC,2026-08-21T21:00:00.000Z,SC BNU,,,
LT77120381BR,Triagem no SC,2026-08-21T23:00:00.000Z,SC BNU,,,
LT77120381BR,Saida do SC (Transferencia),2026-08-22T07:00:00.000Z,SC BNU,,,
LT77120381BR,Chegada a Base,2026-08-23T04:00:00.000Z,F JOI-SC,,,
LT77120381BR,Triagem na Base,2026-08-23T07:00:00.000Z,F JOI-SC,,,
LT77120381BR,Bipado para Rota,2026-08-23T17:30:00.000Z,F JOI-SC,a0Fg8000006qKp4EAE,,
LT77120381BR,Saiu para Entrega,2026-08-23T18:00:00.000Z,,a0Fg8000006qKp4EAE,Balneario Camboriu,
LT77120381BR,Entregue,2026-08-24T03:00:00.000Z,,a0Fg8000006qKp4EAE,Balneario Camboriu,Entregue ao destinatario.
LT77120382BR,Etiqueta Gerada,2026-08-29T21:00:00.000Z,,,,Pedido postado pelo embarcador.
LT77120382BR,Coleta Realizada,2026-08-30T15:00:00.000Z,,,,Coleta realizada.
LT77120382BR,Chegada ao SC,2026-08-31T17:00:00.000Z,SC BNU,,,
LT77120382BR,Triagem no SC,2026-08-31T19:00:00.000Z,SC BNU,,,
LT77120382BR,Saida do SC (Transferencia),2026-08-31T21:00:00.000Z,SC BNU,,,
LT77120382BR,Chegada a Base,2026-09-01T20:00:00.000Z,TUB-SC,,,
LT77120382BR,Triagem na Base,2026-09-01T23:00:00.000Z,TUB-SC,,,
LT77120382BR,Bipado para Rota,2026-09-02T03:30:00.000Z,TUB-SC,a0Fg8000006qKp3EAE,,
LT77120382BR,Saiu para Entrega,2026-09-02T04:00:00.000Z,,a0Fg8000006qKp3EAE,Lages,
LT77120383BR,Etiqueta Gerada,2026-08-24T03:00:00.000Z,,,,Pedido postado pelo embarcador.
LT77120383BR,Coleta Realizada,2026-08-25T05:00:00.000Z,,,,Coleta realizada.
LT77120383BR,Chegada ao SC,2026-08-26T21:00:00.000Z,SC BNU,,,
LT77120383BR,Triagem no SC,2026-08-26T23:00:00.000Z,SC BNU,,,
LT77120383BR,Saida do SC (Transferencia),2026-08-27T16:00:00.000Z,SC BNU,,,
LT77120383BR,Chegada a Base,2026-08-27T23:00:00.000Z,F BLU-SC,,,
LT77120383BR,Triagem na Base,2026-08-28T02:00:00.000Z,F BLU-SC,,,
LT77120383BR,Bipado para Rota,2026-08-28T08:30:00.000Z,F BLU-SC,a0Fg8000006qKp6EAE,,
LT77120383BR,Saiu para Entrega,2026-08-28T09:00:00.000Z,,a0Fg8000006qKp6EAE,Chapeco,
LT77120383BR,Entregue,2026-08-28T15:00:00.000Z,,a0Fg8000006qKp6EAE,Chapeco,Entregue ao destinatario.
LT77120384BR,Etiqueta Gerada,2026-08-10T22:00:00.000Z,,,,Pedido postado pelo embarcador.
LT77120384BR,Coleta Realizada,2026-08-11T08:00:00.000Z,,,,Coleta realizada.
LT77120384BR,Chegada ao SC,2026-08-11T21:00:00.000Z,SC BNU,,,
LT77120384BR,Triagem no SC,2026-08-11T23:00:00.000Z,SC BNU,,,
LT77120384BR,Saida do SC (Transferencia),2026-08-12T00:00:00.000Z,SC BNU,,,
LT77120384BR,Chegada a Base,2026-08-12T11:00:00.000Z,F BLU-SC,,,
LT77120384BR,Triagem na Base,2026-08-12T14:00:00.000Z,F BLU-SC,,,
LT77120384BR,Bipado para Rota,2026-08-12T23:30:00.000Z,F BLU-SC,a0Fg8000006qKp6EAE,,
LT77120384BR,Saiu para Entrega,2026-08-13T00:00:00.000Z,,a0Fg8000006qKp6EAE,Chapeco,
LT77120384BR,Entregue,2026-08-13T07:00:00.000Z,,a0Fg8000006qKp6EAE,Chapeco,Entregue ao destinatario.
LT77120385BR,Etiqueta Gerada,2026-08-08T00:00:00.000Z,,,,Pedido postado pelo embarcador.
LT77120385BR,Coleta Realizada,2026-08-08T22:00:00.000Z,,,,Coleta realizada.
LT77120385BR,Chegada ao SC,2026-08-09T10:00:00.000Z,RS NSR,,,
LT77120385BR,Triagem no SC,2026-08-09T12:00:00.000Z,RS NSR,,,
LT77120385BR,Saida do SC (Transferencia),2026-08-10T02:00:00.000Z,RS NSR,,,
LT77120385BR,Chegada a Base,2026-08-10T22:00:00.000Z,CXJ-RS,,,
LT77120385BR,Triagem na Base,2026-08-11T01:00:00.000Z,CXJ-RS,,,
LT77120385BR,Bipado para Rota,2026-08-11T08:30:00.000Z,CXJ-RS,a0Fg8000006qKosEAE,,
LT77120385BR,Saiu para Entrega,2026-08-11T09:00:00.000Z,,a0Fg8000006qKosEAE,Caxias do Sul,
LT77120385BR,Entregue,2026-08-11T12:00:00.000Z,,a0Fg8000006qKosEAE,Caxias do Sul,Entregue ao destinatario.
LT77120386BR,Etiqueta Gerada,2026-07-30T14:00:00.000Z,,,,Pedido postado pelo embarcador.
LT77120386BR,Coleta Realizada,2026-07-31T06:00:00.000Z,,,,Coleta realizada.
LT77120386BR,Chegada ao SC,2026-08-01T16:00:00.000Z,PR SJS,,,
LT77120386BR,Triagem no SC,2026-08-01T18:00:00.000Z,PR SJS,,,
LT77120386BR,Saida do SC (Transferencia),2026-08-01T22:00:00.000Z,PR SJS,,,
LT77120386BR,Chegada a Base,2026-08-02T12:00:00.000Z,ARP-PR,,,
LT77120386BR,Triagem na Base,2026-08-02T15:00:00.000Z,ARP-PR,,,
LT77120386BR,Bipado para Rota,2026-08-02T23:30:00.000Z,ARP-PR,a0Fg8000006qKpJEAU,,
LT77120386BR,Saiu para Entrega,2026-08-03T00:00:00.000Z,,a0Fg8000006qKpJEAU,Guarapuava,
LT77120386BR,Recusado pelo Destinatario,2026-08-03T02:00:00.000Z,,a0Fg8000006qKpJEAU,,
LT77120386BR,Devolucao Iniciada,2026-08-04T02:00:00.000Z,ARP-PR,,,
LT77120387BR,Etiqueta Gerada,2026-08-28T02:00:00.000Z,,,,Pedido postado pelo embarcador.
LT77120387BR,Coleta Realizada,2026-08-28T21:00:00.000Z,,,,Coleta realizada.
LT77120387BR,Chegada ao SC,2026-08-29T06:00:00.000Z,PR SJS,,,
LT77120387BR,Triagem no SC,2026-08-29T08:00:00.000Z,PR SJS,,,
LT77120387BR,Saida do SC (Transferencia),2026-08-29T12:00:00.000Z,PR SJS,,,
LT77120387BR,Chegada a Base,2026-08-29T22:00:00.000Z,ALM-PR,,,
LT77120387BR,Triagem na Base,2026-08-30T01:00:00.000Z,ALM-PR,,,
LT77120387BR,Bipado para Rota,2026-08-30T10:30:00.000Z,ALM-PR,a0Fg8000006qKp5EAE,,
LT77120387BR,Saiu para Entrega,2026-08-30T11:00:00.000Z,,a0Fg8000006qKp5EAE,Cascavel,
LT77120387BR,Entregue,2026-08-30T16:00:00.000Z,,a0Fg8000006qKp5EAE,Cascavel,Entregue ao destinatario.
LT77120388BR,Etiqueta Gerada,2026-09-03T01:00:00.000Z,,,,Pedido postado pelo embarcador.
LT77120388BR,Coleta Realizada,2026-09-03T21:00:00.000Z,,,,Coleta realizada.
LT77120388BR,Chegada ao SC,2026-09-04T21:00:00.000Z,SC BNU,,,
LT77120388BR,Triagem no SC,2026-09-04T23:00:00.000Z,SC BNU,,,
LT77120388BR,Saida do SC (Transferencia),2026-09-05T10:00:00.000Z,SC BNU,,,
LT77120388BR,Chegada a Base,2026-09-06T09:00:00.000Z,F BLU-SC,,,
LT77120388BR,Triagem na Base,2026-09-06T12:00:00.000Z,F BLU-SC,,,
LT77120388BR,Bipado para Rota,2026-09-06T10:30:00.000Z,F BLU-SC,a0Fg8000006qKp6EAE,,
LT77120388BR,Saiu para Entrega,2026-09-06T11:00:00.000Z,,a0Fg8000006qKp6EAE,Joinville,
LT77120389BR,Etiqueta Gerada,2026-08-24T10:00:00.000Z,,,,Pedido postado pelo embarcador.
LT77120389BR,Coleta Realizada,2026-08-24T19:00:00.000Z,,,,Coleta realizada.
LT77120389BR,Chegada ao SC,2026-08-25T16:00:00.000Z,SC BNU,,,
LT77120389BR,Triagem no SC,2026-08-25T18:00:00.000Z,SC BNU,,,
LT77120390BR,Etiqueta Gerada,2026-08-03T23:00:00.000Z,,,,Pedido postado pelo embarcador.
LT77120390BR,Coleta Realizada,2026-08-04T06:00:00.000Z,,,,Coleta realizada.
LT77120390BR,Chegada ao SC,2026-08-05T06:00:00.000Z,PR SJS,,,
LT77120390BR,Triagem no SC,2026-08-05T08:00:00.000Z,PR SJS,,,
LT77120390BR,Saida do SC (Transferencia),2026-08-05T09:00:00.000Z,PR SJS,,,
LT77120390BR,Chegada a Base,2026-08-05T15:00:00.000Z,ARP-PR,,,
LT77120391BR,Etiqueta Gerada,2026-08-06T04:00:00.000Z,,,,Pedido postado pelo embarcador.
LT77120391BR,Coleta Realizada,2026-08-07T07:00:00.000Z,,,,Coleta realizada.
LT77120391BR,Chegada ao SC,2026-08-08T22:00:00.000Z,RS NSR,,,
LT77120391BR,Triagem no SC,2026-08-09T00:00:00.000Z,RS NSR,,,
LT77120391BR,Saida do SC (Transferencia),2026-08-09T01:00:00.000Z,RS NSR,,,
LT77120391BR,Chegada a Base,2026-08-09T16:00:00.000Z,CXJ-RS,,,
LT77120391BR,Triagem na Base,2026-08-09T19:00:00.000Z,CXJ-RS,,,
LT77120391BR,Bipado para Rota,2026-08-09T22:30:00.000Z,CXJ-RS,a0Fg8000006qKosEAE,,
LT77120391BR,Saiu para Entrega,2026-08-09T23:00:00.000Z,,a0Fg8000006qKosEAE,Novo Hamburgo,
LT77120391BR,Entregue,2026-08-10T00:00:00.000Z,,a0Fg8000006qKosEAE,Novo Hamburgo,Entregue ao destinatario.
LT77120392BR,Etiqueta Gerada,2026-08-06T00:00:00.000Z,,,,Pedido postado pelo embarcador.
LT77120392BR,Coleta Realizada,2026-08-07T01:00:00.000Z,,,,Coleta realizada.
LT77120392BR,Chegada ao SC,2026-08-08T16:00:00.000Z,RS NSR,,,
LT77120392BR,Triagem no SC,2026-08-08T18:00:00.000Z,RS NSR,,,
LT77120392BR,Saida do SC (Transferencia),2026-08-09T09:00:00.000Z,RS NSR,,,
LT77120392BR,Chegada a Base,2026-08-09T14:00:00.000Z,F CNS-RS,,,
LT77120392BR,Triagem na Base,2026-08-09T17:00:00.000Z,F CNS-RS,,,
LT77120392BR,Bipado para Rota,2026-08-09T20:30:00.000Z,F CNS-RS,a0Fg8000006qKpKEAU,,
LT77120392BR,Saiu para Entrega,2026-08-09T21:00:00.000Z,,a0Fg8000006qKpKEAU,Novo Hamburgo,
LT77120392BR,Entregue,2026-08-10T01:00:00.000Z,,a0Fg8000006qKpKEAU,Novo Hamburgo,Entregue ao destinatario.
LT77120393BR,Etiqueta Gerada,2026-08-03T19:00:00.000Z,,,,Pedido postado pelo embarcador.
LT77120393BR,Coleta Realizada,2026-08-04T13:00:00.000Z,,,,Coleta realizada.
LT77120393BR,Chegada ao SC,2026-08-04T19:00:00.000Z,RS NSR,,,
LT77120393BR,Triagem no SC,2026-08-04T21:00:00.000Z,RS NSR,,,
LT77120393BR,Saida do SC (Transferencia),2026-08-05T08:00:00.000Z,RS NSR,,,
LT77120393BR,Chegada a Base,2026-08-06T05:00:00.000Z,F CNS-RS,,,
LT77120393BR,Triagem na Base,2026-08-06T08:00:00.000Z,F CNS-RS,,,
LT77120393BR,Bipado para Rota,2026-08-06T17:30:00.000Z,F CNS-RS,a0Fg8000006qKpKEAU,,
LT77120393BR,Saiu para Entrega,2026-08-06T18:00:00.000Z,,a0Fg8000006qKpKEAU,Rio Grande,
LT77120393BR,Entregue,2026-08-06T19:00:00.000Z,,a0Fg8000006qKpKEAU,Rio Grande,Entregue ao destinatario.
LT77120394BR,Etiqueta Gerada,2026-08-26T00:00:00.000Z,,,,Pedido postado pelo embarcador.
LT77120394BR,Coleta Realizada,2026-08-27T02:00:00.000Z,,,,Coleta realizada.
LT77120394BR,Chegada ao SC,2026-08-27T12:00:00.000Z,PR SJS,,,
LT77120394BR,Triagem no SC,2026-08-27T14:00:00.000Z,PR SJS,,,
LT77120394BR,Saida do SC (Transferencia),2026-08-28T08:00:00.000Z,PR SJS,,,
LT77120394BR,Chegada a Base,2026-08-29T02:00:00.000Z,ARP-PR,,,
LT77120394BR,Triagem na Base,2026-08-29T05:00:00.000Z,ARP-PR,,,
LT77120394BR,Bipado para Rota,2026-08-29T07:30:00.000Z,ARP-PR,a0Fg8000006qKooEAE,,
LT77120394BR,Saiu para Entrega,2026-08-29T08:00:00.000Z,,a0Fg8000006qKooEAE,Apucarana,
LT77120394BR,Entregue,2026-08-29T18:00:00.000Z,,a0Fg8000006qKooEAE,Apucarana,Entregue ao destinatario.
LT77120395BR,Etiqueta Gerada,2026-07-29T14:00:00.000Z,,,,Pedido postado pelo embarcador.
LT77120395BR,Coleta Realizada,2026-07-30T18:00:00.000Z,,,,Coleta realizada.
LT77120395BR,Chegada ao SC,2026-07-31T18:00:00.000Z,RS NSR,,,
LT77120395BR,Triagem no SC,2026-07-31T20:00:00.000Z,RS NSR,,,
LT77120395BR,Saida do SC (Transferencia),2026-08-01T13:00:00.000Z,RS NSR,,,
LT77120395BR,Chegada a Base,2026-08-01T18:00:00.000Z,F PET-RS,,,
LT77120395BR,Triagem na Base,2026-08-01T21:00:00.000Z,F PET-RS,,,
LT77120395BR,Retido,2026-08-03T10:00:00.000Z,F PET-RS,,,Passou do prazo de entrega sem sucesso.
LT77120396BR,Etiqueta Gerada,2026-08-25T19:00:00.000Z,,,,Pedido postado pelo embarcador.
LT77120396BR,Coleta Realizada,2026-08-26T21:00:00.000Z,,,,Coleta realizada.
LT77120396BR,Chegada ao SC,2026-08-28T02:00:00.000Z,SC BNU,,,
LT77120396BR,Triagem no SC,2026-08-28T04:00:00.000Z,SC BNU,,,
LT77120396BR,Saida do SC (Transferencia),2026-08-28T05:00:00.000Z,SC BNU,,,
LT77120396BR,Chegada a Base,2026-08-28T13:00:00.000Z,F JOI-SC,,,
LT77120396BR,Triagem na Base,2026-08-28T16:00:00.000Z,F JOI-SC,,,
LT77120396BR,Bipado para Rota,2026-08-28T20:30:00.000Z,F JOI-SC,a0Fg8000006qKp4EAE,,
LT77120396BR,Saiu para Entrega,2026-08-28T21:00:00.000Z,,a0Fg8000006qKp4EAE,Palhoca,
LT77120396BR,Entregue,2026-08-29T00:00:00.000Z,,a0Fg8000006qKp4EAE,Palhoca,Entregue ao destinatario.
LT77120397BR,Etiqueta Gerada,2026-08-18T01:00:00.000Z,,,,Pedido postado pelo embarcador.
LT77120397BR,Coleta Realizada,2026-08-18T23:00:00.000Z,,,,Coleta realizada.
LT77120397BR,Chegada ao SC,2026-08-19T15:00:00.000Z,RS NSR,,,
LT77120397BR,Triagem no SC,2026-08-19T17:00:00.000Z,RS NSR,,,
LT77120397BR,Saida do SC (Transferencia),2026-08-19T18:00:00.000Z,RS NSR,,,
LT77120397BR,Chegada a Base,2026-08-20T01:00:00.000Z,CXJ-RS,,,
LT77120397BR,Triagem na Base,2026-08-20T04:00:00.000Z,CXJ-RS,,,
LT77120397BR,Sem Movimentacao Detectada,2026-09-06T02:00:00.000Z,CXJ-RS,,,Sem atualizacao ha mais de 6 horas.
LT77120398BR,Etiqueta Gerada,2026-09-01T01:00:00.000Z,,,,Pedido postado pelo embarcador.
LT77120398BR,Coleta Realizada,2026-09-01T11:00:00.000Z,,,,Coleta realizada.
LT77120398BR,Chegada ao SC,2026-09-02T14:00:00.000Z,PR SJS,,,
LT77120398BR,Triagem no SC,2026-09-02T16:00:00.000Z,PR SJS,,,
LT77120398BR,Saida do SC (Transferencia),2026-09-02T18:00:00.000Z,PR SJS,,,
LT77120398BR,Chegada a Base,2026-09-03T03:00:00.000Z,ARP-PR,,,
LT77120398BR,Triagem na Base,2026-09-03T06:00:00.000Z,ARP-PR,,,
LT77120398BR,Bipado para Rota,2026-09-03T09:30:00.000Z,ARP-PR,a0Fg8000006qKooEAE,,
LT77120398BR,Saiu para Entrega,2026-09-03T10:00:00.000Z,,a0Fg8000006qKooEAE,Toledo,
LT77120398BR,Entregue,2026-09-03T20:00:00.000Z,,a0Fg8000006qKooEAE,Toledo,Entregue ao destinatario.
LT77120399BR,Etiqueta Gerada,2026-08-20T06:00:00.000Z,,,,Pedido postado pelo embarcador.
LT77120399BR,Coleta Realizada,2026-08-21T04:00:00.000Z,,,,Coleta realizada.
LT77120399BR,Chegada ao SC,2026-08-21T19:00:00.000Z,SC BNU,,,
LT77120399BR,Triagem no SC,2026-08-21T21:00:00.000Z,SC BNU,,,
LT77120399BR,Saida do SC (Transferencia),2026-08-22T13:00:00.000Z,SC BNU,,,
LT77120399BR,Chegada a Base,2026-08-22T18:00:00.000Z,TUB-SC,,,
LT77120399BR,Triagem na Base,2026-08-22T21:00:00.000Z,TUB-SC,,,
LT77120399BR,Bipado para Rota,2026-08-23T06:30:00.000Z,TUB-SC,a0Fg8000006qKp3EAE,,
LT77120399BR,Saiu para Entrega,2026-08-23T07:00:00.000Z,,a0Fg8000006qKp3EAE,Palhoca,
LT77120400BR,Etiqueta Gerada,2026-08-10T21:00:00.000Z,,,,Pedido postado pelo embarcador.
LT77120400BR,Coleta Realizada,2026-08-11T09:00:00.000Z,,,,Coleta realizada.
LT77120400BR,Chegada ao SC,2026-08-11T20:00:00.000Z,RS NSR,,,
LT77120400BR,Triagem no SC,2026-08-11T22:00:00.000Z,RS NSR,,,
LT77120400BR,Saida do SC (Transferencia),2026-08-12T09:00:00.000Z,RS NSR,,,
LT77120400BR,Chegada a Base,2026-08-12T20:00:00.000Z,CXJ-RS,,,
LT77120400BR,Triagem na Base,2026-08-12T23:00:00.000Z,CXJ-RS,,,
LT77120400BR,Bipado para Rota,2026-08-13T09:30:00.000Z,CXJ-RS,a0Fg8000006qKosEAE,,
LT77120400BR,Saiu para Entrega,2026-08-13T10:00:00.000Z,,a0Fg8000006qKosEAE,Novo Hamburgo,
LT77120400BR,Destinatario Ausente,2026-08-13T17:00:00.000Z,,a0Fg8000006qKosEAE,,Sem sucesso na entrega. Nova tentativa agendada.
LT77120401BR,Etiqueta Gerada,2026-08-28T09:00:00.000Z,,,,Pedido postado pelo embarcador.
LT77120401BR,Coleta Realizada,2026-08-29T12:00:00.000Z,,,,Coleta realizada.
LT77120401BR,Chegada ao SC,2026-08-30T22:00:00.000Z,RS NSR,,,
LT77120401BR,Triagem no SC,2026-08-31T00:00:00.000Z,RS NSR,,,
LT77120401BR,Saida do SC (Transferencia),2026-08-31T07:00:00.000Z,RS NSR,,,
LT77120401BR,Chegada a Base,2026-08-31T14:00:00.000Z,F PET-RS,,,
LT77120401BR,Triagem na Base,2026-08-31T17:00:00.000Z,F PET-RS,,,
LT77120401BR,Sem Movimentacao Detectada,2026-09-05T20:00:00.000Z,F PET-RS,,,Sem atualizacao ha mais de 6 horas.
LT77120402BR,Etiqueta Gerada,2026-08-15T18:00:00.000Z,,,,Pedido postado pelo embarcador.
LT77120402BR,Coleta Realizada,2026-08-16T04:00:00.000Z,,,,Coleta realizada.
LT77120402BR,Chegada ao SC,2026-08-17T00:00:00.000Z,SC BNU,,,
LT77120402BR,Triagem no SC,2026-08-17T02:00:00.000Z,SC BNU,,,
LT77120402BR,Saida do SC (Transferencia),2026-08-17T07:00:00.000Z,SC BNU,,,
LT77120402BR,Chegada a Base,2026-08-18T02:00:00.000Z,SJE-SC,,,
LT77120402BR,Triagem na Base,2026-08-18T05:00:00.000Z,SJE-SC,,,
LT77120402BR,Bipado para Rota,2026-08-18T13:30:00.000Z,SJE-SC,a0Fg8000006qKpHEAU,,
LT77120402BR,Saiu para Entrega,2026-08-18T14:00:00.000Z,,a0Fg8000006qKpHEAU,Jaragua do Sul,
LT77120402BR,Entregue,2026-08-18T23:00:00.000Z,,a0Fg8000006qKpHEAU,Jaragua do Sul,Entregue ao destinatario.
LT77120403BR,Etiqueta Gerada,2026-08-02T15:00:00.000Z,,,,Pedido postado pelo embarcador.
LT77120403BR,Coleta Realizada,2026-08-03T02:00:00.000Z,,,,Coleta realizada.
LT77120403BR,Chegada ao SC,2026-08-04T08:00:00.000Z,RS NSR,,,
LT77120403BR,Triagem no SC,2026-08-04T10:00:00.000Z,RS NSR,,,
LT77120403BR,Saida do SC (Transferencia),2026-08-04T19:00:00.000Z,RS NSR,,,
LT77120403BR,Chegada a Base,2026-08-05T03:00:00.000Z,F PET-RS,,,
LT77120403BR,Triagem na Base,2026-08-05T06:00:00.000Z,F PET-RS,,,
LT77120403BR,Bipado para Rota,2026-08-05T11:30:00.000Z,F PET-RS,a0Fg8000006qKowEAE,,
LT77120403BR,Saiu para Entrega,2026-08-05T12:00:00.000Z,,a0Fg8000006qKowEAE,Rio Grande,
LT77120403BR,Entregue,2026-08-05T15:00:00.000Z,,a0Fg8000006qKowEAE,Rio Grande,Entregue ao destinatario.
LT77120404BR,Etiqueta Gerada,2026-07-31T03:00:00.000Z,,,,Pedido postado pelo embarcador.
LT77120404BR,Coleta Realizada,2026-08-01T05:00:00.000Z,,,,Coleta realizada.
LT77120404BR,Chegada ao SC,2026-08-02T17:00:00.000Z,PR SJS,,,
LT77120404BR,Triagem no SC,2026-08-02T19:00:00.000Z,PR SJS,,,
LT77120404BR,Saida do SC (Transferencia),2026-08-03T09:00:00.000Z,PR SJS,,,
LT77120404BR,Chegada a Base,2026-08-03T17:00:00.000Z,ARP-PR,,,
LT77120404BR,Triagem na Base,2026-08-03T20:00:00.000Z,ARP-PR,,,
LT77120404BR,Bipado para Rota,2026-08-04T02:30:00.000Z,ARP-PR,a0Fg8000006qKooEAE,,
LT77120404BR,Saiu para Entrega,2026-08-04T03:00:00.000Z,,a0Fg8000006qKooEAE,Toledo,
LT77120404BR,Entregue,2026-08-04T06:00:00.000Z,,a0Fg8000006qKooEAE,Toledo,Entregue ao destinatario.
LT77120405BR,Etiqueta Gerada,2026-08-26T15:00:00.000Z,,,,Pedido postado pelo embarcador.
LT77120405BR,Coleta Realizada,2026-08-27T13:00:00.000Z,,,,Coleta realizada.
LT77120405BR,Chegada ao SC,2026-08-28T19:00:00.000Z,RS NSR,,,
LT77120405BR,Triagem no SC,2026-08-28T21:00:00.000Z,RS NSR,,,
LT77120405BR,Saida do SC (Transferencia),2026-08-29T12:00:00.000Z,RS NSR,,,
LT77120405BR,Chegada a Base,2026-08-30T01:00:00.000Z,CXJ-RS,,,
LT77120405BR,Triagem na Base,2026-08-30T04:00:00.000Z,CXJ-RS,,,
LT77120405BR,Retido,2026-08-31T07:00:00.000Z,CXJ-RS,,,Passou do prazo de entrega sem sucesso.
LT77120406BR,Etiqueta Gerada,2026-08-03T19:00:00.000Z,,,,Pedido postado pelo embarcador.
LT77120406BR,Coleta Realizada,2026-08-04T10:00:00.000Z,,,,Coleta realizada.
LT77120406BR,Chegada ao SC,2026-08-05T19:00:00.000Z,RS NSR,,,
LT77120406BR,Triagem no SC,2026-08-05T21:00:00.000Z,RS NSR,,,
LT77120406BR,Saida do SC (Transferencia),2026-08-06T07:00:00.000Z,RS NSR,,,
LT77120406BR,Chegada a Base,2026-08-06T20:00:00.000Z,POA-RS,,,
LT77120406BR,Triagem na Base,2026-08-06T23:00:00.000Z,POA-RS,,,
LT77120406BR,Bipado para Rota,2026-08-06T23:30:00.000Z,POA-RS,a0Fg8000006qKp7EAE,,
LT77120406BR,Saiu para Entrega,2026-08-07T00:00:00.000Z,,a0Fg8000006qKp7EAE,Caxias do Sul,
LT77120406BR,Entregue,2026-08-07T04:00:00.000Z,,a0Fg8000006qKp7EAE,Caxias do Sul,Entregue ao destinatario.
LT77120407BR,Etiqueta Gerada,2026-09-02T12:00:00.000Z,,,,Pedido postado pelo embarcador.
LT77120407BR,Coleta Realizada,2026-09-03T17:00:00.000Z,,,,Coleta realizada.
LT77120407BR,Chegada ao SC,2026-09-04T12:00:00.000Z,SC BNU,,,
LT77120407BR,Triagem no SC,2026-09-04T14:00:00.000Z,SC BNU,,,
LT77120407BR,Saida do SC (Transferencia),2026-09-04T20:00:00.000Z,SC BNU,,,
LT77120407BR,Chegada a Base,2026-09-05T16:00:00.000Z,CCM-SC,,,
LT77120407BR,Triagem na Base,2026-09-05T19:00:00.000Z,CCM-SC,,,
LT77120407BR,Bipado para Rota,2026-09-06T05:30:00.000Z,CCM-SC,a0Fg8000006qKpIEAU,,
LT77120407BR,Saiu para Entrega,2026-09-06T06:00:00.000Z,,a0Fg8000006qKpIEAU,Jaragua do Sul,
LT77120407BR,Entregue,2026-09-06T11:00:00.000Z,,a0Fg8000006qKpIEAU,Jaragua do Sul,Entregue ao destinatario.
LT77120408BR,Etiqueta Gerada,2026-08-18T14:00:00.000Z,,,,Pedido postado pelo embarcador.
LT77120408BR,Coleta Realizada,2026-08-19T01:00:00.000Z,,,,Coleta realizada.
LT77120408BR,Chegada ao SC,2026-08-19T23:00:00.000Z,RS NSR,,,
LT77120408BR,Triagem no SC,2026-08-20T01:00:00.000Z,RS NSR,,,
LT77120408BR,Saida do SC (Transferencia),2026-08-20T13:00:00.000Z,RS NSR,,,
LT77120408BR,Chegada a Base,2026-08-21T02:00:00.000Z,CXJ-RS,,,
LT77120408BR,Triagem na Base,2026-08-21T05:00:00.000Z,CXJ-RS,,,
LT77120408BR,Retido,2026-08-22T21:00:00.000Z,CXJ-RS,,,Passou do prazo de entrega sem sucesso.
LT77120409BR,Etiqueta Gerada,2026-07-31T11:00:00.000Z,,,,Pedido postado pelo embarcador.
LT77120409BR,Coleta Realizada,2026-08-01T05:00:00.000Z,,,,Coleta realizada.
LT77120409BR,Chegada ao SC,2026-08-02T00:00:00.000Z,PR SJS,,,
LT77120409BR,Triagem no SC,2026-08-02T02:00:00.000Z,PR SJS,,,
LT77120409BR,Saida do SC (Transferencia),2026-08-02T17:00:00.000Z,PR SJS,,,
LT77120409BR,Chegada a Base,2026-08-02T21:00:00.000Z,ALM-PR,,,
LT77120409BR,Triagem na Base,2026-08-03T00:00:00.000Z,ALM-PR,,,
LT77120409BR,Bipado para Rota,2026-08-03T09:30:00.000Z,ALM-PR,a0Fg8000006qKp5EAE,,
LT77120409BR,Saiu para Entrega,2026-08-03T10:00:00.000Z,,a0Fg8000006qKp5EAE,Sao Jose dos Pinhais,
LT77120409BR,Entregue,2026-08-03T11:00:00.000Z,,a0Fg8000006qKp5EAE,Sao Jose dos Pinhais,Entregue ao destinatario.
LT77120410BR,Etiqueta Gerada,2026-08-01T12:00:00.000Z,,,,Pedido postado pelo embarcador.
LT77120410BR,Coleta Realizada,2026-08-01T19:00:00.000Z,,,,Coleta realizada.
LT77120410BR,Chegada ao SC,2026-08-02T04:00:00.000Z,SC BNU,,,
LT77120410BR,Triagem no SC,2026-08-02T06:00:00.000Z,SC BNU,,,
LT77120410BR,Saida do SC (Transferencia),2026-08-02T10:00:00.000Z,SC BNU,,,
LT77120410BR,Chegada a Base,2026-08-02T18:00:00.000Z,F JOI-SC,,,
LT77120410BR,Triagem na Base,2026-08-02T21:00:00.000Z,F JOI-SC,,,
LT77120410BR,Bipado para Rota,2026-08-03T00:30:00.000Z,F JOI-SC,a0Fg8000006qKp4EAE,,
LT77120410BR,Saiu para Entrega,2026-08-03T01:00:00.000Z,,a0Fg8000006qKp4EAE,Itajai,
LT77120410BR,Entregue,2026-08-03T07:00:00.000Z,,a0Fg8000006qKp4EAE,Itajai,Entregue ao destinatario.
LT77120411BR,Etiqueta Gerada,2026-09-03T00:00:00.000Z,,,,Pedido postado pelo embarcador.
LT77120411BR,Coleta Realizada,2026-09-04T02:00:00.000Z,,,,Coleta realizada.
LT77120411BR,Chegada ao SC,2026-09-05T13:00:00.000Z,RS NSR,,,
LT77120411BR,Triagem no SC,2026-09-05T15:00:00.000Z,RS NSR,,,
LT77120411BR,Saida do SC (Transferencia),2026-09-05T23:00:00.000Z,RS NSR,,,
LT77120411BR,Chegada a Base,2026-09-06T18:00:00.000Z,F PET-RS,,,
LT77120411BR,Triagem na Base,2026-09-06T21:00:00.000Z,F PET-RS,,,
LT77120411BR,Bipado para Rota,2026-09-06T21:30:00.000Z,F PET-RS,a0Fg8000006qKowEAE,,
LT77120411BR,Saiu para Entrega,2026-09-06T22:00:00.000Z,,a0Fg8000006qKowEAE,Santa Maria,
LT77120411BR,Entregue,2026-09-07T07:00:00.000Z,,a0Fg8000006qKowEAE,Santa Maria,Entregue ao destinatario.
LT77120412BR,Etiqueta Gerada,2026-08-10T02:00:00.000Z,,,,Pedido postado pelo embarcador.
LT77120412BR,Coleta Realizada,2026-08-10T21:00:00.000Z,,,,Coleta realizada.
LT77120412BR,Chegada ao SC,2026-08-11T13:00:00.000Z,RS NSR,,,
LT77120412BR,Triagem no SC,2026-08-11T15:00:00.000Z,RS NSR,,,
LT77120412BR,Saida do SC (Transferencia),2026-08-12T04:00:00.000Z,RS NSR,,,
LT77120412BR,Chegada a Base,2026-08-13T00:00:00.000Z,CXJ-RS,,,
LT77120412BR,Triagem na Base,2026-08-13T03:00:00.000Z,CXJ-RS,,,
LT77120412BR,Retido,2026-08-14T10:00:00.000Z,CXJ-RS,,,Passou do prazo de entrega sem sucesso.
LT77120413BR,Etiqueta Gerada,2026-07-31T22:00:00.000Z,,,,Pedido postado pelo embarcador.
LT77120413BR,Coleta Realizada,2026-08-01T19:00:00.000Z,,,,Coleta realizada.
LT77120413BR,Chegada ao SC,2026-08-02T15:00:00.000Z,PR SJS,,,
LT77120413BR,Triagem no SC,2026-08-02T17:00:00.000Z,PR SJS,,,
LT77120413BR,Saida do SC (Transferencia),2026-08-03T10:00:00.000Z,PR SJS,,,
LT77120413BR,Chegada a Base,2026-08-03T18:00:00.000Z,F ARP-PR,,,
LT77120413BR,Triagem na Base,2026-08-03T21:00:00.000Z,F ARP-PR,,,
LT77120413BR,Bipado para Rota,2026-08-04T05:30:00.000Z,F ARP-PR,a0Fg8000006qKpEEAU,,
LT77120413BR,Saiu para Entrega,2026-08-04T06:00:00.000Z,,a0Fg8000006qKpEEAU,Toledo,
LT77120413BR,Entregue,2026-08-04T12:00:00.000Z,,a0Fg8000006qKpEEAU,Toledo,Entregue ao destinatario.
LT77120414BR,Etiqueta Gerada,2026-07-30T13:00:00.000Z,,,,Pedido postado pelo embarcador.
LT77120414BR,Coleta Realizada,2026-07-31T08:00:00.000Z,,,,Coleta realizada.
LT77120414BR,Chegada ao SC,2026-08-01T10:00:00.000Z,PR SJS,,,
LT77120414BR,Triagem no SC,2026-08-01T12:00:00.000Z,PR SJS,,,
LT77120414BR,Saida do SC (Transferencia),2026-08-01T15:00:00.000Z,PR SJS,,,
LT77120414BR,Chegada a Base,2026-08-02T12:00:00.000Z,F LOD-PR,,,
LT77120414BR,Triagem na Base,2026-08-02T15:00:00.000Z,F LOD-PR,,,
LT77120414BR,Bipado para Rota,2026-08-02T23:30:00.000Z,F LOD-PR,a0Fg8000006qKotEAE,,
LT77120414BR,Saiu para Entrega,2026-08-03T00:00:00.000Z,,a0Fg8000006qKotEAE,Apucarana,
LT77120414BR,Entregue,2026-08-03T03:00:00.000Z,,a0Fg8000006qKotEAE,Apucarana,Entregue ao destinatario.
LT77120415BR,Etiqueta Gerada,2026-08-21T17:00:00.000Z,,,,Pedido postado pelo embarcador.
LT77120415BR,Coleta Realizada,2026-08-22T00:00:00.000Z,,,,Coleta realizada.
LT77120415BR,Chegada ao SC,2026-08-22T08:00:00.000Z,SC BNU,,,
LT77120415BR,Triagem no SC,2026-08-22T10:00:00.000Z,SC BNU,,,
LT77120415BR,Saida do SC (Transferencia),2026-08-22T11:00:00.000Z,SC BNU,,,
LT77120415BR,Chegada a Base,2026-08-22T17:00:00.000Z,F JOI-SC,,,
LT77120415BR,Triagem na Base,2026-08-22T20:00:00.000Z,F JOI-SC,,,
LT77120415BR,Retido,2026-08-24T05:00:00.000Z,F JOI-SC,,,Passou do prazo de entrega sem sucesso.
LT77120416BR,Etiqueta Gerada,2026-08-30T16:00:00.000Z,,,,Pedido postado pelo embarcador.
LT77120416BR,Coleta Realizada,2026-08-31T10:00:00.000Z,,,,Coleta realizada.
LT77120416BR,Chegada ao SC,2026-09-01T21:00:00.000Z,PR SJS,,,
LT77120416BR,Triagem no SC,2026-09-01T23:00:00.000Z,PR SJS,,,
LT77120416BR,Saida do SC (Transferencia),2026-09-02T00:00:00.000Z,PR SJS,,,
LT77120416BR,Chegada a Base,2026-09-02T04:00:00.000Z,ARP-PR,,,
LT77120416BR,Triagem na Base,2026-09-02T07:00:00.000Z,ARP-PR,,,
LT77120416BR,Bipado para Rota,2026-09-02T13:30:00.000Z,ARP-PR,a0Fg8000006qKonEAE,,
LT77120416BR,Saiu para Entrega,2026-09-02T14:00:00.000Z,,a0Fg8000006qKonEAE,Guarapuava,
LT77120416BR,Entregue,2026-09-02T15:00:00.000Z,,a0Fg8000006qKonEAE,Guarapuava,Entregue ao destinatario.
LT77120417BR,Etiqueta Gerada,2026-08-01T12:00:00.000Z,,,,Pedido postado pelo embarcador.
LT77120417BR,Coleta Realizada,2026-08-01T22:00:00.000Z,,,,Coleta realizada.
LT77120417BR,Chegada ao SC,2026-08-02T12:00:00.000Z,PR SJS,,,
LT77120417BR,Triagem no SC,2026-08-02T14:00:00.000Z,PR SJS,,,
LT77120417BR,Saida do SC (Transferencia),2026-08-03T05:00:00.000Z,PR SJS,,,
LT77120417BR,Chegada a Base,2026-08-03T14:00:00.000Z,CLB-PR,,,
LT77120417BR,Triagem na Base,2026-08-03T17:00:00.000Z,CLB-PR,,,
LT77120418BR,Etiqueta Gerada,2026-08-18T10:00:00.000Z,,,,Pedido postado pelo embarcador.
LT77120418BR,Coleta Realizada,2026-08-19T15:00:00.000Z,,,,Coleta realizada.
LT77120418BR,Chegada ao SC,2026-08-20T11:00:00.000Z,RS NSR,,,
LT77120418BR,Triagem no SC,2026-08-20T13:00:00.000Z,RS NSR,,,
LT77120418BR,Saida do SC (Transferencia),2026-08-20T23:00:00.000Z,RS NSR,,,
LT77120419BR,Etiqueta Gerada,2026-07-28T17:00:00.000Z,,,,Pedido postado pelo embarcador.
LT77120419BR,Coleta Realizada,2026-07-28T22:00:00.000Z,,,,Coleta realizada.
LT77120419BR,Chegada ao SC,2026-07-29T15:00:00.000Z,SC BNU,,,
LT77120419BR,Triagem no SC,2026-07-29T17:00:00.000Z,SC BNU,,,
LT77120419BR,Saida do SC (Transferencia),2026-07-30T04:00:00.000Z,SC BNU,,,
LT77120419BR,Chegada a Base,2026-07-30T11:00:00.000Z,TUB-SC,,,
LT77120419BR,Triagem na Base,2026-07-30T14:00:00.000Z,TUB-SC,,,
LT77120419BR,Bipado para Rota,2026-07-30T18:30:00.000Z,TUB-SC,a0Fg8000006qKopEAE,,
LT77120419BR,Saiu para Entrega,2026-07-30T19:00:00.000Z,,a0Fg8000006qKopEAE,Florianopolis,
LT77120419BR,Entregue,2026-07-30T20:00:00.000Z,,a0Fg8000006qKopEAE,Florianopolis,Entregue ao destinatario.
LT77120420BR,Etiqueta Gerada,2026-07-30T20:00:00.000Z,,,,Pedido postado pelo embarcador.
LT77120420BR,Coleta Realizada,2026-07-31T17:00:00.000Z,,,,Coleta realizada.
LT77120420BR,Chegada ao SC,2026-08-02T07:00:00.000Z,RS NSR,,,
LT77120420BR,Triagem no SC,2026-08-02T09:00:00.000Z,RS NSR,,,
LT77120420BR,Saida do SC (Transferencia),2026-08-03T00:00:00.000Z,RS NSR,,,
LT77120420BR,Chegada a Base,2026-08-03T22:00:00.000Z,POA-RS,,,
LT77120420BR,Triagem na Base,2026-08-04T01:00:00.000Z,POA-RS,,,
LT77120420BR,Bipado para Rota,2026-08-03T23:30:00.000Z,POA-RS,a0Fg8000006qKp7EAE,,
LT77120420BR,Saiu para Entrega,2026-08-04T00:00:00.000Z,,a0Fg8000006qKp7EAE,Porto Alegre,
